,NUTS-3 Code,clim
0,AL011,Zone_5C Cool Marine
1,AL012,Zone_3A Warm Humid
2,AL013,Zone_5C Cool Marine
3,AL014,Zone_3A Warm Humid
4,AL015,Zone_6C Cold Marine
5,AL021,Zone_4C Mixed Marine
6,AL022,Zone_3A Warm Humid
7,AL031,Zone_4C Mixed Marine
8,AL032,Zone_3A Warm Humid
9,AL033,Zone_5C Cool Marine
10,AL034,Zone_5C Cool Marine
11,AL035,Zone_3A Warm Humid
12,AT111,Zone_5A Cool Humid
13,AT112,Zone_4A Mixed Humid
14,AT113,Zone_5A Cool Humid
15,AT121,Zone_5A Cool Humid
16,AT122,Zone_5A Cool Humid
17,AT123,Zone_5A Cool Humid
18,AT124,Zone_5A Cool Humid
19,AT125,Zone_5A Cool Humid
20,AT126,Zone_5A Cool Humid
21,AT127,Zone_4A Mixed Humid
22,AT130,Zone_4A Mixed Humid
23,AT211,Zone_6A Cold Humid
24,AT212,Zone_7A Very cold Humid
25,AT213,Zone_5A Cool Humid
26,AT221,Zone_6A Cold Humid
27,AT222,Zone_6A Cold Humid
28,AT223,Zone_6A Cold Humid
29,AT224,Zone_4A Mixed Humid
30,AT225,Zone_5A Cool Humid
31,AT226,Zone_6A Cold Humid
32,AT311,Zone_5A Cool Humid
33,AT312,Zone_5A Cool Humid
34,AT313,Zone_5A Cool Humid
35,AT314,Zone_6A Cold Humid
36,AT315,Zone_6A Cold Humid
37,AT321,Zone_7A Very cold Humid
38,AT322,Zone_7A Very cold Humid
39,AT323,Zone_6A Cold Humid
40,AT331,Zone_7A Very cold Humid
41,AT332,Zone_7A Very cold Humid
42,AT333,Zone_7A Very cold Humid
43,AT334,Zone_7A Very cold Humid
44,AT335,Zone_6A Cold Humid
45,AT341,Zone_6A Cold Humid
46,AT342,Zone_6A Cold Humid
47,BE100,Zone_4A Mixed Humid
48,BE211,Zone_4A Mixed Humid
49,BE212,Zone_4A Mixed Humid
50,BE213,Zone_4A Mixed Humid
51,BE223,Zone_4A Mixed Humid
52,BE224,Zone_4A Mixed Humid
53,BE225,Zone_4A Mixed Humid
54,BE231,Zone_4A Mixed Humid
55,BE232,Zone_4A Mixed Humid
56,BE233,Zone_4A Mixed Humid
57,BE234,Zone_4A Mixed Humid
58,BE235,Zone_4A Mixed Humid
59,BE236,Zone_4A Mixed Humid
60,BE241,Zone_4A Mixed Humid
61,BE242,Zone_4A Mixed Humid
62,BE251,Zone_4A Mixed Humid
63,BE252,Zone_4A Mixed Humid
64,BE253,Zone_4A Mixed Humid
65,BE254,Zone_4A Mixed Humid
66,BE255,Zone_4A Mixed Humid
67,BE256,Zone_4A Mixed Humid
68,BE257,Zone_4A Mixed Humid
69,BE258,Zone_4A Mixed Humid
70,BE310,Zone_4A Mixed Humid
71,BE323,Zone_4A Mixed Humid
72,BE328,Zone_4A Mixed Humid
73,BE329,Zone_4A Mixed Humid
74,BE32A,Zone_4A Mixed Humid
75,BE32B,Zone_5A Cool Humid
76,BE32C,Zone_4A Mixed Humid
77,BE32D,Zone_4A Mixed Humid
78,BE331,Zone_4A Mixed Humid
79,BE332,Zone_4A Mixed Humid
80,BE334,Zone_4A Mixed Humid
81,BE335,Zone_5A Cool Humid
82,BE336,Zone_5A Cool Humid
83,BE341,Zone_5A Cool Humid
84,BE342,Zone_5A Cool Humid
85,BE343,Zone_5A Cool Humid
86,BE344,Zone_5A Cool Humid
87,BE345,Zone_5A Cool Humid
88,BE351,Zone_5A Cool Humid
89,BE352,Zone_5A Cool Humid
90,BE353,Zone_5A Cool Humid
91,BG311,Zone_4A Mixed Humid
92,BG312,Zone_4A Mixed Humid
93,BG313,Zone_4A Mixed Humid
94,BG314,Zone_4A Mixed Humid
95,BG315,Zone_4A Mixed Humid
96,BG321,Zone_4A Mixed Humid
97,BG322,Zone_5A Cool Humid
98,BG323,Zone_4A Mixed Humid
99,BG324,Zone_4A Mixed Humid
100,BG325,Zone_4A Mixed Humid
101,BG331,Zone_4A Mixed Humid
102,BG332,Zone_4A Mixed Humid
103,BG333,Zone_4A Mixed Humid
104,BG334,Zone_4A Mixed Humid
105,BG341,Zone_4A Mixed Humid
106,BG342,Zone_5A Cool Humid
107,BG343,Zone_4A Mixed Humid
108,BG344,Zone_4A Mixed Humid
109,BG411,Zone_5A Cool Humid
110,BG412,Zone_5A Cool Humid
111,BG413,Zone_5A Cool Humid
112,BG414,Zone_5A Cool Humid
113,BG415,Zone_5A Cool Humid
114,BG421,Zone_4A Mixed Humid
115,BG422,Zone_4A Mixed Humid
116,BG423,Zone_4A Mixed Humid
117,BG424,Zone_5A Cool Humid
118,BG425,Zone_4A Mixed Humid
119,CH011,Zone_5A Cool Humid
120,CH012,Zone_7A Very cold Humid
121,CH013,Zone_5A Cool Humid
122,CH021,Zone_5A Cool Humid
123,CH022,Zone_5A Cool Humid
124,CH023,Zone_5A Cool Humid
125,CH024,Zone_5A Cool Humid
126,CH025,Zone_5A Cool Humid
127,CH031,Zone_5A Cool Humid
128,CH032,Zone_5A Cool Humid
129,CH033,Zone_5A Cool Humid
130,CH040,Zone_5A Cool Humid
131,CH051,Zone_7A Very cold Humid
132,CH052,Zone_5A Cool Humid
133,CH053,Zone_5A Cool Humid
134,CH054,Zone_5A Cool Humid
135,CH055,Zone_5A Cool Humid
136,CH056,Zone_7A Very cold Humid
137,CH057,Zone_5A Cool Humid
138,CH061,Zone_5A Cool Humid
139,CH062,Zone_7A Very cold Humid
140,CH063,Zone_5A Cool Humid
141,CH064,Zone_7A Very cold Humid
142,CH065,Zone_7A Very cold Humid
143,CH066,Zone_5A Cool Humid
144,CH070,Zone_6A Cold Humid
145,CY000,Zone_3A Warm Humid
146,CZ010,Zone_5A Cool Humid
147,CZ020,Zone_5A Cool Humid
148,CZ031,Zone_5A Cool Humid
149,CZ032,Zone_5A Cool Humid
150,CZ041,Zone_5A Cool Humid
151,CZ042,Zone_5A Cool Humid
152,CZ051,Zone_5A Cool Humid
153,CZ052,Zone_5A Cool Humid
154,CZ053,Zone_5A Cool Humid
155,CZ063,Zone_5A Cool Humid
156,CZ064,Zone_5A Cool Humid
157,CZ071,Zone_5A Cool Humid
158,CZ072,Zone_5A Cool Humid
159,CZ080,Zone_5A Cool Humid
160,DE111,Zone_5A Cool Humid
161,DE112,Zone_5A Cool Humid
162,DE113,Zone_5A Cool Humid
163,DE114,Zone_5A Cool Humid
164,DE115,Zone_5A Cool Humid
165,DE116,Zone_5A Cool Humid
166,DE117,Zone_5A Cool Humid
167,DE118,Zone_5A Cool Humid
168,DE119,Zone_5A Cool Humid
169,DE11A,Zone_5A Cool Humid
170,DE11B,Zone_5A Cool Humid
171,DE11C,Zone_5A Cool Humid
172,DE11D,Zone_5A Cool Humid
173,DE121,Zone_5A Cool Humid
174,DE122,Zone_4A Mixed Humid
175,DE123,Zone_4A Mixed Humid
176,DE124,Zone_5A Cool Humid
177,DE125,Zone_4A Mixed Humid
178,DE126,Zone_4A Mixed Humid
179,DE127,Zone_5A Cool Humid
180,DE128,Zone_4A Mixed Humid
181,DE129,Zone_5A Cool Humid
182,DE12A,Zone_5A Cool Humid
183,DE12B,Zone_5A Cool Humid
184,DE12C,Zone_5A Cool Humid
185,DE131,Zone_4A Mixed Humid
186,DE132,Zone_5A Cool Humid
187,DE133,Zone_4A Mixed Humid
188,DE134,Zone_4A Mixed Humid
189,DE135,Zone_5A Cool Humid
190,DE136,Zone_5A Cool Humid
191,DE137,Zone_5A Cool Humid
192,DE138,Zone_5A Cool Humid
193,DE139,Zone_5A Cool Humid
194,DE13A,Zone_5A Cool Humid
195,DE141,Zone_5A Cool Humid
196,DE142,Zone_5A Cool Humid
197,DE143,Zone_5A Cool Humid
198,DE144,Zone_5A Cool Humid
199,DE145,Zone_5A Cool Humid
200,DE146,Zone_5A Cool Humid
201,DE147,Zone_5A Cool Humid
202,DE148,Zone_5A Cool Humid
203,DE149,Zone_5A Cool Humid
204,DE211,Zone_5A Cool Humid
205,DE212,Zone_5A Cool Humid
206,DE213,Zone_5A Cool Humid
207,DE214,Zone_5A Cool Humid
208,DE215,Zone_6A Cold Humid
209,DE216,Zone_5A Cool Humid
210,DE217,Zone_5A Cool Humid
211,DE218,Zone_5A Cool Humid
212,DE219,Zone_5A Cool Humid
213,DE21A,Zone_5A Cool Humid
214,DE21B,Zone_5A Cool Humid
215,DE21C,Zone_5A Cool Humid
216,DE21D,Zone_5A Cool Humid
217,DE21E,Zone_5A Cool Humid
218,DE21F,Zone_5A Cool Humid
219,DE21G,Zone_5A Cool Humid
220,DE21H,Zone_5A Cool Humid
221,DE21I,Zone_5A Cool Humid
222,DE21J,Zone_5A Cool Humid
223,DE21K,Zone_5A Cool Humid
224,DE21L,Zone_5A Cool Humid
225,DE21M,Zone_6A Cold Humid
226,DE21N,Zone_5A Cool Humid
227,DE221,Zone_5A Cool Humid
228,DE222,Zone_5A Cool Humid
229,DE223,Zone_5A Cool Humid
230,DE224,Zone_5A Cool Humid
231,DE225,Zone_5A Cool Humid
232,DE226,Zone_5A Cool Humid
233,DE227,Zone_5A Cool Humid
234,DE228,Zone_5A Cool Humid
235,DE229,Zone_5A Cool Humid
236,DE22A,Zone_5A Cool Humid
237,DE22B,Zone_5A Cool Humid
238,DE22C,Zone_5A Cool Humid
239,DE231,Zone_5A Cool Humid
240,DE232,Zone_5A Cool Humid
241,DE233,Zone_5A Cool Humid
242,DE234,Zone_5A Cool Humid
243,DE235,Zone_5A Cool Humid
244,DE236,Zone_5A Cool Humid
245,DE237,Zone_5A Cool Humid
246,DE238,Zone_5A Cool Humid
247,DE239,Zone_5A Cool Humid
248,DE23A,Zone_5A Cool Humid
249,DE241,Zone_5A Cool Humid
250,DE242,Zone_5A Cool Humid
251,DE243,Zone_5A Cool Humid
252,DE244,Zone_5A Cool Humid
253,DE245,Zone_5A Cool Humid
254,DE246,Zone_5A Cool Humid
255,DE247,Zone_5A Cool Humid
256,DE248,Zone_5A Cool Humid
257,DE249,Zone_5A Cool Humid
258,DE24A,Zone_5A Cool Humid
259,DE24B,Zone_5A Cool Humid
260,DE24C,Zone_5A Cool Humid
261,DE24D,Zone_5A Cool Humid
262,DE251,Zone_5A Cool Humid
263,DE252,Zone_5A Cool Humid
264,DE253,Zone_5A Cool Humid
265,DE254,Zone_5A Cool Humid
266,DE255,Zone_5A Cool Humid
267,DE256,Zone_5A Cool Humid
268,DE257,Zone_5A Cool Humid
269,DE258,Zone_5A Cool Humid
270,DE259,Zone_5A Cool Humid
271,DE25A,Zone_5A Cool Humid
272,DE25B,Zone_5A Cool Humid
273,DE25C,Zone_5A Cool Humid
274,DE261,Zone_5A Cool Humid
275,DE262,Zone_5A Cool Humid
276,DE263,Zone_5A Cool Humid
277,DE264,Zone_5A Cool Humid
278,DE265,Zone_5A Cool Humid
279,DE266,Zone_5A Cool Humid
280,DE267,Zone_5A Cool Humid
281,DE268,Zone_5A Cool Humid
282,DE269,Zone_5A Cool Humid
283,DE26A,Zone_5A Cool Humid
284,DE26B,Zone_5A Cool Humid
285,DE26C,Zone_5A Cool Humid
286,DE271,Zone_5A Cool Humid
287,DE272,Zone_5A Cool Humid
288,DE273,Zone_5A Cool Humid
289,DE274,Zone_5A Cool Humid
290,DE275,Zone_5A Cool Humid
291,DE276,Zone_5A Cool Humid
292,DE277,Zone_5A Cool Humid
293,DE278,Zone_5A Cool Humid
294,DE279,Zone_5A Cool Humid
295,DE27A,Zone_5A Cool Humid
296,DE27B,Zone_5A Cool Humid
297,DE27C,Zone_5A Cool Humid
298,DE27D,Zone_5A Cool Humid
299,DE27E,Zone_5A Cool Humid
300,DE300,Zone_5A Cool Humid
301,DE401,Zone_5A Cool Humid
302,DE402,Zone_5A Cool Humid
303,DE403,Zone_5A Cool Humid
304,DE404,Zone_5A Cool Humid
305,DE405,Zone_5A Cool Humid
306,DE406,Zone_5A Cool Humid
307,DE407,Zone_5A Cool Humid
308,DE408,Zone_5A Cool Humid
309,DE409,Zone_5A Cool Humid
310,DE40A,Zone_5A Cool Humid
311,DE40B,Zone_5A Cool Humid
312,DE40C,Zone_5A Cool Humid
313,DE40D,Zone_5A Cool Humid
314,DE40E,Zone_5A Cool Humid
315,DE40F,Zone_5A Cool Humid
316,DE40G,Zone_5A Cool Humid
317,DE40H,Zone_5A Cool Humid
318,DE40I,Zone_5A Cool Humid
319,DE501,Zone_5A Cool Humid
320,DE502,Zone_5A Cool Humid
321,DE600,Zone_5A Cool Humid
322,DE711,Zone_5A Cool Humid
323,DE712,Zone_5A Cool Humid
324,DE713,Zone_5A Cool Humid
325,DE714,Zone_5A Cool Humid
326,DE715,Zone_5A Cool Humid
327,DE716,Zone_5A Cool Humid
328,DE717,Zone_4A Mixed Humid
329,DE718,Zone_5A Cool Humid
330,DE719,Zone_5A Cool Humid
331,DE71A,Zone_5A Cool Humid
332,DE71B,Zone_5A Cool Humid
333,DE71C,Zone_5A Cool Humid
334,DE71D,Zone_5A Cool Humid
335,DE71E,Zone_5A Cool Humid
336,DE721,Zone_5A Cool Humid
337,DE722,Zone_5A Cool Humid
338,DE723,Zone_5A Cool Humid
339,DE724,Zone_5A Cool Humid
340,DE725,Zone_5A Cool Humid
341,DE731,Zone_5A Cool Humid
342,DE732,Zone_5A Cool Humid
343,DE733,Zone_5A Cool Humid
344,DE734,Zone_5A Cool Humid
345,DE735,Zone_5A Cool Humid
346,DE736,Zone_5A Cool Humid
347,DE737,Zone_5A Cool Humid
348,DE803,Zone_5A Cool Humid
349,DE804,Zone_5A Cool Humid
350,DE80J,Zone_5A Cool Humid
351,DE80K,Zone_5A Cool Humid
352,DE80L,Zone_5A Cool Humid
353,DE80M,Zone_5A Cool Humid
354,DE80N,Zone_5A Cool Humid
355,DE80O,Zone_5A Cool Humid
356,DE911,Zone_5A Cool Humid
357,DE912,Zone_5A Cool Humid
358,DE913,Zone_5A Cool Humid
359,DE914,Zone_5A Cool Humid
360,DE916,Zone_5A Cool Humid
361,DE917,Zone_5A Cool Humid
362,DE918,Zone_5A Cool Humid
363,DE91A,Zone_5A Cool Humid
364,DE91B,Zone_5A Cool Humid
365,DE91C,Zone_5A Cool Humid
366,DE922,Zone_5A Cool Humid
367,DE923,Zone_5A Cool Humid
368,DE925,Zone_5A Cool Humid
369,DE926,Zone_5A Cool Humid
370,DE927,Zone_5A Cool Humid
371,DE928,Zone_5A Cool Humid
372,DE929,Zone_5A Cool Humid
373,DE931,Zone_5A Cool Humid
374,DE932,Zone_5A Cool Humid
375,DE933,Zone_5A Cool Humid
376,DE934,Zone_5A Cool Humid
377,DE935,Zone_5A Cool Humid
378,DE936,Zone_5A Cool Humid
379,DE937,Zone_5A Cool Humid
380,DE938,Zone_5A Cool Humid
381,DE939,Zone_5A Cool Humid
382,DE93A,Zone_5A Cool Humid
383,DE93B,Zone_5A Cool Humid
384,DE941,Zone_5A Cool Humid
385,DE942,Zone_5A Cool Humid
386,DE943,Zone_5A Cool Humid
387,DE944,Zone_5A Cool Humid
388,DE945,Zone_5A Cool Humid
389,DE946,Zone_5A Cool Humid
390,DE947,Zone_5A Cool Humid
391,DE948,Zone_5A Cool Humid
392,DE949,Zone_5A Cool Humid
393,DE94A,Zone_5A Cool Humid
394,DE94B,Zone_5A Cool Humid
395,DE94C,Zone_5A Cool Humid
396,DE94D,Zone_5A Cool Humid
397,DE94E,Zone_5A Cool Humid
398,DE94F,Zone_5A Cool Humid
399,DE94G,Zone_5A Cool Humid
400,DE94H,Zone_5A Cool Humid
401,DEA11,Zone_4A Mixed Humid
402,DEA12,Zone_4A Mixed Humid
403,DEA13,Zone_4A Mixed Humid
404,DEA14,Zone_4A Mixed Humid
405,DEA15,Zone_4A Mixed Humid
406,DEA16,Zone_4A Mixed Humid
407,DEA17,Zone_4A Mixed Humid
408,DEA18,Zone_4A Mixed Humid
409,DEA19,Zone_4A Mixed Humid
410,DEA1A,Zone_4A Mixed Humid
411,DEA1B,Zone_4A Mixed Humid
412,DEA1C,Zone_4A Mixed Humid
413,DEA1D,Zone_4A Mixed Humid
414,DEA1E,Zone_4A Mixed Humid
415,DEA1F,Zone_4A Mixed Humid
416,DEA22,Zone_4A Mixed Humid
417,DEA23,Zone_4A Mixed Humid
418,DEA24,Zone_4A Mixed Humid
419,DEA26,Zone_5A Cool Humid
420,DEA27,Zone_5A Cool Humid
421,DEA28,Zone_5A Cool Humid
422,DEA29,Zone_4A Mixed Humid
423,DEA2A,Zone_4A Mixed Humid
424,DEA2B,Zone_4A Mixed Humid
425,DEA2C,Zone_4A Mixed Humid
426,DEA2D,Zone_5A Cool Humid
427,DEA31,Zone_4A Mixed Humid
428,DEA32,Zone_5A Cool Humid
429,DEA33,Zone_5A Cool Humid
430,DEA34,Zone_4A Mixed Humid
431,DEA35,Zone_5A Cool Humid
432,DEA36,Zone_5A Cool Humid
433,DEA37,Zone_5A Cool Humid
434,DEA38,Zone_5A Cool Humid
435,DEA41,Zone_5A Cool Humid
436,DEA42,Zone_5A Cool Humid
437,DEA43,Zone_5A Cool Humid
438,DEA44,Zone_5A Cool Humid
439,DEA45,Zone_5A Cool Humid
440,DEA46,Zone_5A Cool Humid
441,DEA47,Zone_5A Cool Humid
442,DEA51,Zone_4A Mixed Humid
443,DEA52,Zone_5A Cool Humid
444,DEA53,Zone_4A Mixed Humid
445,DEA54,Zone_5A Cool Humid
446,DEA55,Zone_5A Cool Humid
447,DEA56,Zone_4A Mixed Humid
448,DEA57,Zone_5A Cool Humid
449,DEA58,Zone_5A Cool Humid
450,DEA59,Zone_5A Cool Humid
451,DEA5A,Zone_5A Cool Humid
452,DEA5B,Zone_5A Cool Humid
453,DEA5C,Zone_5A Cool Humid
454,DEB11,Zone_5A Cool Humid
455,DEB12,Zone_5A Cool Humid
456,DEB13,Zone_5A Cool Humid
457,DEB14,Zone_5A Cool Humid
458,DEB15,Zone_5A Cool Humid
459,DEB17,Zone_5A Cool Humid
460,DEB18,Zone_4A Mixed Humid
461,DEB1A,Zone_5A Cool Humid
462,DEB1B,Zone_5A Cool Humid
463,DEB1C,Zone_5A Cool Humid
464,DEB1D,Zone_5A Cool Humid
465,DEB21,Zone_5A Cool Humid
466,DEB22,Zone_5A Cool Humid
467,DEB23,Zone_5A Cool Humid
468,DEB24,Zone_5A Cool Humid
469,DEB25,Zone_5A Cool Humid
470,DEB31,Zone_4A Mixed Humid
471,DEB32,Zone_5A Cool Humid
472,DEB33,Zone_4A Mixed Humid
473,DEB34,Zone_4A Mixed Humid
474,DEB35,Zone_4A Mixed Humid
475,DEB36,Zone_4A Mixed Humid
476,DEB37,Zone_5A Cool Humid
477,DEB38,Zone_4A Mixed Humid
478,DEB39,Zone_4A Mixed Humid
479,DEB3A,Zone_5A Cool Humid
480,DEB3B,Zone_4A Mixed Humid
481,DEB3C,Zone_4A Mixed Humid
482,DEB3D,Zone_5A Cool Humid
483,DEB3E,Zone_4A Mixed Humid
484,DEB3F,Zone_5A Cool Humid
485,DEB3G,Zone_5A Cool Humid
486,DEB3H,Zone_4A Mixed Humid
487,DEB3I,Zone_4A Mixed Humid
488,DEB3J,Zone_4A Mixed Humid
489,DEB3K,Zone_5A Cool Humid
490,DEC01,Zone_4A Mixed Humid
491,DEC02,Zone_4A Mixed Humid
492,DEC03,Zone_5A Cool Humid
493,DEC04,Zone_4A Mixed Humid
494,DEC05,Zone_5A Cool Humid
495,DEC06,Zone_5A Cool Humid
496,DED21,Zone_5A Cool Humid
497,DED2C,Zone_5A Cool Humid
498,DED2D,Zone_5A Cool Humid
499,DED2E,Zone_5A Cool Humid
500,DED2F,Zone_5A Cool Humid
501,DED41,Zone_5A Cool Humid
502,DED42,Zone_5A Cool Humid
503,DED43,Zone_5A Cool Humid
504,DED44,Zone_5A Cool Humid
505,DED45,Zone_5A Cool Humid
506,DED51,Zone_5A Cool Humid
507,DED52,Zone_5A Cool Humid
508,DED53,Zone_5A Cool Humid
509,DEE01,Zone_5A Cool Humid
510,DEE02,Zone_5A Cool Humid
511,DEE03,Zone_5A Cool Humid
512,DEE04,Zone_5A Cool Humid
513,DEE05,Zone_5A Cool Humid
514,DEE06,Zone_5A Cool Humid
515,DEE07,Zone_5A Cool Humid
516,DEE08,Zone_5A Cool Humid
517,DEE09,Zone_5A Cool Humid
518,DEE0A,Zone_5A Cool Humid
519,DEE0B,Zone_5A Cool Humid
520,DEE0C,Zone_5A Cool Humid
521,DEE0D,Zone_5A Cool Humid
522,DEE0E,Zone_5A Cool Humid
523,DEF01,Zone_5A Cool Humid
524,DEF02,Zone_5A Cool Humid
525,DEF03,Zone_5A Cool Humid
526,DEF04,Zone_5A Cool Humid
527,DEF05,Zone_5A Cool Humid
528,DEF06,Zone_5A Cool Humid
529,DEF07,Zone_5A Cool Humid
530,DEF08,Zone_5A Cool Humid
531,DEF09,Zone_5A Cool Humid
532,DEF0A,Zone_5A Cool Humid
533,DEF0B,Zone_5A Cool Humid
534,DEF0C,Zone_5A Cool Humid
535,DEF0D,Zone_5A Cool Humid
536,DEF0E,Zone_5A Cool Humid
537,DEF0F,Zone_5A Cool Humid
538,DEG01,Zone_5A Cool Humid
539,DEG02,Zone_5A Cool Humid
540,DEG03,Zone_5A Cool Humid
541,DEG05,Zone_5A Cool Humid
542,DEG06,Zone_5A Cool Humid
543,DEG07,Zone_5A Cool Humid
544,DEG09,Zone_5A Cool Humid
545,DEG0A,Zone_5A Cool Humid
546,DEG0C,Zone_5A Cool Humid
547,DEG0D,Zone_5A Cool Humid
548,DEG0E,Zone_5A Cool Humid
549,DEG0G,Zone_5A Cool Humid
550,DEG0J,Zone_5A Cool Humid
551,DEG0K,Zone_5A Cool Humid
552,DEG0L,Zone_5A Cool Humid
553,DEG0M,Zone_5A Cool Humid
554,DEG0Q,Zone_5A Cool Humid
555,DEG0R,Zone_5A Cool Humid
556,DEG0S,Zone_5A Cool Humid
557,DEG0T,Zone_5A Cool Humid
558,DEG0U,Zone_5A Cool Humid
559,DEG0V,Zone_5A Cool Humid
560,DK011,Zone_5A Cool Humid
561,DK012,Zone_5A Cool Humid
562,DK013,Zone_5A Cool Humid
563,DK014,Zone_5A Cool Humid
564,DK021,Zone_5A Cool Humid
565,DK022,Zone_5A Cool Humid
566,DK031,Zone_5A Cool Humid
567,DK032,Zone_5A Cool Humid
568,DK041,Zone_5A Cool Humid
569,DK042,Zone_5A Cool Humid
570,DK050,Zone_5A Cool Humid
571,EE001,Zone_6A Cold Humid
572,EE004,Zone_6A Cold Humid
573,EE008,Zone_6A Cold Humid
574,EE009,Zone_6A Cold Humid
575,EE00A,Zone_6A Cold Humid
576,EL301,Zone_3A Warm Humid
577,EL302,Zone_3A Warm Humid
578,EL303,Zone_3A Warm Humid
579,EL304,Zone_3A Warm Humid
580,EL305,Zone_3A Warm Humid
581,EL306,Zone_3A Warm Humid
582,EL307,Zone_3A Warm Humid
583,EL411,Zone_3A Warm Humid
584,EL412,Zone_3A Warm Humid
585,EL413,Zone_3A Warm Humid
586,EL421,Zone_3A Warm Humid
587,EL422,Zone_3A Warm Humid
588,EL431,Zone_3A Warm Humid
589,EL432,Zone_3A Warm Humid
590,EL433,Zone_3A Warm Humid
591,EL434,Zone_3A Warm Humid
592,EL511,Zone_4A Mixed Humid
593,EL512,Zone_4C Mixed Marine
594,EL513,Zone_4A Mixed Humid
595,EL514,Zone_4A Mixed Humid
596,EL515,Zone_3A Warm Humid
597,EL521,Zone_4A Mixed Humid
598,EL522,Zone_4A Mixed Humid
599,EL523,Zone_4A Mixed Humid
600,EL524,Zone_4A Mixed Humid
601,EL525,Zone_5C Cool Marine
602,EL526,Zone_4A Mixed Humid
603,EL527,Zone_3A Warm Humid
604,EL531,Zone_4A Mixed Humid
605,EL532,Zone_5A Cool Humid
606,EL533,Zone_5A Cool Humid
607,EL541,Zone_3A Warm Humid
608,EL542,Zone_3A Warm Humid
609,EL543,Zone_4A Mixed Humid
610,EL611,Zone_4A Mixed Humid
611,EL612,Zone_4A Mixed Humid
612,EL613,Zone_3A Warm Humid
613,EL621,Zone_3A Warm Humid
614,EL622,Zone_3A Warm Humid
615,EL623,Zone_3A Warm Humid
616,EL624,Zone_3A Warm Humid
617,EL631,Zone_3A Warm Humid
618,EL632,Zone_3A Warm Humid
619,EL633,Zone_3A Warm Humid
620,EL641,Zone_3A Warm Humid
621,EL642,Zone_3A Warm Humid
622,EL643,Zone_4A Mixed Humid
623,EL644,Zone_3A Warm Humid
624,EL645,Zone_4A Mixed Humid
625,EL651,Zone_4A Mixed Humid
626,EL652,Zone_4A Mixed Humid
627,EL653,Zone_3A Warm Humid
628,ES111,Zone_3C Warm Marine
629,ES112,Zone_4C Mixed Marine
630,ES113,Zone_4C Mixed Marine
631,ES114,Zone_4C Mixed Marine
632,ES120,Zone_4C Mixed Marine
633,ES130,Zone_4A Mixed Humid
634,ES211,Zone_4A Mixed Humid
635,ES212,Zone_3A Warm Humid
636,ES213,Zone_4A Mixed Humid
637,ES220,Zone_4A Mixed Humid
638,ES230,Zone_4A Mixed Humid
639,ES241,Zone_4A Mixed Humid
640,ES242,Zone_4A Mixed Humid
641,ES243,Zone_3B Warm Dry
642,ES300,Zone_3A Warm Humid
643,ES411,Zone_4C Mixed Marine
644,ES412,Zone_4C Mixed Marine
645,ES413,Zone_4C Mixed Marine
646,ES414,Zone_4C Mixed Marine
647,ES415,Zone_4A Mixed Humid
648,ES416,Zone_4C Mixed Marine
649,ES417,Zone_4A Mixed Humid
650,ES418,Zone_4C Mixed Marine
651,ES419,Zone_4A Mixed Humid
652,ES421,Zone_3A Warm Humid
653,ES422,Zone_3A Warm Humid
654,ES423,Zone_4A Mixed Humid
655,ES424,Zone_4A Mixed Humid
656,ES425,Zone_3A Warm Humid
657,ES431,Zone_3A Warm Humid
658,ES432,Zone_3A Warm Humid
659,ES511,Zone_3A Warm Humid
660,ES512,Zone_3A Warm Humid
661,ES513,Zone_4A Mixed Humid
662,ES514,Zone_3A Warm Humid
663,ES521,Zone_3A Warm Humid
664,ES522,Zone_3A Warm Humid
665,ES523,Zone_3A Warm Humid
666,ES531,Zone_3B Warm Dry
667,ES532,Zone_3A Warm Humid
668,ES533,Zone_3A Warm Humid
669,ES611,Zone_3B Warm Dry
670,ES612,Zone_3A Warm Humid
671,ES613,Zone_3A Warm Humid
672,ES614,Zone_3A Warm Humid
673,ES615,Zone_3A Warm Humid
674,ES616,Zone_3A Warm Humid
675,ES617,Zone_3A Warm Humid
676,ES618,Zone_3A Warm Humid
677,ES620,Zone_3B Warm Dry
678,ES630,Zone_3A Warm Humid
679,ES640,Zone_3A Warm Humid
680,ES703,Zone_3A Warm Humid
681,ES704,Zone_3B Warm Dry
682,ES705,Zone_3B Warm Dry
683,ES706,Zone_3B Warm Dry
684,ES707,Zone_3C Warm Marine
685,ES708,Zone_2B Hot Dry
686,ES709,Zone_3C Warm Marine
687,FI196,Zone_6A Cold Humid
688,FI198,Zone_7A Very cold Humid
689,FI199,Zone_7A Very cold Humid
690,FI19A,Zone_7A Very cold Humid
691,FI19B,Zone_7A Very cold Humid
692,FI1B1,Zone_6A Cold Humid
693,FI1C1,Zone_6A Cold Humid
694,FI1C2,Zone_6A Cold Humid
695,FI1C5,Zone_7A Very cold Humid
696,FI1C6,Zone_7A Very cold Humid
697,FI1C7,Zone_6A Cold Humid
698,FI1D5,Zone_7A Very cold Humid
699,FI1D7,Zone_7A Very cold Humid
700,FI1D8,Zone_7A Very cold Humid
701,FI1D9,Zone_7A Very cold Humid
702,FI1DA,Zone_7A Very cold Humid
703,FI1DB,Zone_7A Very cold Humid
704,FI1DC,Zone_7A Very cold Humid
705,FI200,Zone_6A Cold Humid
706,FR101,Zone_4A Mixed Humid
707,FR102,Zone_4A Mixed Humid
708,FR103,Zone_4A Mixed Humid
709,FR104,Zone_4A Mixed Humid
710,FR105,Zone_4A Mixed Humid
711,FR106,Zone_4A Mixed Humid
712,FR107,Zone_4A Mixed Humid
713,FR108,Zone_4A Mixed Humid
714,FRB01,Zone_4A Mixed Humid
715,FRB02,Zone_4A Mixed Humid
716,FRB03,Zone_4A Mixed Humid
717,FRB04,Zone_4A Mixed Humid
718,FRB05,Zone_4A Mixed Humid
719,FRB06,Zone_4A Mixed Humid
720,FRC11,Zone_4A Mixed Humid
721,FRC12,Zone_4A Mixed Humid
722,FRC13,Zone_4A Mixed Humid
723,FRC14,Zone_4A Mixed Humid
724,FRC21,Zone_5A Cool Humid
725,FRC22,Zone_5A Cool Humid
726,FRC23,Zone_4A Mixed Humid
727,FRC24,Zone_5A Cool Humid
728,FRD11,Zone_4A Mixed Humid
729,FRD12,Zone_4A Mixed Humid
730,FRD13,Zone_4A Mixed Humid
731,FRD21,Zone_4A Mixed Humid
732,FRD22,Zone_4A Mixed Humid
733,FRE11,Zone_4A Mixed Humid
734,FRE12,Zone_4A Mixed Humid
735,FRE21,Zone_4A Mixed Humid
736,FRE22,Zone_4A Mixed Humid
737,FRE23,Zone_4A Mixed Humid
738,FRF11,Zone_4A Mixed Humid
739,FRF12,Zone_5A Cool Humid
740,FRF21,Zone_5A Cool Humid
741,FRF22,Zone_4A Mixed Humid
742,FRF23,Zone_4A Mixed Humid
743,FRF24,Zone_4A Mixed Humid
744,FRF31,Zone_5A Cool Humid
745,FRF32,Zone_4A Mixed Humid
746,FRF33,Zone_4A Mixed Humid
747,FRF34,Zone_5A Cool Humid
748,FRG01,Zone_4A Mixed Humid
749,FRG02,Zone_4A Mixed Humid
750,FRG03,Zone_4A Mixed Humid
751,FRG04,Zone_4A Mixed Humid
752,FRG05,Zone_4A Mixed Humid
753,FRH01,Zone_4A Mixed Humid
754,FRH02,Zone_4A Mixed Humid
755,FRH03,Zone_4A Mixed Humid
756,FRH04,Zone_4A Mixed Humid
757,FRI11,Zone_4A Mixed Humid
758,FRI12,Zone_3A Warm Humid
759,FRI13,Zone_3A Warm Humid
760,FRI14,Zone_3A Warm Humid
761,FRI15,Zone_4A Mixed Humid
762,FRI21,Zone_4A Mixed Humid
763,FRI22,Zone_4A Mixed Humid
764,FRI23,Zone_4A Mixed Humid
765,FRI31,Zone_4A Mixed Humid
766,FRI32,Zone_3A Warm Humid
767,FRI33,Zone_4A Mixed Humid
768,FRI34,Zone_4A Mixed Humid
769,FRJ11,Zone_4A Mixed Humid
770,FRJ12,Zone_3A Warm Humid
771,FRJ13,Zone_3A Warm Humid
772,FRJ14,Zone_5A Cool Humid
773,FRJ15,Zone_3A Warm Humid
774,FRJ21,Zone_5A Cool Humid
775,FRJ22,Zone_4A Mixed Humid
776,FRJ23,Zone_4A Mixed Humid
777,FRJ24,Zone_3A Warm Humid
778,FRJ25,Zone_4A Mixed Humid
779,FRJ26,Zone_4A Mixed Humid
780,FRJ27,Zone_3A Warm Humid
781,FRJ28,Zone_4A Mixed Humid
782,FRK11,Zone_4A Mixed Humid
783,FRK12,Zone_5A Cool Humid
784,FRK13,Zone_5A Cool Humid
785,FRK14,Zone_4A Mixed Humid
786,FRK21,Zone_4A Mixed Humid
787,FRK22,Zone_4A Mixed Humid
788,FRK23,Zone_4A Mixed Humid
789,FRK24,Zone_4A Mixed Humid
790,FRK25,Zone_4A Mixed Humid
791,FRK26,Zone_4A Mixed Humid
792,FRK27,Zone_7A Very cold Humid
793,FRK28,Zone_5A Cool Humid
794,FRL01,Zone_4C Mixed Marine
795,FRL02,Zone_4A Mixed Humid
796,FRL03,Zone_3C Warm Marine
797,FRL04,Zone_3A Warm Humid
798,FRL05,Zone_3A Warm Humid
799,FRL06,Zone_3A Warm Humid
800,FRM01,Zone_3A Warm Humid
801,FRM02,Zone_4C Mixed Marine
802,FRY10,Zone_1A Very hot Humid
803,FRY20,Zone_1A Very hot Humid
804,FRY30,Zone_1A Very hot Humid
805,FRY40,Zone_2A Hot Humid
806,FRY50,Zone_0A Extremely hot Humid
807,HR021,Zone_4A Mixed Humid
808,HR022,Zone_4A Mixed Humid
809,HR023,Zone_4A Mixed Humid
810,HR024,Zone_4A Mixed Humid
811,HR025,Zone_4A Mixed Humid
812,HR026,Zone_4A Mixed Humid
813,HR027,Zone_4A Mixed Humid
814,HR028,Zone_4A Mixed Humid
815,HR031,Zone_4A Mixed Humid
816,HR032,Zone_5A Cool Humid
817,HR033,Zone_4C Mixed Marine
818,HR034,Zone_3A Warm Humid
819,HR035,Zone_4A Mixed Humid
820,HR036,Zone_4A Mixed Humid
821,HR037,Zone_3A Warm Humid
822,HR050,Zone_4A Mixed Humid
823,HR061,Zone_4A Mixed Humid
824,HR062,Zone_4A Mixed Humid
825,HR063,Zone_4A Mixed Humid
826,HR064,Zone_4A Mixed Humid
827,HR065,Zone_4A Mixed Humid
828,HU110,Zone_4A Mixed Humid
829,HU120,Zone_4A Mixed Humid
830,HU211,Zone_4A Mixed Humid
831,HU212,Zone_5A Cool Humid
832,HU213,Zone_4A Mixed Humid
833,HU221,Zone_4A Mixed Humid
834,HU222,Zone_5A Cool Humid
835,HU223,Zone_4A Mixed Humid
836,HU231,Zone_4A Mixed Humid
837,HU232,Zone_4A Mixed Humid
838,HU233,Zone_4A Mixed Humid
839,HU311,Zone_5A Cool Humid
840,HU312,Zone_5A Cool Humid
841,HU313,Zone_5A Cool Humid
842,HU321,Zone_4A Mixed Humid
843,HU322,Zone_4A Mixed Humid
844,HU323,Zone_5A Cool Humid
845,HU331,Zone_4A Mixed Humid
846,HU332,Zone_4A Mixed Humid
847,HU333,Zone_4A Mixed Humid
848,IE041,Zone_5A Cool Humid
849,IE042,Zone_5A Cool Humid
850,IE051,Zone_5A Cool Humid
851,IE052,Zone_5A Cool Humid
852,IE053,Zone_4A Mixed Humid
853,IE061,Zone_5A Cool Humid
854,IE062,Zone_5A Cool Humid
855,IE063,Zone_5A Cool Humid
856,IS001,Zone_7A Very cold Humid
857,IS002,Zone_7A Very cold Humid
858,ITC11,Zone_4A Mixed Humid
859,ITC12,Zone_4A Mixed Humid
860,ITC13,Zone_5A Cool Humid
861,ITC14,Zone_7A Very cold Humid
862,ITC15,Zone_4A Mixed Humid
863,ITC16,Zone_4A Mixed Humid
864,ITC17,Zone_4A Mixed Humid
865,ITC18,Zone_4A Mixed Humid
866,ITC20,Zone_6A Cold Humid
867,ITC31,Zone_3A Warm Humid
868,ITC32,Zone_4C Mixed Marine
869,ITC33,Zone_4C Mixed Marine
870,ITC34,Zone_4C Mixed Marine
871,ITC41,Zone_4A Mixed Humid
872,ITC42,Zone_4A Mixed Humid
873,ITC43,Zone_4A Mixed Humid
874,ITC44,Zone_7A Very cold Humid
875,ITC46,Zone_4C Mixed Marine
876,ITC47,Zone_5A Cool Humid
877,ITC48,Zone_4A Mixed Humid
878,ITC49,Zone_4A Mixed Humid
879,ITC4A,Zone_4A Mixed Humid
880,ITC4B,Zone_4A Mixed Humid
881,ITC4C,Zone_4A Mixed Humid
882,ITC4D,Zone_4A Mixed Humid
883,ITF11,Zone_4C Mixed Marine
884,ITF12,Zone_4A Mixed Humid
885,ITF13,Zone_4C Mixed Marine
886,ITF14,Zone_4A Mixed Humid
887,ITF21,Zone_4C Mixed Marine
888,ITF22,Zone_4A Mixed Humid
889,ITF31,Zone_3A Warm Humid
890,ITF32,Zone_3A Warm Humid
891,ITF33,Zone_3A Warm Humid
892,ITF34,Zone_4A Mixed Humid
893,ITF35,Zone_3A Warm Humid
894,ITF43,Zone_3A Warm Humid
895,ITF44,Zone_3A Warm Humid
896,ITF45,Zone_3A Warm Humid
897,ITF46,Zone_3A Warm Humid
898,ITF47,Zone_3A Warm Humid
899,ITF48,Zone_3A Warm Humid
900,ITF51,Zone_4A Mixed Humid
901,ITF52,Zone_3A Warm Humid
902,ITF61,Zone_3A Warm Humid
903,ITF62,Zone_3A Warm Humid
904,ITF63,Zone_3A Warm Humid
905,ITF64,Zone_3A Warm Humid
906,ITF65,Zone_3A Warm Humid
907,ITG11,Zone_3A Warm Humid
908,ITG12,Zone_3A Warm Humid
909,ITG13,Zone_3A Warm Humid
910,ITG14,Zone_3A Warm Humid
911,ITG15,Zone_3A Warm Humid
912,ITG16,Zone_3A Warm Humid
913,ITG17,Zone_3A Warm Humid
914,ITG18,Zone_3A Warm Humid
915,ITG19,Zone_3A Warm Humid
916,ITG2D,Zone_3A Warm Humid
917,ITG2E,Zone_3A Warm Humid
918,ITG2F,Zone_3A Warm Humid
919,ITG2G,Zone_3A Warm Humid
920,ITG2H,Zone_3A Warm Humid
921,ITH10,Zone_7A Very cold Humid
922,ITH20,Zone_7A Very cold Humid
923,ITH31,Zone_4A Mixed Humid
924,ITH32,Zone_5A Cool Humid
925,ITH33,Zone_7A Very cold Humid
926,ITH34,Zone_4A Mixed Humid
927,ITH35,Zone_4A Mixed Humid
928,ITH36,Zone_4A Mixed Humid
929,ITH37,Zone_4A Mixed Humid
930,ITH41,Zone_5A Cool Humid
931,ITH42,Zone_3A Warm Humid
932,ITH43,Zone_3A Warm Humid
933,ITH44,Zone_4A Mixed Humid
934,ITH51,Zone_4C Mixed Marine
935,ITH52,Zone_4A Mixed Humid
936,ITH53,Zone_4A Mixed Humid
937,ITH54,Zone_5A Cool Humid
938,ITH55,Zone_4A Mixed Humid
939,ITH56,Zone_4A Mixed Humid
940,ITH57,Zone_4A Mixed Humid
941,ITH58,Zone_4A Mixed Humid
942,ITH59,Zone_5A Cool Humid
943,ITI11,Zone_5C Cool Marine
944,ITI12,Zone_5C Cool Marine
945,ITI13,Zone_4A Mixed Humid
946,ITI14,Zone_4A Mixed Humid
947,ITI15,Zone_4A Mixed Humid
948,ITI16,Zone_3A Warm Humid
949,ITI17,Zone_3A Warm Humid
950,ITI18,Zone_4A Mixed Humid
951,ITI19,Zone_3A Warm Humid
952,ITI1A,Zone_3A Warm Humid
953,ITI21,Zone_4A Mixed Humid
954,ITI22,Zone_3A Warm Humid
955,ITI31,Zone_4A Mixed Humid
956,ITI32,Zone_3A Warm Humid
957,ITI33,Zone_4A Mixed Humid
958,ITI34,Zone_5A Cool Humid
959,ITI35,Zone_3A Warm Humid
960,ITI41,Zone_3A Warm Humid
961,ITI42,Zone_3A Warm Humid
962,ITI43,Zone_3A Warm Humid
963,ITI44,Zone_3A Warm Humid
964,ITI45,Zone_3A Warm Humid
965,LI000,Zone_6A Cold Humid
966,LT011,Zone_6A Cold Humid
967,LT021,Zone_6A Cold Humid
968,LT022,Zone_6A Cold Humid
969,LT023,Zone_5A Cool Humid
970,LT024,Zone_6A Cold Humid
971,LT025,Zone_6A Cold Humid
972,LT026,Zone_6A Cold Humid
973,LT027,Zone_5A Cool Humid
974,LT028,Zone_6A Cold Humid
975,LT029,Zone_6A Cold Humid
976,LU000,Zone_5A Cool Humid
977,LV005,Zone_6A Cold Humid
978,LV009,Zone_6A Cold Humid
979,LV00A,Zone_6A Cold Humid
980,LV00B,Zone_6A Cold Humid
981,LV00C,Zone_6A Cold Humid
982,ME000,Zone_6A Cold Humid
983,MK001,Zone_4A Mixed Humid
984,MK002,Zone_4A Mixed Humid
985,MK003,Zone_5A Cool Humid
986,MK004,Zone_4A Mixed Humid
987,MK005,Zone_5A Cool Humid
988,MK006,Zone_5C Cool Marine
989,MK007,Zone_5A Cool Humid
990,MK008,Zone_5A Cool Humid
991,MT001,Zone_3A Warm Humid
992,MT002,Zone_3A Warm Humid
993,NL112,Zone_5A Cool Humid
994,NL114,Zone_5A Cool Humid
995,NL115,Zone_5A Cool Humid
996,NL126,Zone_5A Cool Humid
997,NL127,Zone_5A Cool Humid
998,NL128,Zone_5A Cool Humid
999,NL131,Zone_5A Cool Humid
1000,NL132,Zone_5A Cool Humid
1001,NL133,Zone_5A Cool Humid
1002,NL211,Zone_5A Cool Humid
1003,NL212,Zone_5A Cool Humid
1004,NL213,Zone_5A Cool Humid
1005,NL221,Zone_5A Cool Humid
1006,NL224,Zone_4A Mixed Humid
1007,NL225,Zone_5A Cool Humid
1008,NL226,Zone_4A Mixed Humid
1009,NL230,Zone_5A Cool Humid
1010,NL321,Zone_4A Mixed Humid
1011,NL323,Zone_4A Mixed Humid
1012,NL325,Zone_4A Mixed Humid
1013,NL327,Zone_4A Mixed Humid
1014,NL328,Zone_4A Mixed Humid
1015,NL32A,Zone_4A Mixed Humid
1016,NL32B,Zone_4A Mixed Humid
1017,NL341,Zone_4A Mixed Humid
1018,NL342,Zone_4A Mixed Humid
1019,NL350,Zone_4A Mixed Humid
1020,NL361,Zone_4A Mixed Humid
1021,NL362,Zone_4A Mixed Humid
1022,NL363,Zone_4A Mixed Humid
1023,NL364,Zone_4A Mixed Humid
1024,NL365,Zone_4A Mixed Humid
1025,NL366,Zone_4A Mixed Humid
1026,NL411,Zone_4A Mixed Humid
1027,NL414,Zone_4A Mixed Humid
1028,NL415,Zone_4A Mixed Humid
1029,NL416,Zone_4A Mixed Humid
1030,NL421,Zone_4A Mixed Humid
1031,NL422,Zone_4A Mixed Humid
1032,NL423,Zone_4A Mixed Humid
1033,NO020,Zone_7A Very cold Humid
1034,NO060,Zone_7A Very cold Humid
1035,NO071,Zone_7A Very cold Humid
1036,NO072,Zone_8A Subarctic/arctic Humid
1037,NO073,Zone_8A Subarctic/arctic Humid
1038,NO081,Zone_6A Cold Humid
1039,NO083,Zone_6A Cold Humid
1040,NO084,Zone_6A Cold Humid
1041,NO085,Zone_7A Very cold Humid
1042,NO092,Zone_6A Cold Humid
1043,NO093,Zone_6A Cold Humid
1044,NO094,Zone_7A Very cold Humid
1045,NO0A1,Zone_5A Cool Humid
1046,NO0A2,Zone_7A Very cold Humid
1047,NO0A3,Zone_7A Very cold Humid
1048,NO0B1,Zone_8A Subarctic/arctic Humid
1049,NO0B2,Zone_8A Subarctic/arctic Humid
1050,PL213,Zone_5A Cool Humid
1051,PL214,Zone_5A Cool Humid
1052,PL217,Zone_5A Cool Humid
1053,PL218,Zone_5A Cool Humid
1054,PL219,Zone_6A Cold Humid
1055,PL21A,Zone_5A Cool Humid
1056,PL224,Zone_5A Cool Humid
1057,PL225,Zone_6A Cold Humid
1058,PL227,Zone_5A Cool Humid
1059,PL228,Zone_5A Cool Humid
1060,PL229,Zone_5A Cool Humid
1061,PL22A,Zone_5A Cool Humid
1062,PL22B,Zone_5A Cool Humid
1063,PL22C,Zone_5A Cool Humid
1064,PL411,Zone_5A Cool Humid
1065,PL414,Zone_5A Cool Humid
1066,PL415,Zone_5A Cool Humid
1067,PL416,Zone_5A Cool Humid
1068,PL417,Zone_5A Cool Humid
1069,PL418,Zone_5A Cool Humid
1070,PL424,Zone_5A Cool Humid
1071,PL426,Zone_5A Cool Humid
1072,PL427,Zone_5A Cool Humid
1073,PL428,Zone_5A Cool Humid
1074,PL431,Zone_5A Cool Humid
1075,PL432,Zone_5A Cool Humid
1076,PL514,Zone_5A Cool Humid
1077,PL515,Zone_5A Cool Humid
1078,PL516,Zone_5A Cool Humid
1079,PL517,Zone_5A Cool Humid
1080,PL518,Zone_5A Cool Humid
1081,PL523,Zone_5A Cool Humid
1082,PL524,Zone_5A Cool Humid
1083,PL613,Zone_5A Cool Humid
1084,PL616,Zone_5A Cool Humid
1085,PL617,Zone_5A Cool Humid
1086,PL618,Zone_5A Cool Humid
1087,PL619,Zone_5A Cool Humid
1088,PL621,Zone_5A Cool Humid
1089,PL622,Zone_5A Cool Humid
1090,PL623,Zone_5A Cool Humid
1091,PL633,Zone_5A Cool Humid
1092,PL634,Zone_5A Cool Humid
1093,PL636,Zone_5A Cool Humid
1094,PL637,Zone_5A Cool Humid
1095,PL638,Zone_5A Cool Humid
1096,PL711,Zone_5A Cool Humid
1097,PL712,Zone_5A Cool Humid
1098,PL713,Zone_5A Cool Humid
1099,PL714,Zone_5A Cool Humid
1100,PL715,Zone_5A Cool Humid
1101,PL721,Zone_5A Cool Humid
1102,PL722,Zone_5A Cool Humid
1103,PL811,Zone_5A Cool Humid
1104,PL812,Zone_5A Cool Humid
1105,PL814,Zone_5A Cool Humid
1106,PL815,Zone_5A Cool Humid
1107,PL821,Zone_5A Cool Humid
1108,PL822,Zone_5A Cool Humid
1109,PL823,Zone_5A Cool Humid
1110,PL824,Zone_5A Cool Humid
1111,PL841,Zone_5A Cool Humid
1112,PL842,Zone_5A Cool Humid
1113,PL843,Zone_5A Cool Humid
1114,PL911,Zone_5A Cool Humid
1115,PL912,Zone_5A Cool Humid
1116,PL913,Zone_5A Cool Humid
1117,PL921,Zone_5A Cool Humid
1118,PL922,Zone_5A Cool Humid
1119,PL923,Zone_5A Cool Humid
1120,PL924,Zone_5A Cool Humid
1121,PL925,Zone_5A Cool Humid
1122,PL926,Zone_5A Cool Humid
1123,PT111,Zone_3C Warm Marine
1124,PT112,Zone_4C Mixed Marine
1125,PT119,Zone_4C Mixed Marine
1126,PT11A,Zone_3C Warm Marine
1127,PT11B,Zone_4C Mixed Marine
1128,PT11C,Zone_3C Warm Marine
1129,PT11D,Zone_4C Mixed Marine
1130,PT11E,Zone_4A Mixed Humid
1131,PT150,Zone_3A Warm Humid
1132,PT191,Zone_3C Warm Marine
1133,PT192,Zone_3A Warm Humid
1134,PT193,Zone_3A Warm Humid
1135,PT194,Zone_3C Warm Marine
1136,PT195,Zone_3A Warm Humid
1137,PT196,Zone_3A Warm Humid
1138,PT1A0,Zone_3A Warm Humid
1139,PT1B0,Zone_3A Warm Humid
1140,PT1C1,Zone_3A Warm Humid
1141,PT1C2,Zone_3A Warm Humid
1142,PT1C3,Zone_3A Warm Humid
1143,PT1C4,Zone_3A Warm Humid
1144,PT1D1,Zone_3A Warm Humid
1145,PT1D2,Zone_3A Warm Humid
1146,PT1D3,Zone_3A Warm Humid
1147,PT200,Zone_3C Warm Marine
1148,PT300,Zone_3C Warm Marine
1149,RO111,Zone_5A Cool Humid
1150,RO112,Zone_5A Cool Humid
1151,RO113,Zone_5A Cool Humid
1152,RO114,Zone_6A Cold Humid
1153,RO115,Zone_5A Cool Humid
1154,RO116,Zone_5A Cool Humid
1155,RO121,Zone_5A Cool Humid
1156,RO122,Zone_5A Cool Humid
1157,RO123,Zone_6A Cold Humid
1158,RO124,Zone_6A Cold Humid
1159,RO125,Zone_5A Cool Humid
1160,RO126,Zone_5A Cool Humid
1161,RO211,Zone_5A Cool Humid
1162,RO212,Zone_5A Cool Humid
1163,RO213,Zone_5A Cool Humid
1164,RO214,Zone_5A Cool Humid
1165,RO215,Zone_6A Cold Humid
1166,RO216,Zone_5A Cool Humid
1167,RO221,Zone_4A Mixed Humid
1168,RO222,Zone_5A Cool Humid
1169,RO223,Zone_4A Mixed Humid
1170,RO224,Zone_5A Cool Humid
1171,RO225,Zone_4A Mixed Humid
1172,RO226,Zone_5A Cool Humid
1173,RO311,Zone_4A Mixed Humid
1174,RO312,Zone_4A Mixed Humid
1175,RO313,Zone_4A Mixed Humid
1176,RO314,Zone_4A Mixed Humid
1177,RO315,Zone_4A Mixed Humid
1178,RO316,Zone_5A Cool Humid
1179,RO317,Zone_4A Mixed Humid
1180,RO321,Zone_4A Mixed Humid
1181,RO322,Zone_4A Mixed Humid
1182,RO411,Zone_4A Mixed Humid
1183,RO412,Zone_5A Cool Humid
1184,RO413,Zone_4A Mixed Humid
1185,RO414,Zone_4A Mixed Humid
1186,RO415,Zone_4A Mixed Humid
1187,RO421,Zone_5A Cool Humid
1188,RO422,Zone_5A Cool Humid
1189,RO423,Zone_5A Cool Humid
1190,RO424,Zone_4A Mixed Humid
1191,RS110,Zone_4A Mixed Humid
1192,RS121,Zone_4A Mixed Humid
1193,RS122,Zone_4A Mixed Humid
1194,RS123,Zone_4A Mixed Humid
1195,RS124,Zone_4A Mixed Humid
1196,RS125,Zone_4A Mixed Humid
1197,RS126,Zone_4A Mixed Humid
1198,RS127,Zone_4A Mixed Humid
1199,RS211,Zone_5A Cool Humid
1200,RS212,Zone_4A Mixed Humid
1201,RS213,Zone_4A Mixed Humid
1202,RS214,Zone_5A Cool Humid
1203,RS215,Zone_4A Mixed Humid
1204,RS216,Zone_4A Mixed Humid
1205,RS217,Zone_4A Mixed Humid
1206,RS218,Zone_4A Mixed Humid
1207,RS221,Zone_5A Cool Humid
1208,RS222,Zone_4A Mixed Humid
1209,RS223,Zone_5A Cool Humid
1210,RS224,Zone_5A Cool Humid
1211,RS225,Zone_4A Mixed Humid
1212,RS226,Zone_5A Cool Humid
1213,RS227,Zone_4A Mixed Humid
1214,RS228,Zone_5A Cool Humid
1215,RS229,Zone_5A Cool Humid
1216,SE110,Zone_6A Cold Humid
1217,SE121,Zone_6A Cold Humid
1218,SE122,Zone_6A Cold Humid
1219,SE123,Zone_6A Cold Humid
1220,SE124,Zone_6A Cold Humid
1221,SE125,Zone_6A Cold Humid
1222,SE211,Zone_6A Cold Humid
1223,SE212,Zone_6A Cold Humid
1224,SE213,Zone_6A Cold Humid
1225,SE214,Zone_5A Cool Humid
1226,SE221,Zone_5A Cool Humid
1227,SE224,Zone_5A Cool Humid
1228,SE231,Zone_5A Cool Humid
1229,SE232,Zone_6A Cold Humid
1230,SE311,Zone_6A Cold Humid
1231,SE312,Zone_7A Very cold Humid
1232,SE313,Zone_7A Very cold Humid
1233,SE321,Zone_7A Very cold Humid
1234,SE322,Zone_7A Very cold Humid
1235,SE331,Zone_7A Very cold Humid
1236,SE332,Zone_8A Subarctic/arctic Humid
1237,SI031,Zone_4A Mixed Humid
1238,SI032,Zone_4A Mixed Humid
1239,SI033,Zone_5A Cool Humid
1240,SI034,Zone_4A Mixed Humid
1241,SI035,Zone_5A Cool Humid
1242,SI036,Zone_4A Mixed Humid
1243,SI037,Zone_5A Cool Humid
1244,SI038,Zone_5A Cool Humid
1245,SI041,Zone_5A Cool Humid
1246,SI042,Zone_5A Cool Humid
1247,SI043,Zone_7A Very cold Humid
1248,SI044,Zone_4A Mixed Humid
1249,SK010,Zone_5A Cool Humid
1250,SK021,Zone_5A Cool Humid
1251,SK022,Zone_5A Cool Humid
1252,SK023,Zone_5A Cool Humid
1253,SK031,Zone_6A Cold Humid
1254,SK032,Zone_5A Cool Humid
1255,SK041,Zone_6A Cold Humid
1256,SK042,Zone_5A Cool Humid
1257,TR100,Zone_3A Warm Humid
1258,TR211,Zone_4A Mixed Humid
1259,TR212,Zone_4A Mixed Humid
1260,TR213,Zone_4A Mixed Humid
1261,TR221,Zone_3A Warm Humid
1262,TR222,Zone_3A Warm Humid
1263,TR310,Zone_3A Warm Humid
1264,TR321,Zone_3A Warm Humid
1265,TR322,Zone_4A Mixed Humid
1266,TR323,Zone_3A Warm Humid
1267,TR331,Zone_3A Warm Humid
1268,TR332,Zone_4C Mixed Marine
1269,TR333,Zone_4C Mixed Marine
1270,TR334,Zone_4A Mixed Humid
1271,TR411,Zone_4C Mixed Marine
1272,TR412,Zone_4C Mixed Marine
1273,TR413,Zone_4C Mixed Marine
1274,TR421,Zone_3A Warm Humid
1275,TR422,Zone_4A Mixed Humid
1276,TR423,Zone_4A Mixed Humid
1277,TR424,Zone_5A Cool Humid
1278,TR425,Zone_3A Warm Humid
1279,TR510,Zone_5C Cool Marine
1280,TR521,Zone_4C Mixed Marine
1281,TR522,Zone_5C Cool Marine
1282,TR611,Zone_4A Mixed Humid
1283,TR612,Zone_4A Mixed Humid
1284,TR613,Zone_4A Mixed Humid
1285,TR621,Zone_3A Warm Humid
1286,TR622,Zone_3A Warm Humid
1287,TR631,Zone_3A Warm Humid
1288,TR632,Zone_5A Cool Humid
1289,TR633,Zone_3A Warm Humid
1290,TR711,Zone_4A Mixed Humid
1291,TR712,Zone_4A Mixed Humid
1292,TR713,Zone_4C Mixed Marine
1293,TR714,Zone_4C Mixed Marine
1294,TR715,Zone_4C Mixed Marine
1295,TR721,Zone_5A Cool Humid
1296,TR722,Zone_5A Cool Humid
1297,TR723,Zone_5C Cool Marine
1298,TR811,Zone_4A Mixed Humid
1299,TR812,Zone_4A Mixed Humid
1300,TR813,Zone_4A Mixed Humid
1301,TR821,Zone_5A Cool Humid
1302,TR822,Zone_5A Cool Humid
1303,TR823,Zone_5A Cool Humid
1304,TR831,Zone_4A Mixed Humid
1305,TR832,Zone_5C Cool Marine
1306,TR833,Zone_5C Cool Marine
1307,TR834,Zone_4C Mixed Marine
1308,TR901,Zone_5C Cool Marine
1309,TR902,Zone_5A Cool Humid
1310,TR903,Zone_5A Cool Humid
1311,TR904,Zone_4C Mixed Marine
1312,TR905,Zone_5A Cool Humid
1313,TR906,Zone_5A Cool Humid
1314,TRA11,Zone_6A Cold Humid
1315,TRA12,Zone_5A Cool Humid
1316,TRA13,Zone_6A Cold Humid
1317,TRA21,Zone_6A Cold Humid
1318,TRA22,Zone_7A Very cold Humid
1319,TRA23,Zone_5B Cool Dry
1320,TRA24,Zone_7A Very cold Humid
1321,TRB11,Zone_4A Mixed Humid
1322,TRB12,Zone_4A Mixed Humid
1323,TRB13,Zone_5A Cool Humid
1324,TRB14,Zone_5A Cool Humid
1325,TRB21,Zone_5C Cool Marine
1326,TRB22,Zone_5A Cool Humid
1327,TRB23,Zone_5A Cool Humid
1328,TRB24,Zone_5A Cool Humid
1329,TRC11,Zone_3A Warm Humid
1330,TRC12,Zone_3A Warm Humid
1331,TRC13,Zone_3A Warm Humid
1332,TRC21,Zone_3A Warm Humid
1333,TRC22,Zone_4A Mixed Humid
1334,TRC31,Zone_3A Warm Humid
1335,TRC32,Zone_3A Warm Humid
1336,TRC33,Zone_2A Hot Humid
1337,TRC34,Zone_4A Mixed Humid
1338,XK001,Zone_5A Cool Humid
1339,XK002,Zone_5A Cool Humid
1340,XK003,Zone_6A Cold Humid
1341,XK004,Zone_5A Cool Humid
1342,XK005,Zone_5A Cool Humid
1343,XK006,Zone_5A Cool Humid
1344,XK007,Zone_5C Cool Marine
