DATAFLOW,LAST UPDATE,freq,hhcaract,deg_urb,geo,TIME_PERIOD,OBS_VALUE,OBS_FLAG,CONF_STATUS
ESTAT:HBS_CAR_T315(1.0),15/10/25 23:00:00,Annual,Average number of persons in the household,Cities,Austria,2020,2.02,,
ESTAT:HBS_CAR_T315(1.0),15/10/25 23:00:00,Annual,Average number of persons in the household,Cities,Belgium,2020,2.11,,
ESTAT:HBS_CAR_T315(1.0),15/10/25 23:00:00,Annual,Average number of persons in the household,Cities,Bulgaria,2020,2.06,,
ESTAT:HBS_CAR_T315(1.0),15/10/25 23:00:00,Annual,Average number of persons in the household,Cities,Cyprus,2020,2.51,e,
ESTAT:HBS_CAR_T315(1.0),15/10/25 23:00:00,Annual,Average number of persons in the household,Cities,Czechia,2020,2.2,,
ESTAT:HBS_CAR_T315(1.0),15/10/25 23:00:00,Annual,Average number of persons in the household,Cities,Germany,2020,1.85,,
ESTAT:HBS_CAR_T315(1.0),15/10/25 23:00:00,Annual,Average number of persons in the household,Cities,Denmark,2020,1.96,,
ESTAT:HBS_CAR_T315(1.0),15/10/25 23:00:00,Annual,Average number of persons in the household,Cities,Estonia,2020,2.09,,
ESTAT:HBS_CAR_T315(1.0),15/10/25 23:00:00,Annual,Average number of persons in the household,Cities,Greece,2020,2.42,,
ESTAT:HBS_CAR_T315(1.0),15/10/25 23:00:00,Annual,Average number of persons in the household,Cities,Spain,2020,2.43,,
ESTAT:HBS_CAR_T315(1.0),15/10/25 23:00:00,Annual,Average number of persons in the household,Cities,European Union - 27 countries (from 2020),2020,2.18,e,
ESTAT:HBS_CAR_T315(1.0),15/10/25 23:00:00,Annual,Average number of persons in the household,Cities,Finland,2020,1.81,,
ESTAT:HBS_CAR_T315(1.0),15/10/25 23:00:00,Annual,Average number of persons in the household,Cities,France,2020,2.13,e,
ESTAT:HBS_CAR_T315(1.0),15/10/25 23:00:00,Annual,Average number of persons in the household,Cities,Croatia,2020,2.62,,
ESTAT:HBS_CAR_T315(1.0),15/10/25 23:00:00,Annual,Average number of persons in the household,Cities,Hungary,2020,2.09,,
ESTAT:HBS_CAR_T315(1.0),15/10/25 23:00:00,Annual,Average number of persons in the household,Cities,Ireland,2020,2.6,,
ESTAT:HBS_CAR_T315(1.0),15/10/25 23:00:00,Annual,Average number of persons in the household,Cities,Italy,2020,2.21,,
ESTAT:HBS_CAR_T315(1.0),15/10/25 23:00:00,Annual,Average number of persons in the household,Cities,Lithuania,2020,1.81,,
ESTAT:HBS_CAR_T315(1.0),15/10/25 23:00:00,Annual,Average number of persons in the household,Cities,Luxembourg,2020,1.87,,
ESTAT:HBS_CAR_T315(1.0),15/10/25 23:00:00,Annual,Average number of persons in the household,Cities,Latvia,2020,2.15,,
ESTAT:HBS_CAR_T315(1.0),15/10/25 23:00:00,Annual,Average number of persons in the household,Cities,Malta,2020,2.58,e,
ESTAT:HBS_CAR_T315(1.0),15/10/25 23:00:00,Annual,Average number of persons in the household,Cities,Netherlands,2020,2.08,,
ESTAT:HBS_CAR_T315(1.0),15/10/25 23:00:00,Annual,Average number of persons in the household,Cities,Norway,2020,1.96,,
ESTAT:HBS_CAR_T315(1.0),15/10/25 23:00:00,Annual,Average number of persons in the household,Cities,Poland,2020,2.44,,
ESTAT:HBS_CAR_T315(1.0),15/10/25 23:00:00,Annual,Average number of persons in the household,Cities,Portugal,2020,2.47,,
ESTAT:HBS_CAR_T315(1.0),15/10/25 23:00:00,Annual,Average number of persons in the household,Cities,Romania,2020,2.37,,
ESTAT:HBS_CAR_T315(1.0),15/10/25 23:00:00,Annual,Average number of persons in the household,Cities,Slovenia,2020,2.27,,
ESTAT:HBS_CAR_T315(1.0),15/10/25 23:00:00,Annual,Average number of persons in the household,Cities,Slovakia,2020,2.67,,
ESTAT:HBS_CAR_T315(1.0),15/10/25 23:00:00,Annual,Average number of persons in the household,Towns and suburbs,Austria,2020,2.16,,
ESTAT:HBS_CAR_T315(1.0),15/10/25 23:00:00,Annual,Average number of persons in the household,Towns and suburbs,Belgium,2020,2.29,,
ESTAT:HBS_CAR_T315(1.0),15/10/25 23:00:00,Annual,Average number of persons in the household,Towns and suburbs,Bulgaria,2020,2.33,,
ESTAT:HBS_CAR_T315(1.0),15/10/25 23:00:00,Annual,Average number of persons in the household,Towns and suburbs,Cyprus,2020,2.94,e,
ESTAT:HBS_CAR_T315(1.0),15/10/25 23:00:00,Annual,Average number of persons in the household,Towns and suburbs,Czechia,2020,2.28,,
ESTAT:HBS_CAR_T315(1.0),15/10/25 23:00:00,Annual,Average number of persons in the household,Towns and suburbs,Germany,2020,2.12,,
ESTAT:HBS_CAR_T315(1.0),15/10/25 23:00:00,Annual,Average number of persons in the household,Towns and suburbs,Denmark,2020,2.12,,
ESTAT:HBS_CAR_T315(1.0),15/10/25 23:00:00,Annual,Average number of persons in the household,Towns and suburbs,Estonia,2020,2.48,,
ESTAT:HBS_CAR_T315(1.0),15/10/25 23:00:00,Annual,Average number of persons in the household,Towns and suburbs,Greece,2020,2.69,,
ESTAT:HBS_CAR_T315(1.0),15/10/25 23:00:00,Annual,Average number of persons in the household,Towns and suburbs,Spain,2020,2.55,,
ESTAT:HBS_CAR_T315(1.0),15/10/25 23:00:00,Annual,Average number of persons in the household,Towns and suburbs,European Union - 27 countries (from 2020),2020,2.38,e,
ESTAT:HBS_CAR_T315(1.0),15/10/25 23:00:00,Annual,Average number of persons in the household,Towns and suburbs,Finland,2020,1.8,,
ESTAT:HBS_CAR_T315(1.0),15/10/25 23:00:00,Annual,Average number of persons in the household,Towns and suburbs,France,2020,2.27,e,
ESTAT:HBS_CAR_T315(1.0),15/10/25 23:00:00,Annual,Average number of persons in the household,Towns and suburbs,Croatia,2020,2.85,,
ESTAT:HBS_CAR_T315(1.0),15/10/25 23:00:00,Annual,Average number of persons in the household,Towns and suburbs,Hungary,2020,2.4,,
ESTAT:HBS_CAR_T315(1.0),15/10/25 23:00:00,Annual,Average number of persons in the household,Towns and suburbs,Ireland,2020,2.93,,
ESTAT:HBS_CAR_T315(1.0),15/10/25 23:00:00,Annual,Average number of persons in the household,Towns and suburbs,Italy,2020,2.36,,
ESTAT:HBS_CAR_T315(1.0),15/10/25 23:00:00,Annual,Average number of persons in the household,Towns and suburbs,Lithuania,2020,1.98,,
ESTAT:HBS_CAR_T315(1.0),15/10/25 23:00:00,Annual,Average number of persons in the household,Towns and suburbs,Luxembourg,2020,2.35,,
ESTAT:HBS_CAR_T315(1.0),15/10/25 23:00:00,Annual,Average number of persons in the household,Towns and suburbs,Latvia,2020,2.35,,
ESTAT:HBS_CAR_T315(1.0),15/10/25 23:00:00,Annual,Average number of persons in the household,Towns and suburbs,Malta,2020,2.46,e,
ESTAT:HBS_CAR_T315(1.0),15/10/25 23:00:00,Annual,Average number of persons in the household,Towns and suburbs,Netherlands,2020,2.27,,
ESTAT:HBS_CAR_T315(1.0),15/10/25 23:00:00,Annual,Average number of persons in the household,Towns and suburbs,Norway,2020,2.13,,
ESTAT:HBS_CAR_T315(1.0),15/10/25 23:00:00,Annual,Average number of persons in the household,Towns and suburbs,Poland,2020,2.78,,
ESTAT:HBS_CAR_T315(1.0),15/10/25 23:00:00,Annual,Average number of persons in the household,Towns and suburbs,Portugal,2020,2.56,,
ESTAT:HBS_CAR_T315(1.0),15/10/25 23:00:00,Annual,Average number of persons in the household,Towns and suburbs,Romania,2020,2.69,,
ESTAT:HBS_CAR_T315(1.0),15/10/25 23:00:00,Annual,Average number of persons in the household,Towns and suburbs,Slovenia,2020,2.47,,
ESTAT:HBS_CAR_T315(1.0),15/10/25 23:00:00,Annual,Average number of persons in the household,Towns and suburbs,Slovakia,2020,2.83,,
ESTAT:HBS_CAR_T315(1.0),15/10/25 23:00:00,Annual,Average number of persons in the household,Rural areas,Austria,2020,2.4,,
ESTAT:HBS_CAR_T315(1.0),15/10/25 23:00:00,Annual,Average number of persons in the household,Rural areas,Belgium,2020,2.3,,
ESTAT:HBS_CAR_T315(1.0),15/10/25 23:00:00,Annual,Average number of persons in the household,Rural areas,Bulgaria,2020,2.24,,
ESTAT:HBS_CAR_T315(1.0),15/10/25 23:00:00,Annual,Average number of persons in the household,Rural areas,Cyprus,2020,2.88,e,
ESTAT:HBS_CAR_T315(1.0),15/10/25 23:00:00,Annual,Average number of persons in the household,Rural areas,Czechia,2020,2.49,,
ESTAT:HBS_CAR_T315(1.0),15/10/25 23:00:00,Annual,Average number of persons in the household,Rural areas,Germany,2020,2.28,,
ESTAT:HBS_CAR_T315(1.0),15/10/25 23:00:00,Annual,Average number of persons in the household,Rural areas,Denmark,2020,2.11,,
ESTAT:HBS_CAR_T315(1.0),15/10/25 23:00:00,Annual,Average number of persons in the household,Rural areas,Estonia,2020,2.19,,
ESTAT:HBS_CAR_T315(1.0),15/10/25 23:00:00,Annual,Average number of persons in the household,Rural areas,Greece,2020,2.63,,
ESTAT:HBS_CAR_T315(1.0),15/10/25 23:00:00,Annual,Average number of persons in the household,Rural areas,Spain,2020,2.54,,
ESTAT:HBS_CAR_T315(1.0),15/10/25 23:00:00,Annual,Average number of persons in the household,Rural areas,European Union - 27 countries (from 2020),2020,2.48,e,
ESTAT:HBS_CAR_T315(1.0),15/10/25 23:00:00,Annual,Average number of persons in the household,Rural areas,Finland,2020,2.1,,
ESTAT:HBS_CAR_T315(1.0),15/10/25 23:00:00,Annual,Average number of persons in the household,Rural areas,France,2020,2.36,e,
ESTAT:HBS_CAR_T315(1.0),15/10/25 23:00:00,Annual,Average number of persons in the household,Rural areas,Croatia,2020,2.94,,
ESTAT:HBS_CAR_T315(1.0),15/10/25 23:00:00,Annual,Average number of persons in the household,Rural areas,Hungary,2020,2.54,,
ESTAT:HBS_CAR_T315(1.0),15/10/25 23:00:00,Annual,Average number of persons in the household,Rural areas,Ireland,2020,2.76,,
ESTAT:HBS_CAR_T315(1.0),15/10/25 23:00:00,Annual,Average number of persons in the household,Rural areas,Italy,2020,2.28,,
ESTAT:HBS_CAR_T315(1.0),15/10/25 23:00:00,Annual,Average number of persons in the household,Rural areas,Lithuania,2020,2.02,,
ESTAT:HBS_CAR_T315(1.0),15/10/25 23:00:00,Annual,Average number of persons in the household,Rural areas,Luxembourg,2020,2.57,,
ESTAT:HBS_CAR_T315(1.0),15/10/25 23:00:00,Annual,Average number of persons in the household,Rural areas,Latvia,2020,2.38,,
ESTAT:HBS_CAR_T315(1.0),15/10/25 23:00:00,Annual,Average number of persons in the household,Rural areas,Netherlands,2020,2.33,,
ESTAT:HBS_CAR_T315(1.0),15/10/25 23:00:00,Annual,Average number of persons in the household,Rural areas,Norway,2020,2.09,,
ESTAT:HBS_CAR_T315(1.0),15/10/25 23:00:00,Annual,Average number of persons in the household,Rural areas,Poland,2020,3.32,,
ESTAT:HBS_CAR_T315(1.0),15/10/25 23:00:00,Annual,Average number of persons in the household,Rural areas,Portugal,2020,2.55,,
ESTAT:HBS_CAR_T315(1.0),15/10/25 23:00:00,Annual,Average number of persons in the household,Rural areas,Romania,2020,2.66,,
ESTAT:HBS_CAR_T315(1.0),15/10/25 23:00:00,Annual,Average number of persons in the household,Rural areas,Slovenia,2020,2.59,,
ESTAT:HBS_CAR_T315(1.0),15/10/25 23:00:00,Annual,Average number of persons in the household,Rural areas,Slovakia,2020,3.21,,
ESTAT:HBS_CAR_T315(1.0),15/10/25 23:00:00,Annual,Average number of persons in the household,Total,Austria,2020,2.2,,
ESTAT:HBS_CAR_T315(1.0),15/10/25 23:00:00,Annual,Average number of persons in the household,Total,Belgium,2020,2.23,,
ESTAT:HBS_CAR_T315(1.0),15/10/25 23:00:00,Annual,Average number of persons in the household,Total,Bulgaria,2020,2.17,,
ESTAT:HBS_CAR_T315(1.0),15/10/25 23:00:00,Annual,Average number of persons in the household,Total,Cyprus,2020,2.7,e,
ESTAT:HBS_CAR_T315(1.0),15/10/25 23:00:00,Annual,Average number of persons in the household,Total,Czechia,2020,2.33,,
ESTAT:HBS_CAR_T315(1.0),15/10/25 23:00:00,Annual,Average number of persons in the household,Total,Germany,2020,1.98,,
ESTAT:HBS_CAR_T315(1.0),15/10/25 23:00:00,Annual,Average number of persons in the household,Total,Denmark,2020,2.05,,
ESTAT:HBS_CAR_T315(1.0),15/10/25 23:00:00,Annual,Average number of persons in the household,Total,Estonia,2020,2.15,,
ESTAT:HBS_CAR_T315(1.0),15/10/25 23:00:00,Annual,Average number of persons in the household,Total,Greece,2020,2.55,,
ESTAT:HBS_CAR_T315(1.0),15/10/25 23:00:00,Annual,Average number of persons in the household,Total,Spain,2020,2.49,,
ESTAT:HBS_CAR_T315(1.0),15/10/25 23:00:00,Annual,Average number of persons in the household,Total,European Union - 27 countries (from 2020),2020,2.31,e,
ESTAT:HBS_CAR_T315(1.0),15/10/25 23:00:00,Annual,Average number of persons in the household,Total,Finland,2020,1.88,,
ESTAT:HBS_CAR_T315(1.0),15/10/25 23:00:00,Annual,Average number of persons in the household,Total,France,2020,2.23,e,
ESTAT:HBS_CAR_T315(1.0),15/10/25 23:00:00,Annual,Average number of persons in the household,Total,Croatia,2020,2.8,,
ESTAT:HBS_CAR_T315(1.0),15/10/25 23:00:00,Annual,Average number of persons in the household,Total,Hungary,2020,2.33,,
ESTAT:HBS_CAR_T315(1.0),15/10/25 23:00:00,Annual,Average number of persons in the household,Total,Ireland,2020,2.76,,
ESTAT:HBS_CAR_T315(1.0),15/10/25 23:00:00,Annual,Average number of persons in the household,Total,Italy,2020,2.29,,
ESTAT:HBS_CAR_T315(1.0),15/10/25 23:00:00,Annual,Average number of persons in the household,Total,Lithuania,2020,1.92,,
ESTAT:HBS_CAR_T315(1.0),15/10/25 23:00:00,Annual,Average number of persons in the household,Total,Luxembourg,2020,2.29,,
ESTAT:HBS_CAR_T315(1.0),15/10/25 23:00:00,Annual,Average number of persons in the household,Total,Latvia,2020,2.27,,
ESTAT:HBS_CAR_T315(1.0),15/10/25 23:00:00,Annual,Average number of persons in the household,Total,Montenegro,2020,2.78,,
ESTAT:HBS_CAR_T315(1.0),15/10/25 23:00:00,Annual,Average number of persons in the household,Total,Malta,2020,2.57,e,
ESTAT:HBS_CAR_T315(1.0),15/10/25 23:00:00,Annual,Average number of persons in the household,Total,Netherlands,2020,2.16,,
ESTAT:HBS_CAR_T315(1.0),15/10/25 23:00:00,Annual,Average number of persons in the household,Total,Norway,2020,2.06,,
ESTAT:HBS_CAR_T315(1.0),15/10/25 23:00:00,Annual,Average number of persons in the household,Total,Poland,2020,2.8,,
ESTAT:HBS_CAR_T315(1.0),15/10/25 23:00:00,Annual,Average number of persons in the household,Total,Portugal,2020,2.52,,
ESTAT:HBS_CAR_T315(1.0),15/10/25 23:00:00,Annual,Average number of persons in the household,Total,Romania,2020,2.57,,
ESTAT:HBS_CAR_T315(1.0),15/10/25 23:00:00,Annual,Average number of persons in the household,Total,Serbia,2020,2.68,,
ESTAT:HBS_CAR_T315(1.0),15/10/25 23:00:00,Annual,Average number of persons in the household,Total,Slovenia,2020,2.48,,
ESTAT:HBS_CAR_T315(1.0),15/10/25 23:00:00,Annual,Average number of persons in the household,Total,Slovakia,2020,2.91,,
ESTAT:HBS_CAR_T315(1.0),15/10/25 23:00:00,Annual,Average number of persons in the household,Total,Türkiye,2020,3.33,,
ESTAT:HBS_CAR_T315(1.0),15/10/25 23:00:00,Annual,Average number of persons in the household,Unknown,Luxembourg,2020,1.83,u,
ESTAT:HBS_CAR_T315(1.0),15/10/25 23:00:00,Annual,Average number of persons in the household,Unknown,Montenegro,2020,2.78,,
ESTAT:HBS_CAR_T315(1.0),15/10/25 23:00:00,Annual,Average number of persons in the household,Unknown,Serbia,2020,2.68,,
ESTAT:HBS_CAR_T315(1.0),15/10/25 23:00:00,Annual,Average number of persons in the household,Unknown,Türkiye,2020,3.33,,
