region_bld,inc_cl,year,value
C-EEU-BGR,q1,2015,0.03065091775
C-EEU-BGR,q1,2020,0.043751465249999996
C-EEU-BGR,q1,2025,0.0595614035
C-EEU-BGR,q1,2030,0.08152215925
C-EEU-BGR,q1,2035,0.10561356175
C-EEU-BGR,q1,2040,0.13471947925
C-EEU-BGR,q1,2045,0.15531962924999998
C-EEU-BGR,q1,2050,0.18004925724999998
C-EEU-BGR,q1,2055,0.2014656145
C-EEU-BGR,q1,2060,0.22085577725
C-EEU-BGR,q1,2065,0.2444831615
C-EEU-BGR,q1,2070,0.265080348
C-EEU-BGR,q1,2075,0.2772354025
C-EEU-BGR,q1,2080,0.28973359
C-EEU-BGR,q1,2085,0.2981512255
C-EEU-BGR,q1,2090,0.30998740925
C-EEU-BGR,q1,2095,0.31426784274999997
C-EEU-BGR,q1,2100,0.322905898
C-EEU-BGR,q2,2015,0.11161853375
C-EEU-BGR,q2,2020,0.18198117825
C-EEU-BGR,q2,2025,0.2464869215
C-EEU-BGR,q2,2030,0.29696463424999997
C-EEU-BGR,q2,2035,0.336002118
C-EEU-BGR,q2,2040,0.36155850075
C-EEU-BGR,q2,2045,0.3818570485
C-EEU-BGR,q2,2050,0.3916866875
C-EEU-BGR,q2,2055,0.398193395
C-EEU-BGR,q2,2060,0.403692636
C-EEU-BGR,q2,2065,0.4057646375
C-EEU-BGR,q2,2070,0.4069198585
C-EEU-BGR,q2,2075,0.40737727275
C-EEU-BGR,q2,2080,0.40772325924999997
C-EEU-BGR,q2,2085,0.40784934375000004
C-EEU-BGR,q2,2090,0.40797399375
C-EEU-BGR,q2,2095,0.40799822275
C-EEU-BGR,q2,2100,0.408027971
C-EEU-BGR,q3,2015,0.33440942525
C-EEU-BGR,q3,2020,0.386689971
C-EEU-BGR,q3,2025,0.404358408
C-EEU-BGR,q3,2030,0.40729002324999997
C-EEU-BGR,q3,2035,0.40795067075
C-EEU-BGR,q3,2040,0.408037006
C-EEU-BGR,q3,2045,0.40805053025
C-EEU-BGR,q3,2050,0.40805264425
C-EEU-BGR,q3,2055,0.4080529055
C-EEU-BGR,q3,2060,0.408052956
C-EEU-BGR,q3,2065,0.40805295875
C-EEU-BGR,q3,2070,0.408052959
C-EEU-BGR,q3,2075,0.408052959
C-EEU-BGR,q3,2080,0.408052959
C-EEU-BGR,q3,2085,0.408052959
C-EEU-BGR,q3,2090,0.408052959
C-EEU-BGR,q3,2095,0.408052959
C-EEU-BGR,q3,2100,0.408052959
C-EEU-CZE,q1,2015,0.08772931
C-EEU-CZE,q1,2020,0.110082265
C-EEU-CZE,q1,2025,0.13044602
C-EEU-CZE,q1,2030,0.1503682
C-EEU-CZE,q1,2035,0.1650391
C-EEU-CZE,q1,2040,0.17882075
C-EEU-CZE,q1,2045,0.1885345
C-EEU-CZE,q1,2050,0.1948797
C-EEU-CZE,q1,2055,0.2000384
C-EEU-CZE,q1,2060,0.20533505000000002
C-EEU-CZE,q1,2065,0.20900605
C-EEU-CZE,q1,2070,0.21065129999999996
C-EEU-CZE,q1,2075,0.21186885
C-EEU-CZE,q1,2080,0.21217315
C-EEU-CZE,q1,2085,0.2126344
C-EEU-CZE,q1,2090,0.2128237
C-EEU-CZE,q1,2095,0.212961
C-EEU-CZE,q1,2100,0.2130041
C-EEU-CZE,q2,2015,0.1663022
C-EEU-CZE,q2,2020,0.1847013
C-EEU-CZE,q2,2025,0.1974459
C-EEU-CZE,q2,2030,0.20617975
C-EEU-CZE,q2,2035,0.2096483
C-EEU-CZE,q2,2040,0.21165635
C-EEU-CZE,q2,2045,0.21240045
C-EEU-CZE,q2,2050,0.21276485
C-EEU-CZE,q2,2055,0.2129138
C-EEU-CZE,q2,2060,0.21300465000000002
C-EEU-CZE,q2,2065,0.2130414
C-EEU-CZE,q2,2070,0.21305335
C-EEU-CZE,q2,2075,0.21305754999999998
C-EEU-CZE,q2,2080,0.21305845
C-EEU-CZE,q2,2085,0.2130589
C-EEU-CZE,q2,2090,0.213059
C-EEU-CZE,q2,2095,0.2130591
C-EEU-CZE,q2,2100,0.2130591
C-EEU-CZE,q3,2015,0.2095397
C-EEU-CZE,q3,2020,0.2121438
C-EEU-CZE,q3,2025,0.21282985
C-EEU-CZE,q3,2030,0.21301655
C-EEU-CZE,q3,2035,0.21305085
C-EEU-CZE,q3,2040,0.21305744999999998
C-EEU-CZE,q3,2045,0.2130588
C-EEU-CZE,q3,2050,0.21305905
C-EEU-CZE,q3,2055,0.2130591
C-EEU-CZE,q3,2060,0.2130591
C-EEU-CZE,q3,2065,0.2130591
C-EEU-CZE,q3,2070,0.2130591
C-EEU-CZE,q3,2075,0.2130591
C-EEU-CZE,q3,2080,0.2130591
C-EEU-CZE,q3,2085,0.2130591
C-EEU-CZE,q3,2090,0.2130591
C-EEU-CZE,q3,2095,0.2130591
C-EEU-CZE,q3,2100,0.2130591
C-EEU-EST,q1,2015,0.01860635
C-EEU-EST,q1,2020,0.02765461
C-EEU-EST,q1,2025,0.03681136
C-EEU-EST,q1,2030,0.04946332
C-EEU-EST,q1,2035,0.060686155
C-EEU-EST,q1,2040,0.0705864
C-EEU-EST,q1,2045,0.078450665
C-EEU-EST,q1,2050,0.08500971
C-EEU-EST,q1,2055,0.09017158
C-EEU-EST,q1,2060,0.09452192000000001
C-EEU-EST,q1,2065,0.09823372999999999
C-EEU-EST,q1,2070,0.10028941499999999
C-EEU-EST,q1,2075,0.1017363
C-EEU-EST,q1,2080,0.1024722
C-EEU-EST,q1,2085,0.10289215
C-EEU-EST,q1,2090,0.10312065
C-EEU-EST,q1,2095,0.10323675
C-EEU-EST,q1,2100,0.10328645
C-EEU-EST,q2,2015,0.062266395
C-EEU-EST,q2,2020,0.07482635
C-EEU-EST,q2,2025,0.085113925
C-EEU-EST,q2,2030,0.09351774
C-EEU-EST,q2,2035,0.097897185
C-EEU-EST,q2,2040,0.100801625
C-EEU-EST,q2,2045,0.10209950000000001
C-EEU-EST,q2,2050,0.1026745
C-EEU-EST,q2,2055,0.1030132
C-EEU-EST,q2,2060,0.10318515
C-EEU-EST,q2,2065,0.10326015
C-EEU-EST,q2,2070,0.10329445000000001
C-EEU-EST,q2,2075,0.103309
C-EEU-EST,q2,2080,0.1033146
C-EEU-EST,q2,2085,0.1033173
C-EEU-EST,q2,2090,0.10331845
C-EEU-EST,q2,2095,0.10331894999999999
C-EEU-EST,q2,2100,0.10331915
C-EEU-EST,q3,2015,0.10045924
C-EEU-EST,q3,2020,0.10255534999999999
C-EEU-EST,q3,2025,0.1030914
C-EEU-EST,q3,2030,0.1032699
C-EEU-EST,q3,2035,0.10330675
C-EEU-EST,q3,2040,0.10331625
C-EEU-EST,q3,2045,0.10331835
C-EEU-EST,q3,2050,0.10331894999999999
C-EEU-EST,q3,2055,0.10331915
C-EEU-EST,q3,2060,0.1033192
C-EEU-EST,q3,2065,0.1033192
C-EEU-EST,q3,2070,0.1033192
C-EEU-EST,q3,2075,0.1033192
C-EEU-EST,q3,2080,0.1033192
C-EEU-EST,q3,2085,0.1033192
C-EEU-EST,q3,2090,0.1033192
C-EEU-EST,q3,2095,0.1033192
C-EEU-EST,q3,2100,0.1033192
C-EEU-HRV,q1,2015,0.10041276716666665
C-EEU-HRV,q1,2020,0.09331353416666666
C-EEU-HRV,q1,2025,0.08863953083333333
C-EEU-HRV,q1,2030,0.09071662166666666
C-EEU-HRV,q1,2035,0.09693504050000001
C-EEU-HRV,q1,2040,0.10625450266666665
C-EEU-HRV,q1,2045,0.12032395166666665
C-EEU-HRV,q1,2050,0.13479596883333334
C-EEU-HRV,q1,2055,0.15286318283333333
C-EEU-HRV,q1,2060,0.15422234416666666
C-EEU-HRV,q1,2065,0.17814794616666665
C-EEU-HRV,q1,2070,0.20446231883333332
C-EEU-HRV,q1,2075,0.23124972033333333
C-EEU-HRV,q1,2080,0.2607374425
C-EEU-HRV,q1,2085,0.2884803831666667
C-EEU-HRV,q1,2090,0.3143089763333333
C-EEU-HRV,q1,2095,0.33573230633333334
C-EEU-HRV,q1,2100,0.36084337966666663
C-EEU-HRV,q2,2015,0.19489262649999997
C-EEU-HRV,q2,2020,0.19797699783333333
C-EEU-HRV,q2,2025,0.20488233633333333
C-EEU-HRV,q2,2030,0.21858574233333336
C-EEU-HRV,q2,2035,0.23757237983333332
C-EEU-HRV,q2,2040,0.26098760466666665
C-EEU-HRV,q2,2045,0.28817262299999996
C-EEU-HRV,q2,2050,0.2758717368333334
C-EEU-HRV,q2,2055,0.31351039566666666
C-EEU-HRV,q2,2060,0.36119575416666666
C-EEU-HRV,q2,2065,0.3890254031666667
C-EEU-HRV,q2,2070,0.40637631516666667
C-EEU-HRV,q2,2075,0.42437596433333336
C-EEU-HRV,q2,2080,0.44235624716666666
C-EEU-HRV,q2,2085,0.4549926593333333
C-EEU-HRV,q2,2090,0.46339419233333334
C-EEU-HRV,q2,2095,0.4694433468333334
C-EEU-HRV,q2,2100,0.47471128133333335
C-EEU-HRV,q3,2015,0.43349921733333335
C-EEU-HRV,q3,2020,0.44309971016666666
C-EEU-HRV,q3,2025,0.44702437500000003
C-EEU-HRV,q3,2030,0.44894127683333335
C-EEU-HRV,q3,2035,0.4491425023333333
C-EEU-HRV,q3,2040,0.45159834299999996
C-EEU-HRV,q3,2045,0.469015083
C-EEU-HRV,q3,2050,0.5157874198333333
C-EEU-HRV,q3,2055,0.5299416036666666
C-EEU-HRV,q3,2060,0.5277305143333333
C-EEU-HRV,q3,2065,0.5239320436666667
C-EEU-HRV,q3,2070,0.5174229406666667
C-EEU-HRV,q3,2075,0.5112770018333334
C-EEU-HRV,q3,2080,0.5052847518333333
C-EEU-HRV,q3,2085,0.5000509271666667
C-EEU-HRV,q3,2090,0.49515802800000003
C-EEU-HRV,q3,2095,0.4907041876666667
C-EEU-HRV,q3,2100,0.48760884016666667
C-EEU-HUN,q1,2015,0.0719192325
C-EEU-HUN,q1,2020,0.08607079249999998
C-EEU-HUN,q1,2025,0.10856973749999999
C-EEU-HUN,q1,2030,0.138615095
C-EEU-HUN,q1,2035,0.1746174075
C-EEU-HUN,q1,2040,0.20267732
C-EEU-HUN,q1,2045,0.23502717499999998
C-EEU-HUN,q1,2050,0.26402139999999996
C-EEU-HUN,q1,2055,0.2881679
C-EEU-HUN,q1,2060,0.3130191
C-EEU-HUN,q1,2065,0.333500425
C-EEU-HUN,q1,2070,0.352747325
C-EEU-HUN,q1,2075,0.365230375
C-EEU-HUN,q1,2080,0.3772008
C-EEU-HUN,q1,2085,0.383438025
C-EEU-HUN,q1,2090,0.386816875
C-EEU-HUN,q1,2095,0.389239625
C-EEU-HUN,q1,2100,0.39052355
C-EEU-HUN,q2,2015,0.1936759125
C-EEU-HUN,q2,2020,0.22182225
C-EEU-HUN,q2,2025,0.2570872
C-EEU-HUN,q2,2030,0.29069295
C-EEU-HUN,q2,2035,0.320555375
C-EEU-HUN,q2,2040,0.3437788
C-EEU-HUN,q2,2045,0.361729675
C-EEU-HUN,q2,2050,0.375167325
C-EEU-HUN,q2,2055,0.382888825
C-EEU-HUN,q2,2060,0.38703302500000003
C-EEU-HUN,q2,2065,0.39006255
C-EEU-HUN,q2,2070,0.39118535
C-EEU-HUN,q2,2075,0.39174057500000004
C-EEU-HUN,q2,2080,0.392003775
C-EEU-HUN,q2,2085,0.3920992
C-EEU-HUN,q2,2090,0.392131325
C-EEU-HUN,q2,2095,0.392152025
C-EEU-HUN,q2,2100,0.392158125
C-EEU-HUN,q3,2015,0.3388164
C-EEU-HUN,q3,2020,0.356135225
C-EEU-HUN,q3,2025,0.373883625
C-EEU-HUN,q3,2030,0.3843217
C-EEU-HUN,q3,2035,0.38924865
C-EEU-HUN,q3,2040,0.3909899
C-EEU-HUN,q3,2045,0.391782325
C-EEU-HUN,q3,2050,0.392033925
C-EEU-HUN,q3,2055,0.392125225
C-EEU-HUN,q3,2060,0.3921504
C-EEU-HUN,q3,2065,0.39215905
C-EEU-HUN,q3,2070,0.392160975
C-EEU-HUN,q3,2075,0.39216145
C-EEU-HUN,q3,2080,0.39216154999999997
C-EEU-HUN,q3,2085,0.39216154999999997
C-EEU-HUN,q3,2090,0.39216154999999997
C-EEU-HUN,q3,2095,0.39216154999999997
C-EEU-HUN,q3,2100,0.39216154999999997
C-EEU-LTU,q1,2015,0.02456044
C-EEU-LTU,q1,2020,0.034636645
C-EEU-LTU,q1,2025,0.04158665
C-EEU-LTU,q1,2030,0.050418029999999996
C-EEU-LTU,q1,2035,0.060219335
C-EEU-LTU,q1,2040,0.07112460500000001
C-EEU-LTU,q1,2045,0.07956904000000001
C-EEU-LTU,q1,2050,0.088572525
C-EEU-LTU,q1,2055,0.09478338
C-EEU-LTU,q1,2060,0.10123476499999999
C-EEU-LTU,q1,2065,0.10974467500000001
C-EEU-LTU,q1,2070,0.11704122
C-EEU-LTU,q1,2075,0.12346818
C-EEU-LTU,q1,2080,0.128702025
C-EEU-LTU,q1,2085,0.132136555
C-EEU-LTU,q1,2090,0.13833865
C-EEU-LTU,q1,2095,0.14251545
C-EEU-LTU,q1,2100,0.1453358
C-EEU-LTU,q2,2015,0.09205473
C-EEU-LTU,q2,2020,0.11468890500000001
C-EEU-LTU,q2,2025,0.13022730999999999
C-EEU-LTU,q2,2030,0.14059745
C-EEU-LTU,q2,2035,0.15109519999999999
C-EEU-LTU,q2,2040,0.15882595
C-EEU-LTU,q2,2045,0.16335585000000002
C-EEU-LTU,q2,2050,0.16648485000000002
C-EEU-LTU,q2,2055,0.16826255
C-EEU-LTU,q2,2060,0.16961775
C-EEU-LTU,q2,2065,0.17100915
C-EEU-LTU,q2,2070,0.17174435
C-EEU-LTU,q2,2075,0.17214335
C-EEU-LTU,q2,2080,0.17233605000000002
C-EEU-LTU,q2,2085,0.1724123
C-EEU-LTU,q2,2090,0.17251015
C-EEU-LTU,q2,2095,0.1725477
C-EEU-LTU,q2,2100,0.17257224999999998
C-EEU-LTU,q3,2015,0.16647875
C-EEU-LTU,q3,2020,0.17086165
C-EEU-LTU,q3,2025,0.1722448
C-EEU-LTU,q3,2030,0.1724756
C-EEU-LTU,q3,2035,0.1725743
C-EEU-LTU,q3,2040,0.1725972
C-EEU-LTU,q3,2045,0.17260365
C-EEU-LTU,q3,2050,0.1726048
C-EEU-LTU,q3,2055,0.17260525
C-EEU-LTU,q3,2060,0.17260535
C-EEU-LTU,q3,2065,0.1726054
C-EEU-LTU,q3,2070,0.1726054
C-EEU-LTU,q3,2075,0.1726054
C-EEU-LTU,q3,2080,0.1726054
C-EEU-LTU,q3,2085,0.1726054
C-EEU-LTU,q3,2090,0.1726054
C-EEU-LTU,q3,2095,0.1726054
C-EEU-LTU,q3,2100,0.1726054
C-EEU-LVA,q1,2015,0.01517516
C-EEU-LVA,q1,2020,0.021822625
C-EEU-LVA,q1,2025,0.02943059
C-EEU-LVA,q1,2030,0.038820875
C-EEU-LVA,q1,2035,0.05005271
C-EEU-LVA,q1,2040,0.05814595
C-EEU-LVA,q1,2045,0.068032765
C-EEU-LVA,q1,2050,0.075935745
C-EEU-LVA,q1,2055,0.08288150999999999
C-EEU-LVA,q1,2060,0.089822195
C-EEU-LVA,q1,2065,0.09758767
C-EEU-LVA,q1,2070,0.10510082
C-EEU-LVA,q1,2075,0.10971055
C-EEU-LVA,q1,2080,0.11618650999999999
C-EEU-LVA,q1,2085,0.12059790000000001
C-EEU-LVA,q1,2090,0.1254505
C-EEU-LVA,q1,2095,0.12824405
C-EEU-LVA,q1,2100,0.13136730000000002
C-EEU-LVA,q2,2015,0.058820504999999995
C-EEU-LVA,q2,2020,0.08061381000000001
C-EEU-LVA,q2,2025,0.095367235
C-EEU-LVA,q2,2030,0.10890633
C-EEU-LVA,q2,2035,0.11945874499999999
C-EEU-LVA,q2,2040,0.12589615
C-EEU-LVA,q2,2045,0.13150965
C-EEU-LVA,q2,2050,0.13446005
C-EEU-LVA,q2,2055,0.13746865
C-EEU-LVA,q2,2060,0.13892815
C-EEU-LVA,q2,2065,0.1403162
C-EEU-LVA,q2,2070,0.14090685
C-EEU-LVA,q2,2075,0.14135955
C-EEU-LVA,q2,2080,0.14163165
C-EEU-LVA,q2,2085,0.14174065
C-EEU-LVA,q2,2090,0.1418127
C-EEU-LVA,q2,2095,0.14185065
C-EEU-LVA,q2,2100,0.14186949999999998
C-EEU-LVA,q3,2015,0.12833305
C-EEU-LVA,q3,2020,0.13755014999999998
C-EEU-LVA,q3,2025,0.14048919999999998
C-EEU-LVA,q3,2030,0.1415312
C-EEU-LVA,q3,2035,0.1417509
C-EEU-LVA,q3,2040,0.14184765
C-EEU-LVA,q3,2045,0.14187285
C-EEU-LVA,q3,2050,0.14188285
C-EEU-LVA,q3,2055,0.14188584999999998
C-EEU-LVA,q3,2060,0.14188675
C-EEU-LVA,q3,2065,0.1418871
C-EEU-LVA,q3,2070,0.1418872
C-EEU-LVA,q3,2075,0.1418872
C-EEU-LVA,q3,2080,0.1418872
C-EEU-LVA,q3,2085,0.1418872
C-EEU-LVA,q3,2090,0.1418872
C-EEU-LVA,q3,2095,0.1418872
C-EEU-LVA,q3,2100,0.1418872
C-EEU-POL,q1,2015,0.036529865
C-EEU-POL,q1,2020,0.04950474
C-EEU-POL,q1,2025,0.06665782
C-EEU-POL,q1,2030,0.083453105
C-EEU-POL,q1,2035,0.10101402000000001
C-EEU-POL,q1,2040,0.11845796
C-EEU-POL,q1,2045,0.133562585
C-EEU-POL,q1,2050,0.145768825
C-EEU-POL,q1,2055,0.15584135
C-EEU-POL,q1,2060,0.1649003
C-EEU-POL,q1,2065,0.17838094999999998
C-EEU-POL,q1,2070,0.1906538
C-EEU-POL,q1,2075,0.20010034999999998
C-EEU-POL,q1,2080,0.20877980000000002
C-EEU-POL,q1,2085,0.2147802
C-EEU-POL,q1,2090,0.2199555
C-EEU-POL,q1,2095,0.22437705
C-EEU-POL,q1,2100,0.227109
C-EEU-POL,q2,2015,0.134549765
C-EEU-POL,q2,2020,0.1613266
C-EEU-POL,q2,2025,0.18310105
C-EEU-POL,q2,2030,0.19978800000000002
C-EEU-POL,q2,2035,0.20973375
C-EEU-POL,q2,2040,0.21889075
C-EEU-POL,q2,2045,0.2239662
C-EEU-POL,q2,2050,0.22684674999999999
C-EEU-POL,q2,2055,0.2287244
C-EEU-POL,q2,2060,0.2299952
C-EEU-POL,q2,2065,0.2309435
C-EEU-POL,q2,2070,0.23156715
C-EEU-POL,q2,2075,0.23186345
C-EEU-POL,q2,2080,0.23207065
C-EEU-POL,q2,2085,0.2321332
C-EEU-POL,q2,2090,0.23217120000000002
C-EEU-POL,q2,2095,0.23219495
C-EEU-POL,q2,2100,0.2322071
C-EEU-POL,q3,2015,0.22676795
C-EEU-POL,q3,2020,0.2304131
C-EEU-POL,q3,2025,0.23167775
C-EEU-POL,q3,2030,0.23210005
C-EEU-POL,q3,2035,0.23217664999999996
C-EEU-POL,q3,2040,0.23220190000000002
C-EEU-POL,q3,2045,0.23221144999999999
C-EEU-POL,q3,2050,0.23221395
C-EEU-POL,q3,2055,0.2322146
C-EEU-POL,q3,2060,0.23221505
C-EEU-POL,q3,2065,0.23221515
C-EEU-POL,q3,2070,0.2322152
C-EEU-POL,q3,2075,0.2322152
C-EEU-POL,q3,2080,0.2322152
C-EEU-POL,q3,2085,0.2322152
C-EEU-POL,q3,2090,0.2322152
C-EEU-POL,q3,2095,0.2322152
C-EEU-POL,q3,2100,0.2322152
C-EEU-ROU,q1,2015,0.02535648583333333
C-EEU-ROU,q1,2020,0.033960263666666664
C-EEU-ROU,q1,2025,0.04891360533333333
C-EEU-ROU,q1,2030,0.06474842
C-EEU-ROU,q1,2035,0.08689215
C-EEU-ROU,q1,2040,0.10515891999999999
C-EEU-ROU,q1,2045,0.13038372499999998
C-EEU-ROU,q1,2050,0.15214780333333336
C-EEU-ROU,q1,2055,0.17479744666666666
C-EEU-ROU,q1,2060,0.19765138000000002
C-EEU-ROU,q1,2065,0.217679285
C-EEU-ROU,q1,2070,0.23672285999999998
C-EEU-ROU,q1,2075,0.254416565
C-EEU-ROU,q1,2080,0.26863948
C-EEU-ROU,q1,2085,0.2788057116666667
C-EEU-ROU,q1,2090,0.28771942666666667
C-EEU-ROU,q1,2095,0.29308828000000003
C-EEU-ROU,q1,2100,0.29697374
C-EEU-ROU,q2,2015,0.06577232000000001
C-EEU-ROU,q2,2020,0.09705592333333334
C-EEU-ROU,q2,2025,0.13620321333333332
C-EEU-ROU,q2,2030,0.17018188499999998
C-EEU-ROU,q2,2035,0.19955361666666668
C-EEU-ROU,q2,2040,0.22172309999999998
C-EEU-ROU,q2,2045,0.24192117666666665
C-EEU-ROU,q2,2050,0.25781813666666664
C-EEU-ROU,q2,2055,0.27189853999999997
C-EEU-ROU,q2,2060,0.28430234000000004
C-EEU-ROU,q2,2065,0.2917404083333333
C-EEU-ROU,q2,2070,0.2965792916666667
C-EEU-ROU,q2,2075,0.29946234833333335
C-EEU-ROU,q2,2080,0.3009779266666667
C-EEU-ROU,q2,2085,0.301719695
C-EEU-ROU,q2,2090,0.3020913416666667
C-EEU-ROU,q2,2095,0.302275505
C-EEU-ROU,q2,2100,0.302357995
C-EEU-ROU,q3,2015,0.18182435666666666
C-EEU-ROU,q3,2020,0.22200972
C-EEU-ROU,q3,2025,0.254935505
C-EEU-ROU,q3,2030,0.2770767433333334
C-EEU-ROU,q3,2035,0.28957066833333334
C-EEU-ROU,q3,2040,0.29573217333333335
C-EEU-ROU,q3,2045,0.299187075
C-EEU-ROU,q3,2050,0.300932175
C-EEU-ROU,q3,2055,0.3017689116666667
C-EEU-ROU,q3,2060,0.30217996666666663
C-EEU-ROU,q3,2065,0.30232544333333333
C-EEU-ROU,q3,2070,0.302397775
C-EEU-ROU,q3,2075,0.30242016666666666
C-EEU-ROU,q3,2080,0.30242795166666664
C-EEU-ROU,q3,2085,0.302429825
C-EEU-ROU,q3,2090,0.302430435
C-EEU-ROU,q3,2095,0.302430715
C-EEU-ROU,q3,2100,0.3024307883333333
C-EEU-SVK,q1,2015,0.0620326
C-EEU-SVK,q1,2020,0.0782225725
C-EEU-SVK,q1,2025,0.09231803499999999
C-EEU-SVK,q1,2030,0.10611162
C-EEU-SVK,q1,2035,0.1193230925
C-EEU-SVK,q1,2040,0.12959006
C-EEU-SVK,q1,2045,0.1390047825
C-EEU-SVK,q1,2050,0.1451041725
C-EEU-SVK,q1,2055,0.1533952875
C-EEU-SVK,q1,2060,0.15825219499999998
C-EEU-SVK,q1,2065,0.16571303250000002
C-EEU-SVK,q1,2070,0.170540665
C-EEU-SVK,q1,2075,0.1773284625
C-EEU-SVK,q1,2080,0.1796385275
C-EEU-SVK,q1,2085,0.18165153
C-EEU-SVK,q1,2090,0.18423698249999998
C-EEU-SVK,q1,2095,0.1854177525
C-EEU-SVK,q1,2100,0.1866388225
C-EEU-SVK,q2,2015,0.1382089075
C-EEU-SVK,q2,2020,0.1586765375
C-EEU-SVK,q2,2025,0.1737090475
C-EEU-SVK,q2,2030,0.184567725
C-EEU-SVK,q2,2035,0.1916402375
C-EEU-SVK,q2,2040,0.19648045
C-EEU-SVK,q2,2045,0.19894685
C-EEU-SVK,q2,2050,0.199894825
C-EEU-SVK,q2,2055,0.20077547499999998
C-EEU-SVK,q2,2060,0.20103142499999999
C-EEU-SVK,q2,2065,0.20122009999999999
C-EEU-SVK,q2,2070,0.2012938
C-EEU-SVK,q2,2075,0.20132930000000002
C-EEU-SVK,q2,2080,0.201338425
C-EEU-SVK,q2,2085,0.20134517500000002
C-EEU-SVK,q2,2090,0.201346875
C-EEU-SVK,q2,2095,0.20134775
C-EEU-SVK,q2,2100,0.20134797499999998
C-EEU-SVK,q3,2015,0.194651175
C-EEU-SVK,q3,2020,0.19952324999999999
C-EEU-SVK,q3,2025,0.200870375
C-EEU-SVK,q3,2030,0.20124855
C-EEU-SVK,q3,2035,0.20133162500000001
C-EEU-SVK,q3,2040,0.20134615
C-EEU-SVK,q3,2045,0.20134797499999998
C-EEU-SVK,q3,2050,0.2013482
C-EEU-SVK,q3,2055,0.201348225
C-EEU-SVK,q3,2060,0.20134825
C-EEU-SVK,q3,2065,0.20134825
C-EEU-SVK,q3,2070,0.20134825
C-EEU-SVK,q3,2075,0.20134825
C-EEU-SVK,q3,2080,0.20134825
C-EEU-SVK,q3,2085,0.20134825
C-EEU-SVK,q3,2090,0.20134825
C-EEU-SVK,q3,2095,0.20134825
C-EEU-SVK,q3,2100,0.20134825
C-EEU-SVN,q1,2015,0.07203482
C-EEU-SVN,q1,2020,0.083952845
C-EEU-SVN,q1,2025,0.093572175
C-EEU-SVN,q1,2030,0.10479315
C-EEU-SVN,q1,2035,0.114832515
C-EEU-SVN,q1,2040,0.124170475
C-EEU-SVN,q1,2045,0.13169975
C-EEU-SVN,q1,2050,0.1386368
C-EEU-SVN,q1,2055,0.14424375
C-EEU-SVN,q1,2060,0.1482912
C-EEU-SVN,q1,2065,0.15254045
C-EEU-SVN,q1,2070,0.1557674
C-EEU-SVN,q1,2075,0.1572844
C-EEU-SVN,q1,2080,0.15856125
C-EEU-SVN,q1,2085,0.15942794999999998
C-EEU-SVN,q1,2090,0.15996044999999998
C-EEU-SVN,q1,2095,0.16025994999999998
C-EEU-SVN,q1,2100,0.16044175
C-EEU-SVN,q2,2015,0.12529804
C-EEU-SVN,q2,2020,0.1350169
C-EEU-SVN,q2,2025,0.14216935
C-EEU-SVN,q2,2030,0.14861955
C-EEU-SVN,q2,2035,0.15247205
C-EEU-SVN,q2,2040,0.1560938
C-EEU-SVN,q2,2045,0.15787584999999998
C-EEU-SVN,q2,2050,0.15911799999999998
C-EEU-SVN,q2,2055,0.1597421
C-EEU-SVN,q2,2060,0.1601673
C-EEU-SVN,q2,2065,0.1604298
C-EEU-SVN,q2,2070,0.1605632
C-EEU-SVN,q2,2075,0.1606186
C-EEU-SVN,q2,2080,0.16065145
C-EEU-SVN,q2,2085,0.16066714999999998
C-EEU-SVN,q2,2090,0.1606752
C-EEU-SVN,q2,2095,0.1606792
C-EEU-SVN,q2,2100,0.16068074999999998
C-EEU-SVN,q3,2015,0.1572663
C-EEU-SVN,q3,2020,0.15906745
C-EEU-SVN,q3,2025,0.15984725
C-EEU-SVN,q3,2030,0.16031185
C-EEU-SVN,q3,2035,0.1605123
C-EEU-SVN,q3,2040,0.16061375
C-EEU-SVN,q3,2045,0.1606571
C-EEU-SVN,q3,2050,0.160671
C-EEU-SVN,q3,2055,0.1606773
C-EEU-SVN,q3,2060,0.16068045
C-EEU-SVN,q3,2065,0.16068149999999998
C-EEU-SVN,q3,2070,0.16068185000000001
C-EEU-SVN,q3,2075,0.16068195
C-EEU-SVN,q3,2080,0.160682
C-EEU-SVN,q3,2085,0.160682
C-EEU-SVN,q3,2090,0.160682
C-EEU-SVN,q3,2095,0.160682
C-EEU-SVN,q3,2100,0.160682
C-WEU-AUT,q1,2015,0.16361234916666667
C-WEU-AUT,q1,2020,0.17357547650000002
C-WEU-AUT,q1,2025,0.181469026
C-WEU-AUT,q1,2030,0.1879194051666667
C-WEU-AUT,q1,2035,0.19740463433333333
C-WEU-AUT,q1,2040,0.20469321983333333
C-WEU-AUT,q1,2045,0.21040512216666665
C-WEU-AUT,q1,2050,0.21529318033333333
C-WEU-AUT,q1,2055,0.22102978683333332
C-WEU-AUT,q1,2060,0.223856266
C-WEU-AUT,q1,2065,0.226129722
C-WEU-AUT,q1,2070,0.22788851300000001
C-WEU-AUT,q1,2075,0.229112985
C-WEU-AUT,q1,2080,0.2296699065
C-WEU-AUT,q1,2085,0.2301023055
C-WEU-AUT,q1,2090,0.23038115166666664
C-WEU-AUT,q1,2095,0.23050870199999998
C-WEU-AUT,q1,2100,0.2306004675
C-WEU-AUT,q2,2015,0.22056975450000002
C-WEU-AUT,q2,2020,0.22432574216666668
C-WEU-AUT,q2,2025,0.22625559516666668
C-WEU-AUT,q2,2030,0.2278917735
C-WEU-AUT,q2,2035,0.2289696885
C-WEU-AUT,q2,2040,0.22974703583333334
C-WEU-AUT,q2,2045,0.23014291283333332
C-WEU-AUT,q2,2050,0.2303566231666667
C-WEU-AUT,q2,2055,0.23055903916666667
C-WEU-AUT,q2,2060,0.23062743466666666
C-WEU-AUT,q2,2065,0.230665986
C-WEU-AUT,q2,2070,0.23068375433333332
C-WEU-AUT,q2,2075,0.23069467716666667
C-WEU-AUT,q2,2080,0.23069806133333334
C-WEU-AUT,q2,2085,0.23069976666666667
C-WEU-AUT,q2,2090,0.2307006045
C-WEU-AUT,q2,2095,0.23070085733333334
C-WEU-AUT,q2,2100,0.23070098016666665
C-WEU-AUT,q3,2015,0.23054253116666668
C-WEU-AUT,q3,2020,0.23064007816666665
C-WEU-AUT,q3,2025,0.23067791733333332
C-WEU-AUT,q3,2030,0.23069061216666667
C-WEU-AUT,q3,2035,0.23069610033333332
C-WEU-AUT,q3,2040,0.23069983066666666
C-WEU-AUT,q3,2045,0.23070055766666667
C-WEU-AUT,q3,2050,0.23070085649999997
C-WEU-AUT,q3,2055,0.23070101733333334
C-WEU-AUT,q3,2060,0.2307010425
C-WEU-AUT,q3,2065,0.2307010538333333
C-WEU-AUT,q3,2070,0.23070105633333335
C-WEU-AUT,q3,2075,0.230701057
C-WEU-AUT,q3,2080,0.23070105733333332
C-WEU-AUT,q3,2085,0.23070105733333332
C-WEU-AUT,q3,2090,0.23070105733333332
C-WEU-AUT,q3,2095,0.23070105733333332
C-WEU-AUT,q3,2100,0.23070105733333332
C-WEU-BEL,q1,2015,0.12283898900000001
C-WEU-BEL,q1,2020,0.13106928499999998
C-WEU-BEL,q1,2025,0.138264583
C-WEU-BEL,q1,2030,0.1502962105
C-WEU-BEL,q1,2035,0.158883308
C-WEU-BEL,q1,2040,0.166190275
C-WEU-BEL,q1,2045,0.1744728145
C-WEU-BEL,q1,2050,0.1806148
C-WEU-BEL,q1,2055,0.18439671000000002
C-WEU-BEL,q1,2060,0.1879029945
C-WEU-BEL,q1,2065,0.1899918705
C-WEU-BEL,q1,2070,0.19187723350000002
C-WEU-BEL,q1,2075,0.192719329
C-WEU-BEL,q1,2080,0.193220058
C-WEU-BEL,q1,2085,0.193658776
C-WEU-BEL,q1,2090,0.193894852
C-WEU-BEL,q1,2095,0.19403846600000002
C-WEU-BEL,q1,2100,0.19411013
C-WEU-BEL,q2,2015,0.17958487550000002
C-WEU-BEL,q2,2020,0.18342550200000002
C-WEU-BEL,q2,2025,0.18666402199999999
C-WEU-BEL,q2,2030,0.189847291
C-WEU-BEL,q2,2035,0.1915877775
C-WEU-BEL,q2,2040,0.192743561
C-WEU-BEL,q2,2045,0.1934051435
C-WEU-BEL,q2,2050,0.1937873975
C-WEU-BEL,q2,2055,0.19397083250000002
C-WEU-BEL,q2,2060,0.1940800145
C-WEU-BEL,q2,2065,0.19413986
C-WEU-BEL,q2,2070,0.194168703
C-WEU-BEL,q2,2075,0.1941802915
C-WEU-BEL,q2,2080,0.19418588850000001
C-WEU-BEL,q2,2085,0.194189209
C-WEU-BEL,q2,2090,0.1941906505
C-WEU-BEL,q2,2095,0.194191213
C-WEU-BEL,q2,2100,0.1941914315
C-WEU-BEL,q3,2015,0.1938943055
C-WEU-BEL,q3,2020,0.1940138755
C-WEU-BEL,q3,2025,0.194107213
C-WEU-BEL,q3,2030,0.194154945
C-WEU-BEL,q3,2035,0.1941806135
C-WEU-BEL,q3,2040,0.19418733999999999
C-WEU-BEL,q3,2045,0.1941900695
C-WEU-BEL,q3,2050,0.1941910365
C-WEU-BEL,q3,2055,0.1941914105
C-WEU-BEL,q3,2060,0.1941915215
C-WEU-BEL,q3,2065,0.1941915775
C-WEU-BEL,q3,2070,0.19419158949999998
C-WEU-BEL,q3,2075,0.194191593
C-WEU-BEL,q3,2080,0.1941915945
C-WEU-BEL,q3,2085,0.194191595
C-WEU-BEL,q3,2090,0.194191595
C-WEU-BEL,q3,2095,0.194191595
C-WEU-BEL,q3,2100,0.194191595
C-WEU-CYP,q1,2015,0.125810485
C-WEU-CYP,q1,2020,0.135225025
C-WEU-CYP,q1,2025,0.146882225
C-WEU-CYP,q1,2030,0.16416004
C-WEU-CYP,q1,2035,0.18379215000000002
C-WEU-CYP,q1,2040,0.2117147
C-WEU-CYP,q1,2045,0.24606335000000001
C-WEU-CYP,q1,2050,0.2809924
C-WEU-CYP,q1,2055,0.3220453
C-WEU-CYP,q1,2060,0.36660244999999997
C-WEU-CYP,q1,2065,0.42282395
C-WEU-CYP,q1,2070,0.47879510000000003
C-WEU-CYP,q1,2075,0.5361989
C-WEU-CYP,q1,2080,0.5902727
C-WEU-CYP,q1,2085,0.637941
C-WEU-CYP,q1,2090,0.6758758
C-WEU-CYP,q1,2095,0.7213629
C-WEU-CYP,q1,2100,0.7495433499999999
C-WEU-CYP,q2,2015,0.4193949
C-WEU-CYP,q2,2020,0.44567609999999996
C-WEU-CYP,q2,2025,0.47011225
C-WEU-CYP,q2,2030,0.5065756
C-WEU-CYP,q2,2035,0.54798815
C-WEU-CYP,q2,2040,0.59120555
C-WEU-CYP,q2,2045,0.6234513
C-WEU-CYP,q2,2050,0.66116495
C-WEU-CYP,q2,2055,0.6973519
C-WEU-CYP,q2,2060,0.7358469
C-WEU-CYP,q2,2065,0.77207795
C-WEU-CYP,q2,2070,0.79977655
C-WEU-CYP,q2,2075,0.8249524500000001
C-WEU-CYP,q2,2080,0.84078045
C-WEU-CYP,q2,2085,0.8499146
C-WEU-CYP,q2,2090,0.8566446000000001
C-WEU-CYP,q2,2095,0.8608275999999999
C-WEU-CYP,q2,2100,0.86255365
C-WEU-CYP,q3,2015,0.79296985
C-WEU-CYP,q3,2020,0.7987984
C-WEU-CYP,q3,2025,0.8164951
C-WEU-CYP,q3,2030,0.82854095
C-WEU-CYP,q3,2035,0.84100535
C-WEU-CYP,q3,2040,0.8501855
C-WEU-CYP,q3,2045,0.85564675
C-WEU-CYP,q3,2050,0.8590229
C-WEU-CYP,q3,2055,0.8617352
C-WEU-CYP,q3,2060,0.8630701000000001
C-WEU-CYP,q3,2065,0.8641961499999999
C-WEU-CYP,q3,2070,0.8647647
C-WEU-CYP,q3,2075,0.8650026
C-WEU-CYP,q3,2080,0.86509195
C-WEU-CYP,q3,2085,0.865133
C-WEU-CYP,q3,2090,0.8651439000000001
C-WEU-CYP,q3,2095,0.86514805
C-WEU-CYP,q3,2100,0.86514985
C-WEU-DEU,q1,2015,0.1552611875
C-WEU-DEU,q1,2020,0.16537496000000002
C-WEU-DEU,q1,2025,0.173845425
C-WEU-DEU,q1,2030,0.17994295
C-WEU-DEU,q1,2035,0.187600825
C-WEU-DEU,q1,2040,0.19860905
C-WEU-DEU,q1,2045,0.207859125
C-WEU-DEU,q1,2050,0.2164009
C-WEU-DEU,q1,2055,0.222475825
C-WEU-DEU,q1,2060,0.23018755
C-WEU-DEU,q1,2065,0.234749125
C-WEU-DEU,q1,2070,0.23950747500000003
C-WEU-DEU,q1,2075,0.241962125
C-WEU-DEU,q1,2080,0.24431775
C-WEU-DEU,q1,2085,0.245956
C-WEU-DEU,q1,2090,0.2469157
C-WEU-DEU,q1,2095,0.2476128
C-WEU-DEU,q1,2100,0.248043975
C-WEU-DEU,q2,2015,0.232333375
C-WEU-DEU,q2,2020,0.238196325
C-WEU-DEU,q2,2025,0.240812575
C-WEU-DEU,q2,2030,0.24257252499999998
C-WEU-DEU,q2,2035,0.24464445
C-WEU-DEU,q2,2040,0.2463935
C-WEU-DEU,q2,2045,0.24733345
C-WEU-DEU,q2,2050,0.2478237
C-WEU-DEU,q2,2055,0.24822349999999999
C-WEU-DEU,q2,2060,0.248431375
C-WEU-DEU,q2,2065,0.248542
C-WEU-DEU,q2,2070,0.24860200000000002
C-WEU-DEU,q2,2075,0.2486221
C-WEU-DEU,q2,2080,0.24863437500000002
C-WEU-DEU,q2,2085,0.248640675
C-WEU-DEU,q2,2090,0.248643225
C-WEU-DEU,q2,2095,0.248644425
C-WEU-DEU,q2,2100,0.24864492500000002
C-WEU-DEU,q3,2015,0.24846285
C-WEU-DEU,q3,2020,0.2485805
C-WEU-DEU,q3,2025,0.248609375
C-WEU-DEU,q3,2030,0.24863125000000003
C-WEU-DEU,q3,2035,0.2486383
C-WEU-DEU,q3,2040,0.248643325
C-WEU-DEU,q3,2045,0.248644475
C-WEU-DEU,q3,2050,0.248644875
C-WEU-DEU,q3,2055,0.2486451
C-WEU-DEU,q3,2060,0.24864515
C-WEU-DEU,q3,2065,0.24864515
C-WEU-DEU,q3,2070,0.24864515
C-WEU-DEU,q3,2075,0.24864515
C-WEU-DEU,q3,2080,0.24864515
C-WEU-DEU,q3,2085,0.24864515
C-WEU-DEU,q3,2090,0.24864515
C-WEU-DEU,q3,2095,0.24864515
C-WEU-DEU,q3,2100,0.24864515
C-WEU-DNK,q1,2015,0.07813213
C-WEU-DNK,q1,2020,0.08261610999999999
C-WEU-DNK,q1,2025,0.08546258
C-WEU-DNK,q1,2030,0.088829665
C-WEU-DNK,q1,2035,0.0927388
C-WEU-DNK,q1,2040,0.096711765
C-WEU-DNK,q1,2045,0.10205800500000001
C-WEU-DNK,q1,2050,0.10573763
C-WEU-DNK,q1,2055,0.10989765
C-WEU-DNK,q1,2060,0.1125159
C-WEU-DNK,q1,2065,0.1144568
C-WEU-DNK,q1,2070,0.1160813
C-WEU-DNK,q1,2075,0.11697345
C-WEU-DNK,q1,2080,0.11759330000000001
C-WEU-DNK,q1,2085,0.11801829999999999
C-WEU-DNK,q1,2090,0.11821355
C-WEU-DNK,q1,2095,0.11832435
C-WEU-DNK,q1,2100,0.11838335
C-WEU-DNK,q2,2015,0.1086115
C-WEU-DNK,q2,2020,0.1112625
C-WEU-DNK,q2,2025,0.1126633
C-WEU-DNK,q2,2030,0.11402625
C-WEU-DNK,q2,2035,0.1153291
C-WEU-DNK,q2,2040,0.1163901
C-WEU-DNK,q2,2045,0.11722184999999999
C-WEU-DNK,q2,2050,0.11774295
C-WEU-DNK,q2,2055,0.1180599
C-WEU-DNK,q2,2060,0.1182394
C-WEU-DNK,q2,2065,0.1183276
C-WEU-DNK,q2,2070,0.1183854
C-WEU-DNK,q2,2075,0.1184092
C-WEU-DNK,q2,2080,0.11842485
C-WEU-DNK,q2,2085,0.11843000000000001
C-WEU-DNK,q2,2090,0.11843205000000001
C-WEU-DNK,q2,2095,0.11843315
C-WEU-DNK,q2,2100,0.11843355
C-WEU-DNK,q3,2015,0.1180216
C-WEU-DNK,q3,2020,0.1182236
C-WEU-DNK,q3,2025,0.11829645
C-WEU-DNK,q3,2030,0.11835490000000001
C-WEU-DNK,q3,2035,0.11839065
C-WEU-DNK,q3,2040,0.11841255
C-WEU-DNK,q3,2045,0.1184248
C-WEU-DNK,q3,2050,0.1184307
C-WEU-DNK,q3,2055,0.11843255
C-WEU-DNK,q3,2060,0.11843334999999999
C-WEU-DNK,q3,2065,0.11843365
C-WEU-DNK,q3,2070,0.11843375
C-WEU-DNK,q3,2075,0.1184338
C-WEU-DNK,q3,2080,0.1184338
C-WEU-DNK,q3,2085,0.1184338
C-WEU-DNK,q3,2090,0.1184338
C-WEU-DNK,q3,2095,0.1184338
C-WEU-DNK,q3,2100,0.1184338
C-WEU-ESP,q1,2015,0.187530478
C-WEU-ESP,q1,2020,0.199152731
C-WEU-ESP,q1,2025,0.21516223499999998
C-WEU-ESP,q1,2030,0.23644347200000002
C-WEU-ESP,q1,2035,0.25634010900000004
C-WEU-ESP,q1,2040,0.275770705
C-WEU-ESP,q1,2045,0.29345979800000005
C-WEU-ESP,q1,2050,0.31302441999999997
C-WEU-ESP,q1,2055,0.34020488000000004
C-WEU-ESP,q1,2060,0.36943763
C-WEU-ESP,q1,2065,0.39458789
C-WEU-ESP,q1,2070,0.42029778999999995
C-WEU-ESP,q1,2075,0.43797864
C-WEU-ESP,q1,2080,0.45350945
C-WEU-ESP,q1,2085,0.46808371
C-WEU-ESP,q1,2090,0.4806383
C-WEU-ESP,q1,2095,0.486634
C-WEU-ESP,q1,2100,0.49133347
C-WEU-ESP,q2,2015,0.39896151
C-WEU-ESP,q2,2020,0.41152292
C-WEU-ESP,q2,2025,0.42422638
C-WEU-ESP,q2,2030,0.43250489
C-WEU-ESP,q2,2035,0.44654969
C-WEU-ESP,q2,2040,0.45846386
C-WEU-ESP,q2,2045,0.46588368
C-WEU-ESP,q2,2050,0.47332249
C-WEU-ESP,q2,2055,0.48126622
C-WEU-ESP,q2,2060,0.48846191
C-WEU-ESP,q2,2065,0.49201048
C-WEU-ESP,q2,2070,0.49432216999999995
C-WEU-ESP,q2,2075,0.49589856
C-WEU-ESP,q2,2080,0.49656411
C-WEU-ESP,q2,2085,0.49689189
C-WEU-ESP,q2,2090,0.49714228
C-WEU-ESP,q2,2095,0.49722367
C-WEU-ESP,q2,2100,0.49726517000000003
C-WEU-ESP,q3,2015,0.49459766
C-WEU-ESP,q3,2020,0.49533346
C-WEU-ESP,q3,2025,0.49610889
C-WEU-ESP,q3,2030,0.49647999
C-WEU-ESP,q3,2035,0.49686965
C-WEU-ESP,q3,2040,0.49701038999999997
C-WEU-ESP,q3,2045,0.49711271
C-WEU-ESP,q3,2050,0.49719455
C-WEU-ESP,q3,2055,0.49724017
C-WEU-ESP,q3,2060,0.49727334
C-WEU-ESP,q3,2065,0.4972843
C-WEU-ESP,q3,2070,0.49728912999999997
C-WEU-ESP,q3,2075,0.49729051
C-WEU-ESP,q3,2080,0.49729091
C-WEU-ESP,q3,2085,0.49729101
C-WEU-ESP,q3,2090,0.49729107
C-WEU-ESP,q3,2095,0.49729108
C-WEU-ESP,q3,2100,0.49729108
C-WEU-FIN,q1,2015,0.0590271975
C-WEU-FIN,q1,2020,0.0624368975
C-WEU-FIN,q1,2025,0.06543679
C-WEU-FIN,q1,2030,0.068579135
C-WEU-FIN,q1,2035,0.0721397
C-WEU-FIN,q1,2040,0.07529963
C-WEU-FIN,q1,2045,0.0788378925
C-WEU-FIN,q1,2050,0.0812754425
C-WEU-FIN,q1,2055,0.08359157
C-WEU-FIN,q1,2060,0.0850200675
C-WEU-FIN,q1,2065,0.08695407
C-WEU-FIN,q1,2070,0.0879946725
C-WEU-FIN,q1,2075,0.0888552775
C-WEU-FIN,q1,2080,0.089443495
C-WEU-FIN,q1,2085,0.08973359
C-WEU-FIN,q1,2090,0.089992495
C-WEU-FIN,q1,2095,0.090137485
C-WEU-FIN,q1,2100,0.09023543
C-WEU-FIN,q2,2015,0.08333137
C-WEU-FIN,q2,2020,0.085154605
C-WEU-FIN,q2,2025,0.0867055825
C-WEU-FIN,q2,2030,0.0880532225
C-WEU-FIN,q2,2035,0.0886705025
C-WEU-FIN,q2,2040,0.0893795575
C-WEU-FIN,q2,2045,0.08978979249999999
C-WEU-FIN,q2,2050,0.089982685
C-WEU-FIN,q2,2055,0.090157
C-WEU-FIN,q2,2060,0.09023226000000001
C-WEU-FIN,q2,2065,0.09028806
C-WEU-FIN,q2,2070,0.09030994
C-WEU-FIN,q2,2075,0.0903280475
C-WEU-FIN,q2,2080,0.0903345175
C-WEU-FIN,q2,2085,0.090337505
C-WEU-FIN,q2,2090,0.090339315
C-WEU-FIN,q2,2095,0.0903400825
C-WEU-FIN,q2,2100,0.09034041
C-WEU-FIN,q3,2015,0.0901081625
C-WEU-FIN,q3,2020,0.0902317825
C-WEU-FIN,q3,2025,0.090287315
C-WEU-FIN,q3,2030,0.0903186975
C-WEU-FIN,q3,2035,0.09032986
C-WEU-FIN,q3,2040,0.0903364575
C-WEU-FIN,q3,2045,0.090339325
C-WEU-FIN,q3,2050,0.09034004500000001
C-WEU-FIN,q3,2055,0.09034036
C-WEU-FIN,q3,2060,0.09034051
C-WEU-FIN,q3,2065,0.0903405575
C-WEU-FIN,q3,2070,0.0903405675
C-WEU-FIN,q3,2075,0.0903405725
C-WEU-FIN,q3,2080,0.090340575
C-WEU-FIN,q3,2085,0.090340575
C-WEU-FIN,q3,2090,0.090340575
C-WEU-FIN,q3,2095,0.090340575
C-WEU-FIN,q3,2100,0.090340575
C-WEU-FRA,q1,2015,0.055425764999999995
C-WEU-FRA,q1,2020,0.09154047
C-WEU-FRA,q1,2025,0.13525910666666666
C-WEU-FRA,q1,2030,0.18074208666666666
C-WEU-FRA,q1,2035,0.2240377533333333
C-WEU-FRA,q1,2040,0.2529383333333333
C-WEU-FRA,q1,2045,0.26883209999999996
C-WEU-FRA,q1,2050,0.2848026166666667
C-WEU-FRA,q1,2055,0.29567166666666667
C-WEU-FRA,q1,2060,0.30680613333333334
C-WEU-FRA,q1,2065,0.31550818333333336
C-WEU-FRA,q1,2070,0.32339085
C-WEU-FRA,q1,2075,0.3286481
C-WEU-FRA,q1,2080,0.3327442333333333
C-WEU-FRA,q1,2085,0.3363799666666667
C-WEU-FRA,q1,2090,0.33884825
C-WEU-FRA,q1,2095,0.33949914999999997
C-WEU-FRA,q1,2100,0.3410267
C-WEU-FRA,q2,2015,0.09314085
C-WEU-FRA,q2,2020,0.14665669
C-WEU-FRA,q2,2025,0.20663383333333332
C-WEU-FRA,q2,2030,0.26289768333333335
C-WEU-FRA,q2,2035,0.30839866666666665
C-WEU-FRA,q2,2040,0.33316983333333333
C-WEU-FRA,q2,2045,0.33668973333333335
C-WEU-FRA,q2,2050,0.33897143333333335
C-WEU-FRA,q2,2055,0.3401876833333333
C-WEU-FRA,q2,2060,0.34115426666666665
C-WEU-FRA,q2,2065,0.34165795000000004
C-WEU-FRA,q2,2070,0.3420664
C-WEU-FRA,q2,2075,0.34225676666666666
C-WEU-FRA,q2,2080,0.34235974999999996
C-WEU-FRA,q2,2085,0.3424205333333334
C-WEU-FRA,q2,2090,0.3424545666666667
C-WEU-FRA,q2,2095,0.3424679
C-WEU-FRA,q2,2100,0.34247866666666665
C-WEU-FRA,q3,2015,0.10749526333333333
C-WEU-FRA,q3,2020,0.16365340833333333
C-WEU-FRA,q3,2025,0.22448226666666668
C-WEU-FRA,q3,2030,0.27997636666666664
C-WEU-FRA,q3,2035,0.32182696666666666
C-WEU-FRA,q3,2040,0.34242628333333336
C-WEU-FRA,q3,2045,0.3424595833333333
C-WEU-FRA,q3,2050,0.34247564999999996
C-WEU-FRA,q3,2055,0.34247999999999995
C-WEU-FRA,q3,2060,0.34248305
C-WEU-FRA,q3,2065,0.3424841666666667
C-WEU-FRA,q3,2070,0.34248485
C-WEU-FRA,q3,2075,0.34248503333333336
C-WEU-FRA,q3,2080,0.3424851166666667
C-WEU-FRA,q3,2085,0.34248514999999996
C-WEU-FRA,q3,2090,0.34248514999999996
C-WEU-FRA,q3,2095,0.34248514999999996
C-WEU-FRA,q3,2100,0.3424851666666667
C-WEU-GRC,q1,2015,0.159827385
C-WEU-GRC,q1,2020,0.20165656
C-WEU-GRC,q1,2025,0.24522605
C-WEU-GRC,q1,2030,0.30101915
C-WEU-GRC,q1,2035,0.34631995000000004
C-WEU-GRC,q1,2040,0.3938143
C-WEU-GRC,q1,2045,0.431522475
C-WEU-GRC,q1,2050,0.473684325
C-WEU-GRC,q1,2055,0.5125682
C-WEU-GRC,q1,2060,0.548542425
C-WEU-GRC,q1,2065,0.587828275
C-WEU-GRC,q1,2070,0.606127525
C-WEU-GRC,q1,2075,0.62960825
C-WEU-GRC,q1,2080,0.6439649749999999
C-WEU-GRC,q1,2085,0.654705075
C-WEU-GRC,q1,2090,0.6601302499999999
C-WEU-GRC,q1,2095,0.6645612750000001
C-WEU-GRC,q1,2100,0.667165975
C-WEU-GRC,q2,2015,0.448443225
C-WEU-GRC,q2,2020,0.503062675
C-WEU-GRC,q2,2025,0.544759575
C-WEU-GRC,q2,2030,0.585718525
C-WEU-GRC,q2,2035,0.612638475
C-WEU-GRC,q2,2040,0.6333481
C-WEU-GRC,q2,2045,0.6496447249999999
C-WEU-GRC,q2,2050,0.65859725
C-WEU-GRC,q2,2055,0.664579025
C-WEU-GRC,q2,2060,0.6680426500000001
C-WEU-GRC,q2,2065,0.6698404250000001
C-WEU-GRC,q2,2070,0.670532075
C-WEU-GRC,q2,2075,0.6708457
C-WEU-GRC,q2,2080,0.671009925
C-WEU-GRC,q2,2085,0.671069125
C-WEU-GRC,q2,2090,0.67108945
C-WEU-GRC,q2,2095,0.67109995
C-WEU-GRC,q2,2100,0.671104
C-WEU-GRC,q3,2015,0.6568281499999999
C-WEU-GRC,q3,2020,0.6657227250000001
C-WEU-GRC,q3,2025,0.6687057750000001
C-WEU-GRC,q3,2030,0.670267925
C-WEU-GRC,q3,2035,0.6708309
C-WEU-GRC,q3,2040,0.671006275
C-WEU-GRC,q3,2045,0.671072575
C-WEU-GRC,q3,2050,0.671095775
C-WEU-GRC,q3,2055,0.671102825
C-WEU-GRC,q3,2060,0.67110495
C-WEU-GRC,q3,2065,0.671105375
C-WEU-GRC,q3,2070,0.6711054750000001
C-WEU-GRC,q3,2075,0.6711055
C-WEU-GRC,q3,2080,0.6711055
C-WEU-GRC,q3,2085,0.6711055
C-WEU-GRC,q3,2090,0.6711055
C-WEU-GRC,q3,2095,0.6711055
C-WEU-GRC,q3,2100,0.6711055
C-WEU-IRL,q1,2015,0.033098185
C-WEU-IRL,q1,2020,0.034678155
C-WEU-IRL,q1,2025,0.036525685
C-WEU-IRL,q1,2030,0.038756990000000005
C-WEU-IRL,q1,2035,0.041044305
C-WEU-IRL,q1,2040,0.042618699999999995
C-WEU-IRL,q1,2045,0.044357499999999994
C-WEU-IRL,q1,2050,0.04560588
C-WEU-IRL,q1,2055,0.04713924
C-WEU-IRL,q1,2060,0.048524990000000004
C-WEU-IRL,q1,2065,0.049167125000000006
C-WEU-IRL,q1,2070,0.05014798
C-WEU-IRL,q1,2075,0.050608349999999996
C-WEU-IRL,q1,2080,0.051065269999999996
C-WEU-IRL,q1,2085,0.051241625
C-WEU-IRL,q1,2090,0.051506165
C-WEU-IRL,q1,2095,0.05159959
C-WEU-IRL,q1,2100,0.051701705
C-WEU-IRL,q2,2015,0.049074375
C-WEU-IRL,q2,2020,0.04988525
C-WEU-IRL,q2,2025,0.050498875
C-WEU-IRL,q2,2030,0.050986254999999994
C-WEU-IRL,q2,2035,0.051301429999999995
C-WEU-IRL,q2,2040,0.051501530000000004
C-WEU-IRL,q2,2045,0.051615495
C-WEU-IRL,q2,2050,0.051704125000000004
C-WEU-IRL,q2,2055,0.051752055
C-WEU-IRL,q2,2060,0.05178687
C-WEU-IRL,q2,2065,0.051804464999999994
C-WEU-IRL,q2,2070,0.05181636
C-WEU-IRL,q2,2075,0.051821165
C-WEU-IRL,q2,2080,0.051824104999999995
C-WEU-IRL,q2,2085,0.051825195000000004
C-WEU-IRL,q2,2090,0.051825785
C-WEU-IRL,q2,2095,0.051826095
C-WEU-IRL,q2,2100,0.051826214999999995
C-WEU-IRL,q3,2015,0.05180928
C-WEU-IRL,q3,2020,0.051819625
C-WEU-IRL,q3,2025,0.0518233
C-WEU-IRL,q3,2030,0.051825175
C-WEU-IRL,q3,2035,0.05182593
C-WEU-IRL,q3,2040,0.051826109999999995
C-WEU-IRL,q3,2045,0.051826225000000004
C-WEU-IRL,q3,2050,0.05182627
C-WEU-IRL,q3,2055,0.05182629
C-WEU-IRL,q3,2060,0.051826294999999994
C-WEU-IRL,q3,2065,0.0518263
C-WEU-IRL,q3,2070,0.0518263
C-WEU-IRL,q3,2075,0.0518263
C-WEU-IRL,q3,2080,0.0518263
C-WEU-IRL,q3,2085,0.0518263
C-WEU-IRL,q3,2090,0.0518263
C-WEU-IRL,q3,2095,0.0518263
C-WEU-IRL,q3,2100,0.0518263
C-WEU-ITA,q1,2015,0.13240408
C-WEU-ITA,q1,2020,0.15485501125
C-WEU-ITA,q1,2025,0.18341938875
C-WEU-ITA,q1,2030,0.20639782125
C-WEU-ITA,q1,2035,0.23772278875
C-WEU-ITA,q1,2040,0.2635602975
C-WEU-ITA,q1,2045,0.28197668
C-WEU-ITA,q1,2050,0.3032115525
C-WEU-ITA,q1,2055,0.32453938125
C-WEU-ITA,q1,2060,0.3439228075
C-WEU-ITA,q1,2065,0.36529547125
C-WEU-ITA,q1,2070,0.3820595125
C-WEU-ITA,q1,2075,0.39540535
C-WEU-ITA,q1,2080,0.405435425
C-WEU-ITA,q1,2085,0.4142369125
C-WEU-ITA,q1,2090,0.4198108375
C-WEU-ITA,q1,2095,0.4244461875
C-WEU-ITA,q1,2100,0.427208275
C-WEU-ITA,q2,2015,0.27441931125
C-WEU-ITA,q2,2020,0.30355877
C-WEU-ITA,q2,2025,0.33270943875000003
C-WEU-ITA,q2,2030,0.362482925
C-WEU-ITA,q2,2035,0.388874775
C-WEU-ITA,q2,2040,0.40787338749999996
C-WEU-ITA,q2,2045,0.4148438125
C-WEU-ITA,q2,2050,0.4208274375
C-WEU-ITA,q2,2055,0.424476125
C-WEU-ITA,q2,2060,0.42744785
C-WEU-ITA,q2,2065,0.4293615
C-WEU-ITA,q2,2070,0.4302558
C-WEU-ITA,q2,2075,0.4307181
C-WEU-ITA,q2,2080,0.43091657499999997
C-WEU-ITA,q2,2085,0.43104488750000003
C-WEU-ITA,q2,2090,0.431096625
C-WEU-ITA,q2,2095,0.431122775
C-WEU-ITA,q2,2100,0.4311320875
C-WEU-ITA,q3,2015,0.3385497875
C-WEU-ITA,q3,2020,0.3613652875
C-WEU-ITA,q3,2025,0.3818061375
C-WEU-ITA,q3,2030,0.40543395
C-WEU-ITA,q3,2035,0.420253275
C-WEU-ITA,q3,2040,0.431028175
C-WEU-ITA,q3,2045,0.431078175
C-WEU-ITA,q3,2050,0.431117925
C-WEU-ITA,q3,2055,0.4311307125
C-WEU-ITA,q3,2060,0.4311356125
C-WEU-ITA,q3,2065,0.4311379125
C-WEU-ITA,q3,2070,0.4311384
C-WEU-ITA,q3,2075,0.431138525
C-WEU-ITA,q3,2080,0.4311385375
C-WEU-ITA,q3,2085,0.4311385375
C-WEU-ITA,q3,2090,0.43113855
C-WEU-ITA,q3,2095,0.43113855
C-WEU-ITA,q3,2100,0.43113855
C-WEU-LUX,q1,2015,0.1685356
C-WEU-LUX,q1,2020,0.1698966
C-WEU-LUX,q1,2025,0.17071555
C-WEU-LUX,q1,2030,0.17101254999999999
C-WEU-LUX,q1,2035,0.1713375
C-WEU-LUX,q1,2040,0.17174495
C-WEU-LUX,q1,2045,0.1718522
C-WEU-LUX,q1,2050,0.17205975
C-WEU-LUX,q1,2055,0.17218129999999998
C-WEU-LUX,q1,2060,0.1722383
C-WEU-LUX,q1,2065,0.17240715
C-WEU-LUX,q1,2070,0.17244769999999998
C-WEU-LUX,q1,2075,0.1725556
C-WEU-LUX,q1,2080,0.17261549999999998
C-WEU-LUX,q1,2085,0.17265724999999998
C-WEU-LUX,q1,2090,0.17269265
C-WEU-LUX,q1,2095,0.17270760000000002
C-WEU-LUX,q1,2100,0.1727202
C-WEU-LUX,q2,2015,0.17268055
C-WEU-LUX,q2,2020,0.1727108
C-WEU-LUX,q2,2025,0.1727203
C-WEU-LUX,q2,2030,0.1727255
C-WEU-LUX,q2,2035,0.17272864999999998
C-WEU-LUX,q2,2040,0.17273105
C-WEU-LUX,q2,2045,0.17273285
C-WEU-LUX,q2,2050,0.17273395
C-WEU-LUX,q2,2055,0.1727348
C-WEU-LUX,q2,2060,0.1727351
C-WEU-LUX,q2,2065,0.1727359
C-WEU-LUX,q2,2070,0.17273605
C-WEU-LUX,q2,2075,0.17273644999999999
C-WEU-LUX,q2,2080,0.17273665
C-WEU-LUX,q2,2085,0.17273675
C-WEU-LUX,q2,2090,0.17273685
C-WEU-LUX,q2,2095,0.17273685
C-WEU-LUX,q2,2100,0.1727369
C-WEU-LUX,q3,2015,0.1727369
C-WEU-LUX,q3,2020,0.1727369
C-WEU-LUX,q3,2025,0.1727369
C-WEU-LUX,q3,2030,0.1727369
C-WEU-LUX,q3,2035,0.1727369
C-WEU-LUX,q3,2040,0.1727369
C-WEU-LUX,q3,2045,0.1727369
C-WEU-LUX,q3,2050,0.1727369
C-WEU-LUX,q3,2055,0.1727369
C-WEU-LUX,q3,2060,0.1727369
C-WEU-LUX,q3,2065,0.1727369
C-WEU-LUX,q3,2070,0.1727369
C-WEU-LUX,q3,2075,0.1727369
C-WEU-LUX,q3,2080,0.1727369
C-WEU-LUX,q3,2085,0.1727369
C-WEU-LUX,q3,2090,0.1727369
C-WEU-LUX,q3,2095,0.1727369
C-WEU-LUX,q3,2100,0.1727369
C-WEU-MLT,q1,2015,0.3050075
C-WEU-MLT,q1,2020,0.37818135
C-WEU-MLT,q1,2025,0.44792
C-WEU-MLT,q1,2030,0.52553355
C-WEU-MLT,q1,2035,0.5916376
C-WEU-MLT,q1,2040,0.66022865
C-WEU-MLT,q1,2045,0.70813645
C-WEU-MLT,q1,2050,0.75252835
C-WEU-MLT,q1,2055,0.7873468
C-WEU-MLT,q1,2060,0.8101702
C-WEU-MLT,q1,2065,0.83037855
C-WEU-MLT,q1,2070,0.8470243
C-WEU-MLT,q1,2075,0.86154845
C-WEU-MLT,q1,2080,0.8698498
C-WEU-MLT,q1,2085,0.87381335
C-WEU-MLT,q1,2090,0.87736955
C-WEU-MLT,q1,2095,0.87999675
C-WEU-MLT,q1,2100,0.8814285
C-WEU-MLT,q2,2015,0.6459002500000001
C-WEU-MLT,q2,2020,0.70000965
C-WEU-MLT,q2,2025,0.7587229
C-WEU-MLT,q2,2030,0.80456815
C-WEU-MLT,q2,2035,0.83739585
C-WEU-MLT,q2,2040,0.85806505
C-WEU-MLT,q2,2045,0.86912015
C-WEU-MLT,q2,2050,0.87570865
C-WEU-MLT,q2,2055,0.8793327
C-WEU-MLT,q2,2060,0.8807489
C-WEU-MLT,q2,2065,0.8819473
C-WEU-MLT,q2,2070,0.88263605
C-WEU-MLT,q2,2075,0.8830389999999999
C-WEU-MLT,q2,2080,0.8832312
C-WEU-MLT,q2,2085,0.8833142
C-WEU-MLT,q2,2090,0.88336225
C-WEU-MLT,q2,2095,0.8833896999999999
C-WEU-MLT,q2,2100,0.8834028
C-WEU-MLT,q3,2015,0.86180115
C-WEU-MLT,q3,2020,0.87288655
C-WEU-MLT,q3,2025,0.87880355
C-WEU-MLT,q3,2030,0.88186955
C-WEU-MLT,q3,2035,0.88286595
C-WEU-MLT,q3,2040,0.8832311500000001
C-WEU-MLT,q3,2045,0.88335425
C-WEU-MLT,q3,2050,0.8833866
C-WEU-MLT,q3,2055,0.8834035
C-WEU-MLT,q3,2060,0.8834086
C-WEU-MLT,q3,2065,0.8834115
C-WEU-MLT,q3,2070,0.88341275
C-WEU-MLT,q3,2075,0.8834132
C-WEU-MLT,q3,2080,0.88341335
C-WEU-MLT,q3,2085,0.8834134
C-WEU-MLT,q3,2090,0.8834134
C-WEU-MLT,q3,2095,0.8834134
C-WEU-MLT,q3,2100,0.8834134
C-WEU-NLD,q1,2015,0.11322083749999999
C-WEU-NLD,q1,2020,0.1198541625
C-WEU-NLD,q1,2025,0.1251670275
C-WEU-NLD,q1,2030,0.131142425
C-WEU-NLD,q1,2035,0.136113575
C-WEU-NLD,q1,2040,0.14117257500000002
C-WEU-NLD,q1,2045,0.145640075
C-WEU-NLD,q1,2050,0.14971995
C-WEU-NLD,q1,2055,0.15251057499999998
C-WEU-NLD,q1,2060,0.154258425
C-WEU-NLD,q1,2065,0.155758275
C-WEU-NLD,q1,2070,0.156637625
C-WEU-NLD,q1,2075,0.15726445
C-WEU-NLD,q1,2080,0.1576416
C-WEU-NLD,q1,2085,0.15782912500000001
C-WEU-NLD,q1,2090,0.1579586
C-WEU-NLD,q1,2095,0.1580301
C-WEU-NLD,q1,2100,0.15808065
C-WEU-NLD,q2,2015,0.15148545
C-WEU-NLD,q2,2020,0.1538115
C-WEU-NLD,q2,2025,0.155231575
C-WEU-NLD,q2,2030,0.15627605
C-WEU-NLD,q2,2035,0.15682255
C-WEU-NLD,q2,2040,0.15745515
C-WEU-NLD,q2,2045,0.1577457
C-WEU-NLD,q2,2050,0.1579452
C-WEU-NLD,q2,2055,0.158030525
C-WEU-NLD,q2,2060,0.1580726
C-WEU-NLD,q2,2065,0.1580987
C-WEU-NLD,q2,2070,0.15811015
C-WEU-NLD,q2,2075,0.15811492500000002
C-WEU-NLD,q2,2080,0.1581184
C-WEU-NLD,q2,2085,0.15811945
C-WEU-NLD,q2,2090,0.1581199
C-WEU-NLD,q2,2095,0.15812009999999999
C-WEU-NLD,q2,2100,0.1581202
C-WEU-NLD,q3,2015,0.158034275
C-WEU-NLD,q3,2020,0.158084525
C-WEU-NLD,q3,2025,0.158102475
C-WEU-NLD,q3,2030,0.1581127
C-WEU-NLD,q3,2035,0.15811587500000002
C-WEU-NLD,q3,2040,0.158118925
C-WEU-NLD,q3,2045,0.15811985
C-WEU-NLD,q3,2050,0.15812015000000001
C-WEU-NLD,q3,2055,0.1581202
C-WEU-NLD,q3,2060,0.15812025000000002
C-WEU-NLD,q3,2065,0.15812025000000002
C-WEU-NLD,q3,2070,0.15812025000000002
C-WEU-NLD,q3,2075,0.15812025000000002
C-WEU-NLD,q3,2080,0.15812025000000002
C-WEU-NLD,q3,2085,0.15812025000000002
C-WEU-NLD,q3,2090,0.15812025000000002
C-WEU-NLD,q3,2095,0.15812025000000002
C-WEU-NLD,q3,2100,0.15812025000000002
C-WEU-PRT,q1,2015,0.09262734
C-WEU-PRT,q1,2020,0.10953453
C-WEU-PRT,q1,2025,0.1354191075
C-WEU-PRT,q1,2030,0.1617495175
C-WEU-PRT,q1,2035,0.18837017
C-WEU-PRT,q1,2040,0.21358009
C-WEU-PRT,q1,2045,0.25447485
C-WEU-PRT,q1,2050,0.281757925
C-WEU-PRT,q1,2055,0.32068905000000003
C-WEU-PRT,q1,2060,0.355951175
C-WEU-PRT,q1,2065,0.3898534
C-WEU-PRT,q1,2070,0.4202982
C-WEU-PRT,q1,2075,0.445458
C-WEU-PRT,q1,2080,0.46114489999999997
C-WEU-PRT,q1,2085,0.478873425
C-WEU-PRT,q1,2090,0.490054675
C-WEU-PRT,q1,2095,0.496749375
C-WEU-PRT,q1,2100,0.50129
C-WEU-PRT,q2,2015,0.318376125
C-WEU-PRT,q2,2020,0.34834075
C-WEU-PRT,q2,2025,0.380272575
C-WEU-PRT,q2,2030,0.40938674999999997
C-WEU-PRT,q2,2035,0.4278085
C-WEU-PRT,q2,2040,0.44854250000000007
C-WEU-PRT,q2,2045,0.46471285
C-WEU-PRT,q2,2050,0.47901505
C-WEU-PRT,q2,2055,0.48870210000000003
C-WEU-PRT,q2,2060,0.49733839999999996
C-WEU-PRT,q2,2065,0.5017607749999999
C-WEU-PRT,q2,2070,0.5042219
C-WEU-PRT,q2,2075,0.5053404
C-WEU-PRT,q2,2080,0.505805575
C-WEU-PRT,q2,2085,0.506229725
C-WEU-PRT,q2,2090,0.506378125
C-WEU-PRT,q2,2095,0.506426175
C-WEU-PRT,q2,2100,0.506455625
C-WEU-PRT,q3,2015,0.4978034
C-WEU-PRT,q3,2020,0.502028425
C-WEU-PRT,q3,2025,0.50405575
C-WEU-PRT,q3,2030,0.505257675
C-WEU-PRT,q3,2035,0.50597415
C-WEU-PRT,q3,2040,0.506193475
C-WEU-PRT,q3,2045,0.50634745
C-WEU-PRT,q3,2050,0.5064189
C-WEU-PRT,q3,2055,0.5064493
C-WEU-PRT,q3,2060,0.50646585
C-WEU-PRT,q3,2065,0.50647
C-WEU-PRT,q3,2070,0.5064717
C-WEU-PRT,q3,2075,0.506472
C-WEU-PRT,q3,2080,0.50647215
C-WEU-PRT,q3,2085,0.5064721999999999
C-WEU-PRT,q3,2090,0.5064721999999999
C-WEU-PRT,q3,2095,0.5064721999999999
C-WEU-PRT,q3,2100,0.5064721999999999
C-WEU-SWE,q1,2015,0.08459695
C-WEU-SWE,q1,2020,0.0906069675
C-WEU-SWE,q1,2025,0.09652827
C-WEU-SWE,q1,2030,0.10067823
C-WEU-SWE,q1,2035,0.1050214125
C-WEU-SWE,q1,2040,0.1093965225
C-WEU-SWE,q1,2045,0.113602875
C-WEU-SWE,q1,2050,0.116129275
C-WEU-SWE,q1,2055,0.11810417499999999
C-WEU-SWE,q1,2060,0.11970557500000001
C-WEU-SWE,q1,2065,0.12089079999999999
C-WEU-SWE,q1,2070,0.122249075
C-WEU-SWE,q1,2075,0.12293405
C-WEU-SWE,q1,2080,0.123492625
C-WEU-SWE,q1,2085,0.12381265
C-WEU-SWE,q1,2090,0.12401585000000001
C-WEU-SWE,q1,2095,0.124167775
C-WEU-SWE,q1,2100,0.12423515
C-WEU-SWE,q2,2015,0.1176699
C-WEU-SWE,q2,2020,0.12009117500000001
C-WEU-SWE,q2,2025,0.12157459999999999
C-WEU-SWE,q2,2030,0.12252295
C-WEU-SWE,q2,2035,0.1232723
C-WEU-SWE,q2,2040,0.123710975
C-WEU-SWE,q2,2045,0.123967775
C-WEU-SWE,q2,2050,0.124128975
C-WEU-SWE,q2,2055,0.124210175
C-WEU-SWE,q2,2060,0.124261425
C-WEU-SWE,q2,2065,0.1242945
C-WEU-SWE,q2,2070,0.12432435
C-WEU-SWE,q2,2075,0.12433294999999997
C-WEU-SWE,q2,2080,0.124338375
C-WEU-SWE,q2,2085,0.124341325
C-WEU-SWE,q2,2090,0.12434265
C-WEU-SWE,q2,2095,0.1243433
C-WEU-SWE,q2,2100,0.1243435
C-WEU-SWE,q3,2015,0.124238225
C-WEU-SWE,q3,2020,0.12430245000000001
C-WEU-SWE,q3,2025,0.124326275
C-WEU-SWE,q3,2030,0.12433595
C-WEU-SWE,q3,2035,0.12433997499999999
C-WEU-SWE,q3,2040,0.124342175
C-WEU-SWE,q3,2045,0.124343175
C-WEU-SWE,q3,2050,0.124343475
C-WEU-SWE,q3,2055,0.1243436
C-WEU-SWE,q3,2060,0.12434365
C-WEU-SWE,q3,2065,0.124343675
C-WEU-SWE,q3,2070,0.1243437
C-WEU-SWE,q3,2075,0.1243437
C-WEU-SWE,q3,2080,0.1243437
C-WEU-SWE,q3,2085,0.1243437
C-WEU-SWE,q3,2090,0.1243437
C-WEU-SWE,q3,2095,0.1243437
C-WEU-SWE,q3,2100,0.1243437
