region_bld,mat,arch,year,value
C-EEU-BGR,perm,mfh,2015,0.6502957113449505
C-EEU-BGR,perm,mfh,2020,0.6520697275786378
C-EEU-BGR,perm,mfh,2025,0.6532927718773462
C-EEU-BGR,perm,mfh,2030,0.6539750218653403
C-EEU-BGR,perm,mfh,2035,0.6541375833686622
C-EEU-BGR,perm,mfh,2040,0.6538136081662027
C-EEU-BGR,perm,mfh,2045,0.6530492729548348
C-EEU-BGR,perm,mfh,2050,0.6519045784684373
C-EEU-BGR,perm,mfh,2055,0.6504539344444713
C-EEU-BGR,perm,mfh,2060,0.6487865066939629
C-EEU-BGR,perm,mfh,2065,0.6470063166975071
C-EEU-BGR,perm,mfh,2070,0.6452321013598401
C-EEU-BGR,perm,mfh,2075,0.6435969599224537
C-EEU-BGR,perm,mfh,2080,0.6422478354380128
C-EEU-BGR,perm,mfh,2085,0.6413448984436214
C-EEU-BGR,perm,mfh,2090,0.6410609194181139
C-EEU-BGR,perm,mfh,2095,0.6415807334500632
C-EEU-BGR,perm,mfh,2100,0.6431009149376626
C-EEU-BGR,perm,sfh,2015,0.34970428865504954
C-EEU-BGR,perm,sfh,2020,0.34793027242136215
C-EEU-BGR,perm,sfh,2025,0.34670722812265364
C-EEU-BGR,perm,sfh,2030,0.34602497813465966
C-EEU-BGR,perm,sfh,2035,0.34586241663133777
C-EEU-BGR,perm,sfh,2040,0.3461863918337974
C-EEU-BGR,perm,sfh,2045,0.34695072704516505
C-EEU-BGR,perm,sfh,2050,0.34809542153156253
C-EEU-BGR,perm,sfh,2055,0.3495460655555287
C-EEU-BGR,perm,sfh,2060,0.35121349330603713
C-EEU-BGR,perm,sfh,2065,0.35299368330249287
C-EEU-BGR,perm,sfh,2070,0.3547678986401598
C-EEU-BGR,perm,sfh,2075,0.3564030400775463
C-EEU-BGR,perm,sfh,2080,0.35775216456198716
C-EEU-BGR,perm,sfh,2085,0.35865510155637864
C-EEU-BGR,perm,sfh,2090,0.3589390805818861
C-EEU-BGR,perm,sfh,2095,0.3584192665499368
C-EEU-BGR,perm,sfh,2100,0.3568990850623373
C-EEU-CZE,perm,mfh,2015,0.7174756373474445
C-EEU-CZE,perm,mfh,2020,0.7172380852156027
C-EEU-CZE,perm,mfh,2025,0.7169686781738397
C-EEU-CZE,perm,mfh,2030,0.7166685964136538
C-EEU-CZE,perm,mfh,2035,0.7163388995922925
C-EEU-CZE,perm,mfh,2040,0.7159807806956715
C-EEU-CZE,perm,mfh,2045,0.715595818342616
C-EEU-CZE,perm,mfh,2050,0.7151862421423539
C-EEU-CZE,perm,mfh,2055,0.7147552174788758
C-EEU-CZE,perm,mfh,2060,0.7143071470170512
C-EEU-CZE,perm,mfh,2065,0.7138479748021707
C-EEU-CZE,perm,mfh,2070,0.7133854643051023
C-EEU-CZE,perm,mfh,2075,0.712929404594287
C-EEU-CZE,perm,mfh,2080,0.7124916813745905
C-EEU-CZE,perm,mfh,2085,0.712086136986488
C-EEU-CZE,perm,mfh,2090,0.7117281434998025
C-EEU-CZE,perm,mfh,2095,0.7114338351013709
C-EEU-CZE,perm,mfh,2100,0.7112189971055305
C-EEU-CZE,perm,sfh,2015,0.2825243626525554
C-EEU-CZE,perm,sfh,2020,0.2827619147843973
C-EEU-CZE,perm,sfh,2025,0.28303132182616025
C-EEU-CZE,perm,sfh,2030,0.2833314035863462
C-EEU-CZE,perm,sfh,2035,0.2836611004077075
C-EEU-CZE,perm,sfh,2040,0.2840192193043284
C-EEU-CZE,perm,sfh,2045,0.284404181657384
C-EEU-CZE,perm,sfh,2050,0.28481375785764607
C-EEU-CZE,perm,sfh,2055,0.2852447825211242
C-EEU-CZE,perm,sfh,2060,0.2856928529829487
C-EEU-CZE,perm,sfh,2065,0.2861520251978292
C-EEU-CZE,perm,sfh,2070,0.28661453569489764
C-EEU-CZE,perm,sfh,2075,0.287070595405713
C-EEU-CZE,perm,sfh,2080,0.28750831862540943
C-EEU-CZE,perm,sfh,2085,0.2879138630135119
C-EEU-CZE,perm,sfh,2090,0.28827185650019743
C-EEU-CZE,perm,sfh,2095,0.2885661648986291
C-EEU-CZE,perm,sfh,2100,0.2887810028944695
C-EEU-EST,perm,mfh,2015,0.7156379983575656
C-EEU-EST,perm,mfh,2020,0.7156484713610001
C-EEU-EST,perm,mfh,2025,0.7156233662817482
C-EEU-EST,perm,mfh,2030,0.715572685295973
C-EEU-EST,perm,mfh,2035,0.7155061056535733
C-EEU-EST,perm,mfh,2040,0.7154335781536836
C-EEU-EST,perm,mfh,2045,0.7153658185596532
C-EEU-EST,perm,mfh,2050,0.715314706151793
C-EEU-EST,perm,mfh,2055,0.7152935739273859
C-EEU-EST,perm,mfh,2060,0.7153173467329631
C-EEU-EST,perm,mfh,2065,0.7154024568940005
C-EEU-EST,perm,mfh,2070,0.7155664462811674
C-EEU-EST,perm,mfh,2075,0.7158271591872631
C-EEU-EST,perm,mfh,2080,0.7162014568183371
C-EEU-EST,perm,mfh,2085,0.7167034576013067
C-EEU-EST,perm,mfh,2090,0.7173424353757386
C-EEU-EST,perm,mfh,2095,0.7181206745190568
C-EEU-EST,perm,mfh,2100,0.7190317369183505
C-EEU-EST,perm,sfh,2015,0.2843620016424344
C-EEU-EST,perm,sfh,2020,0.284351528639
C-EEU-EST,perm,sfh,2025,0.28437663371825195
C-EEU-EST,perm,sfh,2030,0.28442731470402705
C-EEU-EST,perm,sfh,2035,0.2844938943464267
C-EEU-EST,perm,sfh,2040,0.28456642184631653
C-EEU-EST,perm,sfh,2045,0.2846341814403467
C-EEU-EST,perm,sfh,2050,0.28468529384820707
C-EEU-EST,perm,sfh,2055,0.28470642607261415
C-EEU-EST,perm,sfh,2060,0.284682653267037
C-EEU-EST,perm,sfh,2065,0.28459754310599955
C-EEU-EST,perm,sfh,2070,0.2844335537188326
C-EEU-EST,perm,sfh,2075,0.2841728408127369
C-EEU-EST,perm,sfh,2080,0.28379854318166287
C-EEU-EST,perm,sfh,2085,0.28329654239869334
C-EEU-EST,perm,sfh,2090,0.2826575646242613
C-EEU-EST,perm,sfh,2095,0.28187932548094324
C-EEU-EST,perm,sfh,2100,0.2809682630816494
C-EEU-HRV,perm,mfh,2015,0.5179785027558698
C-EEU-HRV,perm,mfh,2020,0.5163525279490125
C-EEU-HRV,perm,mfh,2025,0.5146668707825699
C-EEU-HRV,perm,mfh,2030,0.512928023516086
C-EEU-HRV,perm,mfh,2035,0.5111448830366832
C-EEU-HRV,perm,mfh,2040,0.5093292557601324
C-EEU-HRV,perm,mfh,2045,0.5074964031319984
C-EEU-HRV,perm,mfh,2050,0.505665604874048
C-EEU-HRV,perm,mfh,2055,0.5038607021892947
C-EEU-HRV,perm,mfh,2060,0.5021105643053009
C-EEU-HRV,perm,mfh,2065,0.50044939986928
C-EEU-HRV,perm,mfh,2070,0.4989168121711975
C-EEU-HRV,perm,mfh,2075,0.4975574784169198
C-EEU-HRV,perm,mfh,2080,0.4964203252230694
C-EEU-HRV,perm,mfh,2085,0.49555708425956535
C-EEU-HRV,perm,mfh,2090,0.4950201533118836
C-EEU-HRV,perm,mfh,2095,0.4948597662997313
C-EEU-HRV,perm,mfh,2100,0.4951205911442296
C-EEU-HRV,perm,sfh,2015,0.4820214972441301
C-EEU-HRV,perm,sfh,2020,0.48364747205098735
C-EEU-HRV,perm,sfh,2025,0.4853331292174301
C-EEU-HRV,perm,sfh,2030,0.487071976483914
C-EEU-HRV,perm,sfh,2035,0.4888551169633168
C-EEU-HRV,perm,sfh,2040,0.49067074423986745
C-EEU-HRV,perm,sfh,2045,0.49250359686800166
C-EEU-HRV,perm,sfh,2050,0.49433439512595206
C-EEU-HRV,perm,sfh,2055,0.4961392978107053
C-EEU-HRV,perm,sfh,2060,0.49788943569469907
C-EEU-HRV,perm,sfh,2065,0.4995506001307199
C-EEU-HRV,perm,sfh,2070,0.5010831878288025
C-EEU-HRV,perm,sfh,2075,0.5024425215830802
C-EEU-HRV,perm,sfh,2080,0.5035796747769306
C-EEU-HRV,perm,sfh,2085,0.5044429157404345
C-EEU-HRV,perm,sfh,2090,0.5049798466881165
C-EEU-HRV,perm,sfh,2095,0.5051402337002687
C-EEU-HRV,perm,sfh,2100,0.5048794088557704
C-EEU-HUN,perm,mfh,2015,0.41553602121808964
C-EEU-HUN,perm,mfh,2020,0.416751112911755
C-EEU-HUN,perm,mfh,2025,0.4180712856182001
C-EEU-HUN,perm,mfh,2030,0.41949313677137673
C-EEU-HUN,perm,mfh,2035,0.4210127549327546
C-EEU-HUN,perm,mfh,2040,0.42262538266940974
C-EEU-HUN,perm,mfh,2045,0.4243250468328714
C-EEU-HUN,perm,mfh,2050,0.42610415059522383
C-EEU-HUN,perm,mfh,2055,0.4279530248957407
C-EEU-HUN,perm,mfh,2060,0.42985944160892137
C-EEU-HUN,perm,mfh,2065,0.43180809726662656
C-EEU-HUN,perm,mfh,2070,0.43378008502192256
C-EEU-HUN,perm,mfh,2075,0.43575238405182526
C-EEU-HUN,perm,mfh,2080,0.4376974097480723
C-EEU-HUN,perm,mfh,2085,0.439582684224143
C-EEU-HUN,perm,mfh,2090,0.4413707033193234
C-EEU-HUN,perm,mfh,2095,0.443019090575034
C-EEU-HUN,perm,mfh,2100,0.44448113627593844
C-EEU-HUN,perm,sfh,2015,0.5844639787819104
C-EEU-HUN,perm,sfh,2020,0.583248887088245
C-EEU-HUN,perm,sfh,2025,0.5819287143817998
C-EEU-HUN,perm,sfh,2030,0.5805068632286232
C-EEU-HUN,perm,sfh,2035,0.5789872450672454
C-EEU-HUN,perm,sfh,2040,0.5773746173305901
C-EEU-HUN,perm,sfh,2045,0.5756749531671285
C-EEU-HUN,perm,sfh,2050,0.5738958494047761
C-EEU-HUN,perm,sfh,2055,0.5720469751042593
C-EEU-HUN,perm,sfh,2060,0.5701405583910787
C-EEU-HUN,perm,sfh,2065,0.5681919027333734
C-EEU-HUN,perm,sfh,2070,0.5662199149780774
C-EEU-HUN,perm,sfh,2075,0.5642476159481747
C-EEU-HUN,perm,sfh,2080,0.5623025902519276
C-EEU-HUN,perm,sfh,2085,0.560417315775857
C-EEU-HUN,perm,sfh,2090,0.5586292966806766
C-EEU-HUN,perm,sfh,2095,0.5569809094249659
C-EEU-HUN,perm,sfh,2100,0.5555188637240615
C-EEU-LTU,perm,mfh,2015,0.6346075829228859
C-EEU-LTU,perm,mfh,2020,0.6370183012743619
C-EEU-LTU,perm,mfh,2025,0.6394072549622426
C-EEU-LTU,perm,mfh,2030,0.641772456575181
C-EEU-LTU,perm,mfh,2035,0.6441101736422066
C-EEU-LTU,perm,mfh,2040,0.6464145981280824
C-EEU-LTU,perm,mfh,2045,0.6486774987912064
C-EEU-LTU,perm,mfh,2050,0.6508878832750894
C-EEU-LTU,perm,mfh,2055,0.653031711896574
C-EEU-LTU,perm,mfh,2060,0.6550917228825601
C-EEU-LTU,perm,mfh,2065,0.6570474469594495
C-EEU-LTU,perm,mfh,2070,0.6588755031659936
C-EEU-LTU,perm,mfh,2075,0.6605502704373123
C-EEU-LTU,perm,mfh,2080,0.6620450118296778
C-EEU-LTU,perm,mfh,2085,0.6633334814276449
C-EEU-LTU,perm,mfh,2090,0.6643919637479432
C-EEU-LTU,perm,mfh,2095,0.6652015877656533
C-EEU-LTU,perm,mfh,2100,0.6657506432266636
C-EEU-LTU,perm,sfh,2015,0.36539241707711406
C-EEU-LTU,perm,sfh,2020,0.362981698725638
C-EEU-LTU,perm,sfh,2025,0.3605927450377574
C-EEU-LTU,perm,sfh,2030,0.3582275434248189
C-EEU-LTU,perm,sfh,2035,0.35588982635779326
C-EEU-LTU,perm,sfh,2040,0.35358540187191756
C-EEU-LTU,perm,sfh,2045,0.3513225012087935
C-EEU-LTU,perm,sfh,2050,0.34911211672491055
C-EEU-LTU,perm,sfh,2055,0.34696828810342595
C-EEU-LTU,perm,sfh,2060,0.3449082771174398
C-EEU-LTU,perm,sfh,2065,0.3429525530405505
C-EEU-LTU,perm,sfh,2070,0.3411244968340064
C-EEU-LTU,perm,sfh,2075,0.3394497295626876
C-EEU-LTU,perm,sfh,2080,0.33795498817032216
C-EEU-LTU,perm,sfh,2085,0.3366665185723551
C-EEU-LTU,perm,sfh,2090,0.3356080362520567
C-EEU-LTU,perm,sfh,2095,0.3347984122343467
C-EEU-LTU,perm,sfh,2100,0.33424935677333656
C-EEU-LVA,perm,mfh,2015,0.8046202159782578
C-EEU-LVA,perm,mfh,2020,0.8091891332886282
C-EEU-LVA,perm,mfh,2025,0.8137160168009032
C-EEU-LVA,perm,mfh,2030,0.818180148088585
C-EEU-LVA,perm,mfh,2035,0.8225559289150944
C-EEU-LVA,perm,mfh,2040,0.8268123736653294
C-EEU-LVA,perm,mfh,2045,0.8309127040225797
C-EEU-LVA,perm,mfh,2050,0.8348141232269334
C-EEU-LVA,perm,mfh,2055,0.8384678663380898
C-EEU-LVA,perm,mfh,2060,0.8418196385291581
C-EEU-LVA,perm,mfh,2065,0.8448105602211481
C-EEU-LVA,perm,mfh,2070,0.8473787288599891
C-EEU-LVA,perm,mfh,2075,0.8494614746294046
C-EEU-LVA,perm,mfh,2080,0.8509983248753312
C-EEU-LVA,perm,mfh,2085,0.851934597230107
C-EEU-LVA,perm,mfh,2090,0.8522254200195717
C-EEU-LVA,perm,mfh,2095,0.8518398470841113
C-EEU-LVA,perm,mfh,2100,0.8507646204991267
C-EEU-LVA,perm,sfh,2015,0.19537978402174216
C-EEU-LVA,perm,sfh,2020,0.1908108667113718
C-EEU-LVA,perm,sfh,2025,0.18628398319909667
C-EEU-LVA,perm,sfh,2030,0.181819851911415
C-EEU-LVA,perm,sfh,2035,0.17744407108490554
C-EEU-LVA,perm,sfh,2040,0.17318762633467044
C-EEU-LVA,perm,sfh,2045,0.16908729597742012
C-EEU-LVA,perm,sfh,2050,0.16518587677306654
C-EEU-LVA,perm,sfh,2055,0.16153213366191016
C-EEU-LVA,perm,sfh,2060,0.15818036147084186
C-EEU-LVA,perm,sfh,2065,0.1551894397788518
C-EEU-LVA,perm,sfh,2070,0.15262127114001067
C-EEU-LVA,perm,sfh,2075,0.15053852537059534
C-EEU-LVA,perm,sfh,2080,0.14900167512466866
C-EEU-LVA,perm,sfh,2085,0.1480654027698928
C-EEU-LVA,perm,sfh,2090,0.14777457998042814
C-EEU-LVA,perm,sfh,2095,0.14816015291588844
C-EEU-LVA,perm,sfh,2100,0.14923537950087323
C-EEU-POL,perm,mfh,2015,0.6046432047322369
C-EEU-POL,perm,mfh,2020,0.6045929530552187
C-EEU-POL,perm,mfh,2025,0.6041839585419444
C-EEU-POL,perm,mfh,2030,0.6034627545394092
C-EEU-POL,perm,mfh,2035,0.6024687645416387
C-EEU-POL,perm,mfh,2040,0.6012385718354837
C-EEU-POL,perm,mfh,2045,0.5998096486038883
C-EEU-POL,perm,mfh,2050,0.5982238860581868
C-EEU-POL,perm,mfh,2055,0.5965311003056243
C-EEU-POL,perm,mfh,2060,0.5947925257120393
C-EEU-POL,perm,mfh,2065,0.5930841109362069
C-EEU-POL,perm,mfh,2070,0.5914991799979257
C-EEU-POL,perm,mfh,2075,0.5901497149819496
C-EEU-POL,perm,mfh,2080,0.5891652099495319
C-EEU-POL,perm,mfh,2085,0.5886878643381378
C-EEU-POL,perm,mfh,2090,0.5888630399218387
C-EEU-POL,perm,mfh,2095,0.5898246434848023
C-EEU-POL,perm,mfh,2100,0.5916765455505248
C-EEU-POL,perm,sfh,2015,0.39535679526776296
C-EEU-POL,perm,sfh,2020,0.39540704694478135
C-EEU-POL,perm,sfh,2025,0.39581604145805543
C-EEU-POL,perm,sfh,2030,0.3965372454605906
C-EEU-POL,perm,sfh,2035,0.39753123545836117
C-EEU-POL,perm,sfh,2040,0.3987614281645164
C-EEU-POL,perm,sfh,2045,0.4001903513961116
C-EEU-POL,perm,sfh,2050,0.40177611394181306
C-EEU-POL,perm,sfh,2055,0.40346889969437566
C-EEU-POL,perm,sfh,2060,0.40520747428796067
C-EEU-POL,perm,sfh,2065,0.40691588906379306
C-EEU-POL,perm,sfh,2070,0.4085008200020744
C-EEU-POL,perm,sfh,2075,0.40985028501805026
C-EEU-POL,perm,sfh,2080,0.410834790050468
C-EEU-POL,perm,sfh,2085,0.41131213566186203
C-EEU-POL,perm,sfh,2090,0.41113696007816125
C-EEU-POL,perm,sfh,2095,0.4101753565151977
C-EEU-POL,perm,sfh,2100,0.4083234544494751
C-EEU-ROU,perm,mfh,2015,0.4858966108242548
C-EEU-ROU,perm,mfh,2020,0.48441721059859644
C-EEU-ROU,perm,mfh,2025,0.48288041040159957
C-EEU-ROU,perm,mfh,2030,0.4812870689322344
C-EEU-ROU,perm,mfh,2035,0.4796400054638143
C-EEU-ROU,perm,mfh,2040,0.47794458273276075
C-EEU-ROU,perm,mfh,2045,0.4762094271413516
C-EEU-ROU,perm,mfh,2050,0.4744472951319218
C-EEU-ROU,perm,mfh,2055,0.4726760814970053
C-EEU-ROU,perm,mfh,2060,0.4709199418947582
C-EEU-ROU,perm,mfh,2065,0.46921046396283184
C-EEU-ROU,perm,mfh,2070,0.4675877655823596
C-EEU-ROU,perm,mfh,2075,0.46610132388917397
C-EEU-ROU,perm,mfh,2080,0.464810249427601
C-EEU-ROU,perm,mfh,2085,0.46378263236283324
C-EEU-ROU,perm,mfh,2090,0.4630935342880179
C-EEU-ROU,perm,mfh,2095,0.4628212305327221
C-EEU-ROU,perm,mfh,2100,0.4630414849126501
C-EEU-ROU,perm,sfh,2015,0.5141033891757452
C-EEU-ROU,perm,sfh,2020,0.5155827894014035
C-EEU-ROU,perm,sfh,2025,0.5171195895984004
C-EEU-ROU,perm,sfh,2030,0.5187129310677656
C-EEU-ROU,perm,sfh,2035,0.5203599945361856
C-EEU-ROU,perm,sfh,2040,0.5220554172672391
C-EEU-ROU,perm,sfh,2045,0.5237905728586483
C-EEU-ROU,perm,sfh,2050,0.5255527048680781
C-EEU-ROU,perm,sfh,2055,0.5273239185029948
C-EEU-ROU,perm,sfh,2060,0.5290800581052417
C-EEU-ROU,perm,sfh,2065,0.5307895360371682
C-EEU-ROU,perm,sfh,2070,0.5324122344176404
C-EEU-ROU,perm,sfh,2075,0.5338986761108261
C-EEU-ROU,perm,sfh,2080,0.535189750572399
C-EEU-ROU,perm,sfh,2085,0.5362173676371667
C-EEU-ROU,perm,sfh,2090,0.536906465711982
C-EEU-ROU,perm,sfh,2095,0.5371787694672779
C-EEU-ROU,perm,sfh,2100,0.5369585150873497
C-EEU-SVK,perm,mfh,2015,0.5040719646634813
C-EEU-SVK,perm,mfh,2020,0.5040051687876876
C-EEU-SVK,perm,mfh,2025,0.5039656061158373
C-EEU-SVK,perm,mfh,2030,0.5039456262641613
C-EEU-SVK,perm,mfh,2035,0.50393810700873
C-EEU-SVK,perm,mfh,2040,0.503936077931543
C-EEU-SVK,perm,mfh,2045,0.5039324194528283
C-EEU-SVK,perm,mfh,2050,0.5039196174330322
C-EEU-SVK,perm,mfh,2055,0.5038895664872001
C-EEU-SVK,perm,mfh,2060,0.5038334259167864
C-EEU-SVK,perm,mfh,2065,0.5037415420649743
C-EEU-SVK,perm,mfh,2070,0.5036034602768523
C-EEU-SVK,perm,mfh,2075,0.5034080578157645
C-EEU-SVK,perm,mfh,2080,0.5031438341884706
C-EEU-SVK,perm,mfh,2085,0.502799394194357
C-EEU-SVK,perm,mfh,2090,0.5023641473849537
C-EEU-SVK,perm,mfh,2095,0.5018292211377173
C-EEU-SVK,perm,mfh,2100,0.5011885408242546
C-EEU-SVK,perm,sfh,2015,0.49592803533651875
C-EEU-SVK,perm,sfh,2020,0.49599483121231236
C-EEU-SVK,perm,sfh,2025,0.49603439388416276
C-EEU-SVK,perm,sfh,2030,0.49605437373583877
C-EEU-SVK,perm,sfh,2035,0.49606189299127
C-EEU-SVK,perm,sfh,2040,0.4960639220684569
C-EEU-SVK,perm,sfh,2045,0.4960675805471717
C-EEU-SVK,perm,sfh,2050,0.49608038256696785
C-EEU-SVK,perm,sfh,2055,0.49611043351279993
C-EEU-SVK,perm,sfh,2060,0.49616657408321363
C-EEU-SVK,perm,sfh,2065,0.49625845793502565
C-EEU-SVK,perm,sfh,2070,0.4963965397231477
C-EEU-SVK,perm,sfh,2075,0.4965919421842356
C-EEU-SVK,perm,sfh,2080,0.4968561658115293
C-EEU-SVK,perm,sfh,2085,0.497200605805643
C-EEU-SVK,perm,sfh,2090,0.4976358526150463
C-EEU-SVK,perm,sfh,2095,0.4981707788622826
C-EEU-SVK,perm,sfh,2100,0.4988114591757453
C-EEU-SVN,perm,mfh,2015,0.4574200338762895
C-EEU-SVN,perm,mfh,2020,0.4574443802289587
C-EEU-SVN,perm,mfh,2025,0.4573512762075726
C-EEU-SVN,perm,mfh,2030,0.45715747480561475
C-EEU-SVN,perm,mfh,2035,0.4568771186881757
C-EEU-SVN,perm,mfh,2040,0.45652286816664983
C-EEU-SVN,perm,mfh,2045,0.4561067941846968
C-EEU-SVN,perm,mfh,2050,0.4556411235207257
C-EEU-SVN,perm,mfh,2055,0.4551388852487901
C-EEU-SVN,perm,mfh,2060,0.4546144794496154
C-EEU-SVN,perm,mfh,2065,0.4540841655488248
C-EEU-SVN,perm,mfh,2070,0.45356644558147785
C-EEU-SVN,perm,mfh,2075,0.4530822964020103
C-EEU-SVN,perm,mfh,2080,0.45265518580858577
C-EEU-SVN,perm,mfh,2085,0.4523107945646901
C-EEU-SVN,perm,mfh,2090,0.45207636560442477
C-EEU-SVN,perm,mfh,2095,0.45197962107429585
C-EEU-SVN,perm,mfh,2100,0.4520472343243769
C-EEU-SVN,perm,sfh,2015,0.5425799661237105
C-EEU-SVN,perm,sfh,2020,0.5425556197710412
C-EEU-SVN,perm,sfh,2025,0.5426487237924275
C-EEU-SVN,perm,sfh,2030,0.5428425251943853
C-EEU-SVN,perm,sfh,2035,0.5431228813118244
C-EEU-SVN,perm,sfh,2040,0.5434771318333502
C-EEU-SVN,perm,sfh,2045,0.5438932058153032
C-EEU-SVN,perm,sfh,2050,0.5443588764792743
C-EEU-SVN,perm,sfh,2055,0.5448611147512098
C-EEU-SVN,perm,sfh,2060,0.5453855205503846
C-EEU-SVN,perm,sfh,2065,0.5459158344511752
C-EEU-SVN,perm,sfh,2070,0.5464335544185221
C-EEU-SVN,perm,sfh,2075,0.5469177035979897
C-EEU-SVN,perm,sfh,2080,0.5473448141914141
C-EEU-SVN,perm,sfh,2085,0.5476892054353099
C-EEU-SVN,perm,sfh,2090,0.5479236343955752
C-EEU-SVN,perm,sfh,2095,0.5480203789257042
C-EEU-SVN,perm,sfh,2100,0.5479527656756231
C-WEU-AUT,perm,mfh,2015,0.6792306579021214
C-WEU-AUT,perm,mfh,2020,0.6780748339556423
C-WEU-AUT,perm,mfh,2025,0.6772082934726228
C-WEU-AUT,perm,mfh,2030,0.6765821365717687
C-WEU-AUT,perm,mfh,2035,0.6761579639106828
C-WEU-AUT,perm,mfh,2040,0.6759046916654263
C-WEU-AUT,perm,mfh,2045,0.6757962978575545
C-WEU-AUT,perm,mfh,2050,0.6758101726231639
C-WEU-AUT,perm,mfh,2055,0.6759258707028933
C-WEU-AUT,perm,mfh,2060,0.6761241408663455
C-WEU-AUT,perm,mfh,2065,0.6763861558223858
C-WEU-AUT,perm,mfh,2070,0.6766928992128487
C-WEU-AUT,perm,mfh,2075,0.677024690065042
C-WEU-AUT,perm,mfh,2080,0.6773608430743616
C-WEU-AUT,perm,mfh,2085,0.6776794768637132
C-WEU-AUT,perm,mfh,2090,0.6779574921221613
C-WEU-AUT,perm,mfh,2095,0.6781707464400799
C-WEU-AUT,perm,mfh,2100,0.6782944512133069
C-WEU-AUT,perm,sfh,2015,0.3207693420978785
C-WEU-AUT,perm,sfh,2020,0.32192516604435767
C-WEU-AUT,perm,sfh,2025,0.3227917065273772
C-WEU-AUT,perm,sfh,2030,0.3234178634282312
C-WEU-AUT,perm,sfh,2035,0.3238420360893171
C-WEU-AUT,perm,sfh,2040,0.32409530833457356
C-WEU-AUT,perm,sfh,2045,0.3242037021424455
C-WEU-AUT,perm,sfh,2050,0.324189827376836
C-WEU-AUT,perm,sfh,2055,0.3240741292971066
C-WEU-AUT,perm,sfh,2060,0.32387585913365446
C-WEU-AUT,perm,sfh,2065,0.323613844177614
C-WEU-AUT,perm,sfh,2070,0.3233071007871513
C-WEU-AUT,perm,sfh,2075,0.32297530993495804
C-WEU-AUT,perm,sfh,2080,0.3226391569256383
C-WEU-AUT,perm,sfh,2085,0.3223205231362868
C-WEU-AUT,perm,sfh,2090,0.32204250787783867
C-WEU-AUT,perm,sfh,2095,0.32182925355992004
C-WEU-AUT,perm,sfh,2100,0.3217055487866931
C-WEU-BEL,perm,mfh,2015,0.3346524952210659
C-WEU-BEL,perm,mfh,2020,0.33385387647326004
C-WEU-BEL,perm,mfh,2025,0.33317338075044833
C-WEU-BEL,perm,mfh,2030,0.33259483737877604
C-WEU-BEL,perm,mfh,2035,0.3321048979699099
C-WEU-BEL,perm,mfh,2040,0.33169239611280943
C-WEU-BEL,perm,mfh,2045,0.33134786411042993
C-WEU-BEL,perm,mfh,2050,0.33106316260627894
C-WEU-BEL,perm,mfh,2055,0.3308311926034304
C-WEU-BEL,perm,mfh,2060,0.3306456685025688
C-WEU-BEL,perm,mfh,2065,0.33050093700051447
C-WEU-BEL,perm,mfh,2070,0.33039183100431374
C-WEU-BEL,perm,mfh,2075,0.33031355076597363
C-WEU-BEL,perm,mfh,2080,0.3302615666395596
C-WEU-BEL,perm,mfh,2085,0.3302315394733479
C-WEU-BEL,perm,mfh,2090,0.3302192558512169
C-WEU-BEL,perm,mfh,2095,0.330220576305643
C-WEU-BEL,perm,mfh,2100,0.3302313953153733
C-WEU-BEL,perm,sfh,2015,0.6653475047789341
C-WEU-BEL,perm,sfh,2020,0.66614612352674
C-WEU-BEL,perm,sfh,2025,0.6668266192495517
C-WEU-BEL,perm,sfh,2030,0.667405162621224
C-WEU-BEL,perm,sfh,2035,0.6678951020300901
C-WEU-BEL,perm,sfh,2040,0.6683076038871906
C-WEU-BEL,perm,sfh,2045,0.66865213588957
C-WEU-BEL,perm,sfh,2050,0.668936837393721
C-WEU-BEL,perm,sfh,2055,0.6691688073965696
C-WEU-BEL,perm,sfh,2060,0.6693543314974311
C-WEU-BEL,perm,sfh,2065,0.6694990629994856
C-WEU-BEL,perm,sfh,2070,0.6696081689956862
C-WEU-BEL,perm,sfh,2075,0.6696864492340263
C-WEU-BEL,perm,sfh,2080,0.6697384333604405
C-WEU-BEL,perm,sfh,2085,0.6697684605266521
C-WEU-BEL,perm,sfh,2090,0.6697807441487831
C-WEU-BEL,perm,sfh,2095,0.6697794236943571
C-WEU-BEL,perm,sfh,2100,0.6697686046846266
C-WEU-CYP,perm,mfh,2015,0.5177601349057245
C-WEU-CYP,perm,mfh,2020,0.5177601349057246
C-WEU-CYP,perm,mfh,2025,0.5177601349057245
C-WEU-CYP,perm,mfh,2030,0.5177601349057245
C-WEU-CYP,perm,mfh,2035,0.5177601349057245
C-WEU-CYP,perm,mfh,2040,0.5177601349057245
C-WEU-CYP,perm,mfh,2045,0.5177601349057245
C-WEU-CYP,perm,mfh,2050,0.5177601349057245
C-WEU-CYP,perm,mfh,2055,0.5177601349057245
C-WEU-CYP,perm,mfh,2060,0.5177601349057245
C-WEU-CYP,perm,mfh,2065,0.5177601349057245
C-WEU-CYP,perm,mfh,2070,0.5177601349057245
C-WEU-CYP,perm,mfh,2075,0.5177601349057244
C-WEU-CYP,perm,mfh,2080,0.5177601349057245
C-WEU-CYP,perm,mfh,2085,0.5177601349057245
C-WEU-CYP,perm,mfh,2090,0.5177601349057245
C-WEU-CYP,perm,mfh,2095,0.5177601349057245
C-WEU-CYP,perm,mfh,2100,0.5177601349057245
C-WEU-CYP,perm,sfh,2015,0.4822398650942755
C-WEU-CYP,perm,sfh,2020,0.4822398650942755
C-WEU-CYP,perm,sfh,2025,0.4822398650942755
C-WEU-CYP,perm,sfh,2030,0.48223986509427547
C-WEU-CYP,perm,sfh,2035,0.4822398650942755
C-WEU-CYP,perm,sfh,2040,0.4822398650942755
C-WEU-CYP,perm,sfh,2045,0.4822398650942755
C-WEU-CYP,perm,sfh,2050,0.4822398650942755
C-WEU-CYP,perm,sfh,2055,0.4822398650942755
C-WEU-CYP,perm,sfh,2060,0.4822398650942755
C-WEU-CYP,perm,sfh,2065,0.4822398650942755
C-WEU-CYP,perm,sfh,2070,0.4822398650942755
C-WEU-CYP,perm,sfh,2075,0.48223986509427547
C-WEU-CYP,perm,sfh,2080,0.4822398650942755
C-WEU-CYP,perm,sfh,2085,0.4822398650942756
C-WEU-CYP,perm,sfh,2090,0.4822398650942755
C-WEU-CYP,perm,sfh,2095,0.4822398650942755
C-WEU-CYP,perm,sfh,2100,0.4822398650942755
C-WEU-DEU,perm,mfh,2015,0.6870308802308693
C-WEU-DEU,perm,mfh,2020,0.686485109593541
C-WEU-DEU,perm,mfh,2025,0.6859960540603764
C-WEU-DEU,perm,mfh,2030,0.6855535124068253
C-WEU-DEU,perm,mfh,2035,0.6851489429879675
C-WEU-DEU,perm,mfh,2040,0.6847750444790268
C-WEU-DEU,perm,mfh,2045,0.6844254480937202
C-WEU-DEU,perm,mfh,2050,0.6840944910986428
C-WEU-DEU,perm,mfh,2055,0.6837770522087621
C-WEU-DEU,perm,mfh,2060,0.6834684366024302
C-WEU-DEU,perm,mfh,2065,0.683164303101399
C-WEU-DEU,perm,mfh,2070,0.6828606292128396
C-WEU-DEU,perm,mfh,2075,0.682553711560158
C-WEU-DEU,perm,mfh,2080,0.6822401998488817
C-WEU-DEU,perm,mfh,2085,0.6819171619150137
C-WEU-DEU,perm,mfh,2090,0.6815821755613211
C-WEU-DEU,perm,mfh,2095,0.6812334398792297
C-WEU-DEU,perm,mfh,2100,0.6808698948880502
C-WEU-DEU,perm,sfh,2015,0.31296911976913067
C-WEU-DEU,perm,sfh,2020,0.31351489040645886
C-WEU-DEU,perm,sfh,2025,0.3140039459396236
C-WEU-DEU,perm,sfh,2030,0.31444648759317456
C-WEU-DEU,perm,sfh,2035,0.31485105701203253
C-WEU-DEU,perm,sfh,2040,0.3152249555209731
C-WEU-DEU,perm,sfh,2045,0.31557455190627975
C-WEU-DEU,perm,sfh,2050,0.31590550890135716
C-WEU-DEU,perm,sfh,2055,0.316222947791238
C-WEU-DEU,perm,sfh,2060,0.3165315633975698
C-WEU-DEU,perm,sfh,2065,0.316835696898601
C-WEU-DEU,perm,sfh,2070,0.3171393707871603
C-WEU-DEU,perm,sfh,2075,0.3174462884398421
C-WEU-DEU,perm,sfh,2080,0.31775980015111815
C-WEU-DEU,perm,sfh,2085,0.3180828380849863
C-WEU-DEU,perm,sfh,2090,0.3184178244386789
C-WEU-DEU,perm,sfh,2095,0.31876656012077026
C-WEU-DEU,perm,sfh,2100,0.3191301051119498
C-WEU-DNK,perm,mfh,2015,0.48512482567273724
C-WEU-DNK,perm,mfh,2020,0.48821358687657296
C-WEU-DNK,perm,mfh,2025,0.4907946312137819
C-WEU-DNK,perm,mfh,2030,0.4929607585492348
C-WEU-DNK,perm,mfh,2035,0.49478889004877313
C-WEU-DNK,perm,mfh,2040,0.4963444407748638
C-WEU-DNK,perm,mfh,2045,0.4976844554595463
C-WEU-DNK,perm,mfh,2050,0.4988598720298851
C-WEU-DNK,perm,mfh,2055,0.49991714553152167
C-WEU-DNK,perm,mfh,2060,0.5008993820286872
C-WEU-DNK,perm,mfh,2065,0.5018470793273333
C-WEU-DNK,perm,mfh,2070,0.5027985384834982
C-WEU-DNK,perm,mfh,2075,0.5037899909978851
C-WEU-DNK,perm,mfh,2080,0.504855477788387
C-WEU-DNK,perm,mfh,2085,0.5060265151394179
C-WEU-DNK,perm,mfh,2090,0.5073315879629323
C-WEU-DNK,perm,mfh,2095,0.5087955199132483
C-WEU-DNK,perm,mfh,2100,0.5104387808552107
C-WEU-DNK,perm,sfh,2015,0.5148751743272628
C-WEU-DNK,perm,sfh,2020,0.5117864131234271
C-WEU-DNK,perm,sfh,2025,0.509205368786218
C-WEU-DNK,perm,sfh,2030,0.5070392414507652
C-WEU-DNK,perm,sfh,2035,0.5052111099512269
C-WEU-DNK,perm,sfh,2040,0.5036555592251362
C-WEU-DNK,perm,sfh,2045,0.5023155445404537
C-WEU-DNK,perm,sfh,2050,0.501140127970115
C-WEU-DNK,perm,sfh,2055,0.5000828544684783
C-WEU-DNK,perm,sfh,2060,0.49910061797131267
C-WEU-DNK,perm,sfh,2065,0.4981529206726667
C-WEU-DNK,perm,sfh,2070,0.4972014615165018
C-WEU-DNK,perm,sfh,2075,0.49621000900211487
C-WEU-DNK,perm,sfh,2080,0.4951445222116129
C-WEU-DNK,perm,sfh,2085,0.49397348486058207
C-WEU-DNK,perm,sfh,2090,0.4926684120370677
C-WEU-DNK,perm,sfh,2095,0.49120448008675166
C-WEU-DNK,perm,sfh,2100,0.4895612191447894
C-WEU-ESP,perm,mfh,2015,0.7359596610329886
C-WEU-ESP,perm,mfh,2020,0.7362440325112939
C-WEU-ESP,perm,mfh,2025,0.7364809214204421
C-WEU-ESP,perm,mfh,2030,0.7366758798338585
C-WEU-ESP,perm,mfh,2035,0.7368334796406651
C-WEU-ESP,perm,mfh,2040,0.7369575138063889
C-WEU-ESP,perm,mfh,2045,0.7370511503580389
C-WEU-ESP,perm,mfh,2050,0.737117051715347
C-WEU-ESP,perm,mfh,2055,0.7371574683145271
C-WEU-ESP,perm,mfh,2060,0.7371743129637739
C-WEU-ESP,perm,mfh,2065,0.7371692206334876
C-WEU-ESP,perm,mfh,2070,0.7371435971654484
C-WEU-ESP,perm,mfh,2075,0.7370986595193663
C-WEU-ESP,perm,mfh,2080,0.737035469553814
C-WEU-ESP,perm,mfh,2085,0.7369549628887636
C-WEU-ESP,perm,mfh,2090,0.7368579740693207
C-WEU-ESP,perm,mfh,2095,0.7367452590107264
C-WEU-ESP,perm,mfh,2100,0.7366175155294205
C-WEU-ESP,perm,sfh,2015,0.26404033896701146
C-WEU-ESP,perm,sfh,2020,0.26375596748870617
C-WEU-ESP,perm,sfh,2025,0.2635190785795578
C-WEU-ESP,perm,sfh,2030,0.26332412016614143
C-WEU-ESP,perm,sfh,2035,0.2631665203593348
C-WEU-ESP,perm,sfh,2040,0.26304248619361104
C-WEU-ESP,perm,sfh,2045,0.262948849641961
C-WEU-ESP,perm,sfh,2050,0.26288294828465286
C-WEU-ESP,perm,sfh,2055,0.26284253168547284
C-WEU-ESP,perm,sfh,2060,0.2628256870362261
C-WEU-ESP,perm,sfh,2065,0.2628307793665124
C-WEU-ESP,perm,sfh,2070,0.2628564028345516
C-WEU-ESP,perm,sfh,2075,0.2629013404806338
C-WEU-ESP,perm,sfh,2080,0.2629645304461859
C-WEU-ESP,perm,sfh,2085,0.26304503711123634
C-WEU-ESP,perm,sfh,2090,0.26314202593067926
C-WEU-ESP,perm,sfh,2095,0.26325474098927365
C-WEU-ESP,perm,sfh,2100,0.26338248447057944
C-WEU-FIN,perm,mfh,2015,0.6635131346649179
C-WEU-FIN,perm,mfh,2020,0.6634820042338384
C-WEU-FIN,perm,mfh,2025,0.6634349251482828
C-WEU-FIN,perm,mfh,2030,0.6633746489381785
C-WEU-FIN,perm,mfh,2035,0.663303735204819
C-WEU-FIN,perm,mfh,2040,0.6632246776194625
C-WEU-FIN,perm,mfh,2045,0.6631400028039205
C-WEU-FIN,perm,mfh,2050,0.6630523474197872
C-WEU-FIN,perm,mfh,2055,0.6629645152734325
C-WEU-FIN,perm,mfh,2060,0.66287951365024
C-WEU-FIN,perm,mfh,2065,0.6628005662076439
C-WEU-FIN,perm,mfh,2070,0.6627310985883379
C-WEU-FIN,perm,mfh,2075,0.6626746926214716
C-WEU-FIN,perm,mfh,2080,0.6626350058026724
C-WEU-FIN,perm,mfh,2085,0.6626156549144043
C-WEU-FIN,perm,mfh,2090,0.6626200662595216
C-WEU-FIN,perm,mfh,2095,0.6626512998416735
C-WEU-FIN,perm,mfh,2100,0.6627118603387971
C-WEU-FIN,perm,sfh,2015,0.33648686533508215
C-WEU-FIN,perm,sfh,2020,0.33651799576616154
C-WEU-FIN,perm,sfh,2025,0.33656507485171716
C-WEU-FIN,perm,sfh,2030,0.3366253510618214
C-WEU-FIN,perm,sfh,2035,0.33669626479518094
C-WEU-FIN,perm,sfh,2040,0.3367753223805375
C-WEU-FIN,perm,sfh,2045,0.33685999719607945
C-WEU-FIN,perm,sfh,2050,0.33694765258021275
C-WEU-FIN,perm,sfh,2055,0.3370354847265675
C-WEU-FIN,perm,sfh,2060,0.33712048634975994
C-WEU-FIN,perm,sfh,2065,0.337199433792356
C-WEU-FIN,perm,sfh,2070,0.33726890141166216
C-WEU-FIN,perm,sfh,2075,0.33732530737852834
C-WEU-FIN,perm,sfh,2080,0.3373649941973275
C-WEU-FIN,perm,sfh,2085,0.33738434508559567
C-WEU-FIN,perm,sfh,2090,0.3373799337404783
C-WEU-FIN,perm,sfh,2095,0.3373487001583264
C-WEU-FIN,perm,sfh,2100,0.3372881396612027
C-WEU-FRA,perm,mfh,2015,0.47440192436900563
C-WEU-FRA,perm,mfh,2020,0.47470063973353155
C-WEU-FRA,perm,mfh,2025,0.47501201180991853
C-WEU-FRA,perm,mfh,2030,0.4753320057968496
C-WEU-FRA,perm,mfh,2035,0.4756568339237515
C-WEU-FRA,perm,mfh,2040,0.47598292244037016
C-WEU-FRA,perm,mfh,2045,0.4763068814235588
C-WEU-FRA,perm,mfh,2050,0.4766254769602168
C-WEU-FRA,perm,mfh,2055,0.4769356053136733
C-WEU-FRA,perm,mfh,2060,0.4772342687199791
C-WEU-FRA,perm,mfh,2065,0.4775185524917638
C-WEU-FRA,perm,mfh,2070,0.4777856031314371
C-WEU-FRA,perm,mfh,2075,0.4780326071732593
C-WEU-FRA,perm,mfh,2080,0.4782567704856426
C-WEU-FRA,perm,mfh,2085,0.47845529777126883
C-WEU-FRA,perm,mfh,2090,0.47862537200332544
C-WEU-FRA,perm,mfh,2095,0.47876413353130615
C-WEU-FRA,perm,mfh,2100,0.47886865857914795
C-WEU-FRA,perm,sfh,2015,0.5255980756309944
C-WEU-FRA,perm,sfh,2020,0.5252993602664684
C-WEU-FRA,perm,sfh,2025,0.5249879881900814
C-WEU-FRA,perm,sfh,2030,0.5246679942031504
C-WEU-FRA,perm,sfh,2035,0.5243431660762485
C-WEU-FRA,perm,sfh,2040,0.5240170775596298
C-WEU-FRA,perm,sfh,2045,0.5236931185764412
C-WEU-FRA,perm,sfh,2050,0.5233745230397832
C-WEU-FRA,perm,sfh,2055,0.5230643946863267
C-WEU-FRA,perm,sfh,2060,0.5227657312800208
C-WEU-FRA,perm,sfh,2065,0.5224814475082362
C-WEU-FRA,perm,sfh,2070,0.522214396868563
C-WEU-FRA,perm,sfh,2075,0.5219673928267408
C-WEU-FRA,perm,sfh,2080,0.5217432295143575
C-WEU-FRA,perm,sfh,2085,0.5215447022287311
C-WEU-FRA,perm,sfh,2090,0.5213746279966744
C-WEU-FRA,perm,sfh,2095,0.5212358664686938
C-WEU-FRA,perm,sfh,2100,0.5211313414208519
C-WEU-GRC,perm,mfh,2015,0.7297125478396477
C-WEU-GRC,perm,mfh,2020,0.7282304262025948
C-WEU-GRC,perm,mfh,2025,0.7269253337681649
C-WEU-GRC,perm,mfh,2030,0.7257934592550236
C-WEU-GRC,perm,mfh,2035,0.724824677969807
C-WEU-GRC,perm,mfh,2040,0.7240032018310448
C-WEU-GRC,perm,mfh,2045,0.72330839295865
C-WEU-GRC,perm,mfh,2050,0.7227156137599304
C-WEU-GRC,perm,mfh,2055,0.7221969944047492
C-WEU-GRC,perm,mfh,2060,0.7217220153068847
C-WEU-GRC,perm,mfh,2065,0.7212578200832731
C-WEU-GRC,perm,mfh,2070,0.7207691861579906
C-WEU-GRC,perm,mfh,2075,0.7202180791032796
C-WEU-GRC,perm,mfh,2080,0.7195626962079952
C-WEU-GRC,perm,mfh,2085,0.7187558556027679
C-WEU-GRC,perm,mfh,2090,0.7177424942872045
C-WEU-GRC,perm,mfh,2095,0.7164558727323079
C-WEU-GRC,perm,mfh,2100,0.7148117881221372
C-WEU-GRC,perm,sfh,2015,0.27028745216035216
C-WEU-GRC,perm,sfh,2020,0.2717695737974051
C-WEU-GRC,perm,sfh,2025,0.273074666231835
C-WEU-GRC,perm,sfh,2030,0.2742065407449764
C-WEU-GRC,perm,sfh,2035,0.275175322030193
C-WEU-GRC,perm,sfh,2040,0.27599679816895506
C-WEU-GRC,perm,sfh,2045,0.27669160704135
C-WEU-GRC,perm,sfh,2050,0.27728438624006946
C-WEU-GRC,perm,sfh,2055,0.2778030055952508
C-WEU-GRC,perm,sfh,2060,0.27827798469311527
C-WEU-GRC,perm,sfh,2065,0.2787421799167269
C-WEU-GRC,perm,sfh,2070,0.2792308138420094
C-WEU-GRC,perm,sfh,2075,0.2797819208967204
C-WEU-GRC,perm,sfh,2080,0.28043730379200477
C-WEU-GRC,perm,sfh,2085,0.28124414439723205
C-WEU-GRC,perm,sfh,2090,0.28225750571279545
C-WEU-GRC,perm,sfh,2095,0.283544127267692
C-WEU-GRC,perm,sfh,2100,0.28518821187786275
C-WEU-IRL,perm,mfh,2015,0.142697681752583
C-WEU-IRL,perm,mfh,2020,0.14257407712112197
C-WEU-IRL,perm,mfh,2025,0.14246690111582608
C-WEU-IRL,perm,mfh,2030,0.1423741453564266
C-WEU-IRL,perm,mfh,2035,0.14229406608953554
C-WEU-IRL,perm,mfh,2040,0.14222515248194403
C-WEU-IRL,perm,mfh,2045,0.14216609787640094
C-WEU-IRL,perm,mfh,2050,0.14211577422776328
C-WEU-IRL,perm,mfh,2055,0.14207320970196474
C-WEU-IRL,perm,mfh,2060,0.1420375692907942
C-WEU-IRL,perm,mfh,2065,0.14200813823542344
C-WEU-IRL,perm,mfh,2070,0.14198430803663684
C-WEU-IRL,perm,mfh,2075,0.14196556484419914
C-WEU-IRL,perm,mfh,2080,0.14195148005246058
C-WEU-IRL,perm,mfh,2085,0.14194170297951997
C-WEU-IRL,perm,mfh,2090,0.14193595557222333
C-WEU-IRL,perm,mfh,2095,0.14193402916166703
C-WEU-IRL,perm,mfh,2100,0.14193578340038676
C-WEU-IRL,perm,sfh,2015,0.857302318247417
C-WEU-IRL,perm,sfh,2020,0.857425922878878
C-WEU-IRL,perm,sfh,2025,0.8575330988841738
C-WEU-IRL,perm,sfh,2030,0.8576258546435733
C-WEU-IRL,perm,sfh,2035,0.8577059339104643
C-WEU-IRL,perm,sfh,2040,0.8577748475180559
C-WEU-IRL,perm,sfh,2045,0.857833902123599
C-WEU-IRL,perm,sfh,2050,0.8578842257722367
C-WEU-IRL,perm,sfh,2055,0.8579267902980352
C-WEU-IRL,perm,sfh,2060,0.8579624307092057
C-WEU-IRL,perm,sfh,2065,0.8579918617645764
C-WEU-IRL,perm,sfh,2070,0.8580156919633631
C-WEU-IRL,perm,sfh,2075,0.8580344351558008
C-WEU-IRL,perm,sfh,2080,0.8580485199475394
C-WEU-IRL,perm,sfh,2085,0.85805829702048
C-WEU-IRL,perm,sfh,2090,0.8580640444277766
C-WEU-IRL,perm,sfh,2095,0.8580659708383329
C-WEU-IRL,perm,sfh,2100,0.8580642165996133
C-WEU-ITA,perm,mfh,2015,0.8268046786109655
C-WEU-ITA,perm,mfh,2020,0.8264210643675508
C-WEU-ITA,perm,mfh,2025,0.8260064378130167
C-WEU-ITA,perm,mfh,2030,0.8255646283927087
C-WEU-ITA,perm,mfh,2035,0.8250995046192783
C-WEU-ITA,perm,mfh,2040,0.8246150116419362
C-WEU-ITA,perm,mfh,2045,0.8241152096459659
C-WEU-ITA,perm,mfh,2050,0.8236043136554526
C-WEU-ITA,perm,mfh,2055,0.8230867353281884
C-WEU-ITA,perm,mfh,2060,0.8225671273611698
C-WEU-ITA,perm,mfh,2065,0.8220504311684415
C-WEU-ITA,perm,mfh,2070,0.8215419285511797
C-WEU-ITA,perm,mfh,2075,0.821047298154224
C-WEU-ITA,perm,mfh,2080,0.8205726775956481
C-WEU-ITA,perm,mfh,2085,0.8201247322688856
C-WEU-ITA,perm,mfh,2090,0.8197107319535266
C-WEU-ITA,perm,mfh,2095,0.8193386365350809
C-WEU-ITA,perm,mfh,2100,0.8190171923306311
C-WEU-ITA,perm,sfh,2015,0.17319532138903454
C-WEU-ITA,perm,sfh,2020,0.1735789356324491
C-WEU-ITA,perm,sfh,2025,0.17399356218698328
C-WEU-ITA,perm,sfh,2030,0.17443537160729125
C-WEU-ITA,perm,sfh,2035,0.17490049538072164
C-WEU-ITA,perm,sfh,2040,0.17538498835806385
C-WEU-ITA,perm,sfh,2045,0.1758847903540341
C-WEU-ITA,perm,sfh,2050,0.17639568634454733
C-WEU-ITA,perm,sfh,2055,0.1769132646718115
C-WEU-ITA,perm,sfh,2060,0.17743287263883015
C-WEU-ITA,perm,sfh,2065,0.17794956883155855
C-WEU-ITA,perm,sfh,2070,0.17845807144882037
C-WEU-ITA,perm,sfh,2075,0.178952701845776
C-WEU-ITA,perm,sfh,2080,0.17942732240435194
C-WEU-ITA,perm,sfh,2085,0.17987526773111426
C-WEU-ITA,perm,sfh,2090,0.1802892680464734
C-WEU-ITA,perm,sfh,2095,0.18066136346491912
C-WEU-ITA,perm,sfh,2100,0.18098280766936886
C-WEU-LUX,perm,mfh,2015,0.5223430389432564
C-WEU-LUX,perm,mfh,2020,0.5223430389432564
C-WEU-LUX,perm,mfh,2025,0.5223430389432564
C-WEU-LUX,perm,mfh,2030,0.5223430389432564
C-WEU-LUX,perm,mfh,2035,0.5223430389432564
C-WEU-LUX,perm,mfh,2040,0.5223430389432564
C-WEU-LUX,perm,mfh,2045,0.5223430389432564
C-WEU-LUX,perm,mfh,2050,0.5223430389432565
C-WEU-LUX,perm,mfh,2055,0.5223430389432564
C-WEU-LUX,perm,mfh,2060,0.5223430389432565
C-WEU-LUX,perm,mfh,2065,0.5223430389432564
C-WEU-LUX,perm,mfh,2070,0.5223430389432564
C-WEU-LUX,perm,mfh,2075,0.5223430389432564
C-WEU-LUX,perm,mfh,2080,0.5223430389432564
C-WEU-LUX,perm,mfh,2085,0.5223430389432564
C-WEU-LUX,perm,mfh,2090,0.5223430389432564
C-WEU-LUX,perm,mfh,2095,0.5223430389432564
C-WEU-LUX,perm,mfh,2100,0.5223430389432563
C-WEU-LUX,perm,sfh,2015,0.47765696105674355
C-WEU-LUX,perm,sfh,2020,0.4776569610567436
C-WEU-LUX,perm,sfh,2025,0.4776569610567436
C-WEU-LUX,perm,sfh,2030,0.4776569610567436
C-WEU-LUX,perm,sfh,2035,0.4776569610567436
C-WEU-LUX,perm,sfh,2040,0.4776569610567436
C-WEU-LUX,perm,sfh,2045,0.47765696105674355
C-WEU-LUX,perm,sfh,2050,0.4776569610567436
C-WEU-LUX,perm,sfh,2055,0.4776569610567436
C-WEU-LUX,perm,sfh,2060,0.4776569610567436
C-WEU-LUX,perm,sfh,2065,0.4776569610567436
C-WEU-LUX,perm,sfh,2070,0.4776569610567436
C-WEU-LUX,perm,sfh,2075,0.47765696105674366
C-WEU-LUX,perm,sfh,2080,0.4776569610567436
C-WEU-LUX,perm,sfh,2085,0.4776569610567436
C-WEU-LUX,perm,sfh,2090,0.4776569610567436
C-WEU-LUX,perm,sfh,2095,0.47765696105674366
C-WEU-LUX,perm,sfh,2100,0.47765696105674355
C-WEU-MLT,perm,mfh,2015,0.6534798536891752
C-WEU-MLT,perm,mfh,2020,0.6539011610128163
C-WEU-MLT,perm,mfh,2025,0.6541696433023118
C-WEU-MLT,perm,mfh,2030,0.6543336704460836
C-WEU-MLT,perm,mfh,2035,0.6544243789077412
C-WEU-MLT,perm,mfh,2040,0.6544638741675614
C-WEU-MLT,perm,mfh,2045,0.6544696710225806
C-WEU-MLT,perm,mfh,2050,0.6544573826376856
C-WEU-MLT,perm,mfh,2055,0.6544425378728118
C-WEU-MLT,perm,mfh,2060,0.6544419124316674
C-WEU-MLT,perm,mfh,2065,0.6544744966331233
C-WEU-MLT,perm,mfh,2070,0.654562038715937
C-WEU-MLT,perm,mfh,2075,0.6547289429892785
C-WEU-MLT,perm,mfh,2080,0.6550011722800857
C-WEU-MLT,perm,mfh,2085,0.6554037708262807
C-WEU-MLT,perm,mfh,2090,0.6559568134104212
C-WEU-MLT,perm,mfh,2095,0.6566701283606753
C-WEU-MLT,perm,mfh,2100,0.6575380118996437
C-WEU-MLT,perm,sfh,2015,0.34652014631082473
C-WEU-MLT,perm,sfh,2020,0.34609883898718374
C-WEU-MLT,perm,sfh,2025,0.34583035669768813
C-WEU-MLT,perm,sfh,2030,0.3456663295539164
C-WEU-MLT,perm,sfh,2035,0.3455756210922588
C-WEU-MLT,perm,sfh,2040,0.34553612583243853
C-WEU-MLT,perm,sfh,2045,0.34553032897741925
C-WEU-MLT,perm,sfh,2050,0.34554261736231423
C-WEU-MLT,perm,sfh,2055,0.3455574621271882
C-WEU-MLT,perm,sfh,2060,0.3455580875683326
C-WEU-MLT,perm,sfh,2065,0.34552550336687665
C-WEU-MLT,perm,sfh,2070,0.34543796128406296
C-WEU-MLT,perm,sfh,2075,0.34527105701072147
C-WEU-MLT,perm,sfh,2080,0.34499882771991414
C-WEU-MLT,perm,sfh,2085,0.3445962291737193
C-WEU-MLT,perm,sfh,2090,0.34404318658957866
C-WEU-MLT,perm,sfh,2095,0.3433298716393246
C-WEU-MLT,perm,sfh,2100,0.34246198810035633
C-WEU-NLD,perm,mfh,2015,0.34430561442714
C-WEU-NLD,perm,mfh,2020,0.3445764924361204
C-WEU-NLD,perm,mfh,2025,0.34478311346344276
C-WEU-NLD,perm,mfh,2030,0.3449355509982347
C-WEU-NLD,perm,mfh,2035,0.34504183698463353
C-WEU-NLD,perm,mfh,2040,0.3451085817671382
C-WEU-NLD,perm,mfh,2045,0.3451414241304291
C-WEU-NLD,perm,mfh,2050,0.3451453685642217
C-WEU-NLD,perm,mfh,2055,0.34512504488182344
C-WEU-NLD,perm,mfh,2060,0.3450849113580056
C-WEU-NLD,perm,mfh,2065,0.34502941319964486
C-WEU-NLD,perm,mfh,2070,0.3449631015781797
C-WEU-NLD,perm,mfh,2075,0.34489071370431396
C-WEU-NLD,perm,mfh,2080,0.3448172111499289
C-WEU-NLD,perm,mfh,2085,0.3447477718325256
C-WEU-NLD,perm,mfh,2090,0.3446877310142669
C-WEU-NLD,perm,mfh,2095,0.3446424686387421
C-WEU-NLD,perm,mfh,2100,0.3446172445082349
C-WEU-NLD,perm,sfh,2015,0.6556943855728599
C-WEU-NLD,perm,sfh,2020,0.6554235075638797
C-WEU-NLD,perm,sfh,2025,0.6552168865365572
C-WEU-NLD,perm,sfh,2030,0.6550644490017653
C-WEU-NLD,perm,sfh,2035,0.6549581630153665
C-WEU-NLD,perm,sfh,2040,0.6548914182328618
C-WEU-NLD,perm,sfh,2045,0.6548585758695709
C-WEU-NLD,perm,sfh,2050,0.6548546314357783
C-WEU-NLD,perm,sfh,2055,0.6548749551181766
C-WEU-NLD,perm,sfh,2060,0.6549150886419943
C-WEU-NLD,perm,sfh,2065,0.6549705868003551
C-WEU-NLD,perm,sfh,2070,0.6550368984218203
C-WEU-NLD,perm,sfh,2075,0.655109286295686
C-WEU-NLD,perm,sfh,2080,0.6551827888500711
C-WEU-NLD,perm,sfh,2085,0.6552522281674744
C-WEU-NLD,perm,sfh,2090,0.655312268985733
C-WEU-NLD,perm,sfh,2095,0.6553575313612579
C-WEU-NLD,perm,sfh,2100,0.6553827554917651
C-WEU-PRT,perm,mfh,2015,0.45879274426280436
C-WEU-PRT,perm,mfh,2020,0.4583866278106226
C-WEU-PRT,perm,mfh,2025,0.457912511488239
C-WEU-PRT,perm,mfh,2030,0.45737338907625835
C-WEU-PRT,perm,mfh,2035,0.4567719770648269
C-WEU-PRT,perm,mfh,2040,0.4561109971767783
C-WEU-PRT,perm,mfh,2045,0.45539344652383645
C-WEU-PRT,perm,mfh,2050,0.4546228651118249
C-WEU-PRT,perm,mfh,2055,0.4538036053125146
C-WEU-PRT,perm,mfh,2060,0.45294110283494626
C-WEU-PRT,perm,mfh,2065,0.4520421431975743
C-WEU-PRT,perm,mfh,2070,0.4511151115154583
C-WEU-PRT,perm,mfh,2075,0.45017020666820706
C-WEU-PRT,perm,mfh,2080,0.44921959409163525
C-WEU-PRT,perm,mfh,2085,0.44827746551030834
C-WEU-PRT,perm,mfh,2090,0.44735997039002573
C-WEU-PRT,perm,mfh,2095,0.44648498465104214
C-WEU-PRT,perm,mfh,2100,0.44567168926408735
C-WEU-PRT,perm,sfh,2015,0.5412072557371955
C-WEU-PRT,perm,sfh,2020,0.5416133721893774
C-WEU-PRT,perm,sfh,2025,0.542087488511761
C-WEU-PRT,perm,sfh,2030,0.5426266109237416
C-WEU-PRT,perm,sfh,2035,0.5432280229351731
C-WEU-PRT,perm,sfh,2040,0.5438890028232217
C-WEU-PRT,perm,sfh,2045,0.5446065534761636
C-WEU-PRT,perm,sfh,2050,0.5453771348881751
C-WEU-PRT,perm,sfh,2055,0.5461963946874854
C-WEU-PRT,perm,sfh,2060,0.5470588971650538
C-WEU-PRT,perm,sfh,2065,0.5479578568024257
C-WEU-PRT,perm,sfh,2070,0.5488848884845415
C-WEU-PRT,perm,sfh,2075,0.5498297933317929
C-WEU-PRT,perm,sfh,2080,0.5507804059083646
C-WEU-PRT,perm,sfh,2085,0.5517225344896917
C-WEU-PRT,perm,sfh,2090,0.5526400296099743
C-WEU-PRT,perm,sfh,2095,0.5535150153489579
C-WEU-PRT,perm,sfh,2100,0.5543283107359126
C-WEU-SWE,perm,mfh,2015,0.5450435527622604
C-WEU-SWE,perm,mfh,2020,0.546822985809048
C-WEU-SWE,perm,mfh,2025,0.5483525504566215
C-WEU-SWE,perm,mfh,2030,0.5496790374961352
C-WEU-SWE,perm,mfh,2035,0.5508387067868614
C-WEU-SWE,perm,mfh,2040,0.5518601925004303
C-WEU-SWE,perm,mfh,2045,0.5527665063093647
C-WEU-SWE,perm,mfh,2050,0.5535764480555608
C-WEU-SWE,perm,mfh,2055,0.5543056170375107
C-WEU-SWE,perm,mfh,2060,0.554967147572482
C-WEU-SWE,perm,mfh,2065,0.5555722498299946
C-WEU-SWE,perm,mfh,2070,0.5561306100968888
C-WEU-SWE,perm,mfh,2075,0.5566506874074328
C-WEU-SWE,perm,mfh,2080,0.5571399322416285
C-WEU-SWE,perm,mfh,2085,0.5576049456049976
C-WEU-SWE,perm,mfh,2090,0.5580515919322652
C-WEU-SWE,perm,mfh,2095,0.5584850760711109
C-WEU-SWE,perm,mfh,2100,0.5589099925532924
C-WEU-SWE,perm,sfh,2015,0.4549564472377396
C-WEU-SWE,perm,sfh,2020,0.45317701419095197
C-WEU-SWE,perm,sfh,2025,0.4516474495433785
C-WEU-SWE,perm,sfh,2030,0.4503209625038648
C-WEU-SWE,perm,sfh,2035,0.4491612932131386
C-WEU-SWE,perm,sfh,2040,0.4481398074995697
C-WEU-SWE,perm,sfh,2045,0.44723349369063525
C-WEU-SWE,perm,sfh,2050,0.446423551944439
C-WEU-SWE,perm,sfh,2055,0.44569438296248926
C-WEU-SWE,perm,sfh,2060,0.44503285242751783
C-WEU-SWE,perm,sfh,2065,0.44442775017000546
C-WEU-SWE,perm,sfh,2070,0.44386938990311114
C-WEU-SWE,perm,sfh,2075,0.44334931259256705
C-WEU-SWE,perm,sfh,2080,0.44286006775837156
C-WEU-SWE,perm,sfh,2085,0.44239505439500243
C-WEU-SWE,perm,sfh,2090,0.4419484080677348
C-WEU-SWE,perm,sfh,2095,0.4415149239288891
C-WEU-SWE,perm,sfh,2100,0.4410900074467075
