region_bld,urt,clim
C-WEU-AUT,rur,Zone_5A Cool Humid
C-WEU-AUT,urb,Zone_5A Cool Humid
C-WEU-AUT,rur,Zone_4A Mixed Humid
C-WEU-AUT,urb,Zone_4A Mixed Humid
C-WEU-AUT,rur,Zone_6A Cold Humid
C-WEU-AUT,urb,Zone_6A Cold Humid
C-WEU-AUT,rur,Zone_7A Very cold Humid
C-WEU-AUT,urb,Zone_7A Very cold Humid
C-WEU-BEL,rur,Zone_4A Mixed Humid
C-WEU-BEL,urb,Zone_4A Mixed Humid
C-WEU-BEL,rur,Zone_5A Cool Humid
C-WEU-BEL,urb,Zone_5A Cool Humid
C-EEU-BGR,rur,Zone_4A Mixed Humid
C-EEU-BGR,urb,Zone_4A Mixed Humid
C-EEU-BGR,rur,Zone_5A Cool Humid
C-EEU-BGR,urb,Zone_5A Cool Humid
C-WEU-CYP,rur,Zone_3A Warm Humid
C-WEU-CYP,urb,Zone_3A Warm Humid
C-EEU-CZE,rur,Zone_5A Cool Humid
C-EEU-CZE,urb,Zone_5A Cool Humid
C-WEU-DEU,rur,Zone_5A Cool Humid
C-WEU-DEU,urb,Zone_5A Cool Humid
C-WEU-DEU,rur,Zone_4A Mixed Humid
C-WEU-DEU,urb,Zone_4A Mixed Humid
C-WEU-DEU,rur,Zone_6A Cold Humid
C-WEU-DEU,urb,Zone_6A Cold Humid
C-WEU-DNK,rur,Zone_5A Cool Humid
C-WEU-DNK,urb,Zone_5A Cool Humid
C-EEU-EST,rur,Zone_6A Cold Humid
C-EEU-EST,urb,Zone_6A Cold Humid
C-WEU-GRC,rur,Zone_3A Warm Humid
C-WEU-GRC,urb,Zone_3A Warm Humid
C-WEU-GRC,rur,Zone_4A Mixed Humid
C-WEU-GRC,urb,Zone_4A Mixed Humid
C-WEU-GRC,rur,Zone_4C Mixed Marine
C-WEU-GRC,urb,Zone_4C Mixed Marine
C-WEU-GRC,rur,Zone_5C Cool Marine
C-WEU-GRC,urb,Zone_5C Cool Marine
C-WEU-GRC,rur,Zone_5A Cool Humid
C-WEU-GRC,urb,Zone_5A Cool Humid
C-WEU-ESP,rur,Zone_3C Warm Marine
C-WEU-ESP,urb,Zone_3C Warm Marine
C-WEU-ESP,rur,Zone_4C Mixed Marine
C-WEU-ESP,urb,Zone_4C Mixed Marine
C-WEU-ESP,rur,Zone_4A Mixed Humid
C-WEU-ESP,urb,Zone_4A Mixed Humid
C-WEU-ESP,rur,Zone_3A Warm Humid
C-WEU-ESP,urb,Zone_3A Warm Humid
C-WEU-ESP,rur,Zone_3B Warm Dry
C-WEU-ESP,urb,Zone_3B Warm Dry
C-WEU-ESP,rur,Zone_2B Hot Dry
C-WEU-ESP,urb,Zone_2B Hot Dry
C-WEU-FIN,rur,Zone_6A Cold Humid
C-WEU-FIN,urb,Zone_6A Cold Humid
C-WEU-FIN,rur,Zone_7A Very cold Humid
C-WEU-FIN,urb,Zone_7A Very cold Humid
C-WEU-FRA,rur,Zone_4A Mixed Humid
C-WEU-FRA,urb,Zone_4A Mixed Humid
C-WEU-FRA,rur,Zone_5A Cool Humid
C-WEU-FRA,urb,Zone_5A Cool Humid
C-WEU-FRA,rur,Zone_3A Warm Humid
C-WEU-FRA,urb,Zone_3A Warm Humid
C-WEU-FRA,rur,Zone_7A Very cold Humid
C-WEU-FRA,urb,Zone_7A Very cold Humid
C-WEU-FRA,rur,Zone_4C Mixed Marine
C-WEU-FRA,urb,Zone_4C Mixed Marine
C-WEU-FRA,rur,Zone_3C Warm Marine
C-WEU-FRA,urb,Zone_3C Warm Marine
C-WEU-FRA,rur,Zone_1A Very hot Humid
C-WEU-FRA,urb,Zone_1A Very hot Humid
C-WEU-FRA,rur,Zone_2A Hot Humid
C-WEU-FRA,urb,Zone_2A Hot Humid
C-WEU-FRA,rur,Zone_0A Extremely hot Humid
C-WEU-FRA,urb,Zone_0A Extremely hot Humid
C-EEU-HRV,rur,Zone_4A Mixed Humid
C-EEU-HRV,urb,Zone_4A Mixed Humid
C-EEU-HRV,rur,Zone_5A Cool Humid
C-EEU-HRV,urb,Zone_5A Cool Humid
C-EEU-HRV,rur,Zone_4C Mixed Marine
C-EEU-HRV,urb,Zone_4C Mixed Marine
C-EEU-HRV,rur,Zone_3A Warm Humid
C-EEU-HRV,urb,Zone_3A Warm Humid
C-EEU-HUN,rur,Zone_4A Mixed Humid
C-EEU-HUN,urb,Zone_4A Mixed Humid
C-EEU-HUN,rur,Zone_5A Cool Humid
C-EEU-HUN,urb,Zone_5A Cool Humid
C-WEU-IRL,rur,Zone_5A Cool Humid
C-WEU-IRL,urb,Zone_5A Cool Humid
C-WEU-IRL,rur,Zone_4A Mixed Humid
C-WEU-IRL,urb,Zone_4A Mixed Humid
C-WEU-ITA,rur,Zone_4A Mixed Humid
C-WEU-ITA,urb,Zone_4A Mixed Humid
C-WEU-ITA,rur,Zone_5A Cool Humid
C-WEU-ITA,urb,Zone_5A Cool Humid
C-WEU-ITA,rur,Zone_7A Very cold Humid
C-WEU-ITA,urb,Zone_7A Very cold Humid
C-WEU-ITA,rur,Zone_6A Cold Humid
C-WEU-ITA,urb,Zone_6A Cold Humid
C-WEU-ITA,rur,Zone_3A Warm Humid
C-WEU-ITA,urb,Zone_3A Warm Humid
C-WEU-ITA,rur,Zone_4C Mixed Marine
C-WEU-ITA,urb,Zone_4C Mixed Marine
C-WEU-ITA,rur,Zone_5C Cool Marine
C-WEU-ITA,urb,Zone_5C Cool Marine
C-EEU-LTU,rur,Zone_6A Cold Humid
C-EEU-LTU,urb,Zone_6A Cold Humid
C-EEU-LTU,rur,Zone_5A Cool Humid
C-EEU-LTU,urb,Zone_5A Cool Humid
C-WEU-LUX,rur,Zone_5A Cool Humid
C-WEU-LUX,urb,Zone_5A Cool Humid
C-EEU-LVA,rur,Zone_6A Cold Humid
C-EEU-LVA,urb,Zone_6A Cold Humid
C-WEU-MLT,rur,Zone_3A Warm Humid
C-WEU-MLT,urb,Zone_3A Warm Humid
C-WEU-NLD,rur,Zone_5A Cool Humid
C-WEU-NLD,urb,Zone_5A Cool Humid
C-WEU-NLD,rur,Zone_4A Mixed Humid
C-WEU-NLD,urb,Zone_4A Mixed Humid
C-EEU-POL,rur,Zone_5A Cool Humid
C-EEU-POL,urb,Zone_5A Cool Humid
C-EEU-POL,rur,Zone_6A Cold Humid
C-EEU-POL,urb,Zone_6A Cold Humid
C-WEU-PRT,rur,Zone_3C Warm Marine
C-WEU-PRT,urb,Zone_3C Warm Marine
C-WEU-PRT,rur,Zone_4C Mixed Marine
C-WEU-PRT,urb,Zone_4C Mixed Marine
C-WEU-PRT,rur,Zone_4A Mixed Humid
C-WEU-PRT,urb,Zone_4A Mixed Humid
C-WEU-PRT,rur,Zone_3A Warm Humid
C-WEU-PRT,urb,Zone_3A Warm Humid
C-EEU-ROU,rur,Zone_5A Cool Humid
C-EEU-ROU,urb,Zone_5A Cool Humid
C-EEU-ROU,rur,Zone_6A Cold Humid
C-EEU-ROU,urb,Zone_6A Cold Humid
C-EEU-ROU,rur,Zone_4A Mixed Humid
C-EEU-ROU,urb,Zone_4A Mixed Humid
C-WEU-SWE,rur,Zone_6A Cold Humid
C-WEU-SWE,urb,Zone_6A Cold Humid
C-WEU-SWE,rur,Zone_5A Cool Humid
C-WEU-SWE,urb,Zone_5A Cool Humid
C-WEU-SWE,rur,Zone_7A Very cold Humid
C-WEU-SWE,urb,Zone_7A Very cold Humid
C-WEU-SWE,rur,Zone_8A Subarctic/arctic Humid
C-WEU-SWE,urb,Zone_8A Subarctic/arctic Humid
C-EEU-SVN,rur,Zone_4A Mixed Humid
C-EEU-SVN,urb,Zone_4A Mixed Humid
C-EEU-SVN,rur,Zone_5A Cool Humid
C-EEU-SVN,urb,Zone_5A Cool Humid
C-EEU-SVN,rur,Zone_7A Very cold Humid
C-EEU-SVN,urb,Zone_7A Very cold Humid
C-EEU-SVK,rur,Zone_5A Cool Humid
C-EEU-SVK,urb,Zone_5A Cool Humid
C-EEU-SVK,rur,Zone_6A Cold Humid
C-EEU-SVK,urb,Zone_6A Cold Humid
