region_bld,urt,mat,arch,year,value
C-EEU-BGR,rur,perm,mfh,2015,34.15443119020696
C-EEU-BGR,rur,perm,mfh,2020,36.84305402669879
C-EEU-BGR,rur,perm,mfh,2025,39.50795624495229
C-EEU-BGR,rur,perm,mfh,2030,38.76922672970616
C-EEU-BGR,rur,perm,mfh,2035,38.030497214460034
C-EEU-BGR,rur,perm,mfh,2040,37.2917676992139
C-EEU-BGR,rur,perm,mfh,2045,36.55303818396777
C-EEU-BGR,rur,perm,mfh,2050,35.814308668721644
C-EEU-BGR,rur,perm,mfh,2055,35.814308668721644
C-EEU-BGR,rur,perm,mfh,2060,35.814308668721644
C-EEU-BGR,rur,perm,mfh,2065,35.814308668721644
C-EEU-BGR,rur,perm,mfh,2070,35.814308668721644
C-EEU-BGR,rur,perm,mfh,2075,35.814308668721644
C-EEU-BGR,rur,perm,mfh,2080,35.814308668721644
C-EEU-BGR,rur,perm,mfh,2085,35.814308668721644
C-EEU-BGR,rur,perm,mfh,2090,35.814308668721644
C-EEU-BGR,rur,perm,mfh,2095,35.814308668721644
C-EEU-BGR,rur,perm,mfh,2100,35.814308668721644
C-EEU-BGR,rur,perm,sfh,2015,34.95934103202555
C-EEU-BGR,rur,perm,sfh,2020,37.71132603783137
C-EEU-BGR,rur,perm,sfh,2025,40.40159536555706
C-EEU-BGR,rur,perm,sfh,2030,39.0448568976922
C-EEU-BGR,rur,perm,sfh,2035,37.688118429827334
C-EEU-BGR,rur,perm,sfh,2040,36.331379961962476
C-EEU-BGR,rur,perm,sfh,2045,34.97464149409761
C-EEU-BGR,rur,perm,sfh,2050,33.61790302623275
C-EEU-BGR,rur,perm,sfh,2055,33.61790302623275
C-EEU-BGR,rur,perm,sfh,2060,33.61790302623275
C-EEU-BGR,rur,perm,sfh,2065,33.61790302623275
C-EEU-BGR,rur,perm,sfh,2070,33.61790302623275
C-EEU-BGR,rur,perm,sfh,2075,33.61790302623275
C-EEU-BGR,rur,perm,sfh,2080,33.61790302623275
C-EEU-BGR,rur,perm,sfh,2085,33.61790302623275
C-EEU-BGR,rur,perm,sfh,2090,33.61790302623275
C-EEU-BGR,rur,perm,sfh,2095,33.61790302623275
C-EEU-BGR,rur,perm,sfh,2100,33.61790302623275
C-EEU-BGR,urb,perm,mfh,2015,32.10619257870704
C-EEU-BGR,urb,perm,mfh,2020,34.633578922591504
C-EEU-BGR,urb,perm,mfh,2025,37.138260045190194
C-EEU-BGR,urb,perm,mfh,2030,36.47248346912319
C-EEU-BGR,urb,perm,mfh,2035,35.80670689305619
C-EEU-BGR,urb,perm,mfh,2040,35.14093031698919
C-EEU-BGR,urb,perm,mfh,2045,34.47515374092219
C-EEU-BGR,urb,perm,mfh,2050,33.809377164855185
C-EEU-BGR,urb,perm,mfh,2055,33.809377164855185
C-EEU-BGR,urb,perm,mfh,2060,33.809377164855185
C-EEU-BGR,urb,perm,mfh,2065,33.809377164855185
C-EEU-BGR,urb,perm,mfh,2070,33.809377164855185
C-EEU-BGR,urb,perm,mfh,2075,33.809377164855185
C-EEU-BGR,urb,perm,mfh,2080,33.809377164855185
C-EEU-BGR,urb,perm,mfh,2085,33.809377164855185
C-EEU-BGR,urb,perm,mfh,2090,33.809377164855185
C-EEU-BGR,urb,perm,mfh,2095,33.809377164855185
C-EEU-BGR,urb,perm,mfh,2100,33.809377164855185
C-EEU-BGR,urb,perm,sfh,2015,34.31648517608924
C-EEU-BGR,urb,perm,sfh,2020,37.01786483724634
C-EEU-BGR,urb,perm,sfh,2025,39.66061771030402
C-EEU-BGR,urb,perm,sfh,2030,38.36445156533309
C-EEU-BGR,urb,perm,sfh,2035,37.06828542036217
C-EEU-BGR,urb,perm,sfh,2040,35.77211927539125
C-EEU-BGR,urb,perm,sfh,2045,34.47595313042033
C-EEU-BGR,urb,perm,sfh,2050,33.179786985449404
C-EEU-BGR,urb,perm,sfh,2055,33.179786985449404
C-EEU-BGR,urb,perm,sfh,2060,33.179786985449404
C-EEU-BGR,urb,perm,sfh,2065,33.179786985449404
C-EEU-BGR,urb,perm,sfh,2070,33.179786985449404
C-EEU-BGR,urb,perm,sfh,2075,33.179786985449404
C-EEU-BGR,urb,perm,sfh,2080,33.179786985449404
C-EEU-BGR,urb,perm,sfh,2085,33.179786985449404
C-EEU-BGR,urb,perm,sfh,2090,33.179786985449404
C-EEU-BGR,urb,perm,sfh,2095,33.179786985449404
C-EEU-BGR,urb,perm,sfh,2100,33.179786985449404
C-EEU-CZE,rur,perm,mfh,2015,31.501975421328208
C-EEU-CZE,rur,perm,mfh,2020,32.951833411235015
C-EEU-CZE,rur,perm,mfh,2025,34.385161071800496
C-EEU-CZE,rur,perm,mfh,2030,33.74221884485408
C-EEU-CZE,rur,perm,mfh,2035,33.09927661790766
C-EEU-CZE,rur,perm,mfh,2040,32.45633439096124
C-EEU-CZE,rur,perm,mfh,2045,31.81339216401482
C-EEU-CZE,rur,perm,mfh,2050,31.170449937068405
C-EEU-CZE,rur,perm,mfh,2055,31.170449937068405
C-EEU-CZE,rur,perm,mfh,2060,31.170449937068405
C-EEU-CZE,rur,perm,mfh,2065,31.170449937068405
C-EEU-CZE,rur,perm,mfh,2070,31.170449937068405
C-EEU-CZE,rur,perm,mfh,2075,31.170449937068405
C-EEU-CZE,rur,perm,mfh,2080,31.170449937068405
C-EEU-CZE,rur,perm,mfh,2085,31.170449937068405
C-EEU-CZE,rur,perm,mfh,2090,31.170449937068405
C-EEU-CZE,rur,perm,mfh,2095,31.170449937068405
C-EEU-CZE,rur,perm,mfh,2100,31.170449937068405
C-EEU-CZE,rur,perm,sfh,2015,44.00493459324211
C-EEU-CZE,rur,perm,sfh,2020,46.030233154313095
C-EEU-CZE,rur,perm,sfh,2025,48.04351830299476
C-EEU-CZE,rur,perm,sfh,2030,46.430154057759744
C-EEU-CZE,rur,perm,sfh,2035,44.81678981252473
C-EEU-CZE,rur,perm,sfh,2040,43.20342556728971
C-EEU-CZE,rur,perm,sfh,2045,41.5900613220547
C-EEU-CZE,rur,perm,sfh,2050,39.97669707681968
C-EEU-CZE,rur,perm,sfh,2055,39.97669707681968
C-EEU-CZE,rur,perm,sfh,2060,39.97669707681968
C-EEU-CZE,rur,perm,sfh,2065,39.97669707681968
C-EEU-CZE,rur,perm,sfh,2070,39.97669707681968
C-EEU-CZE,rur,perm,sfh,2075,39.97669707681968
C-EEU-CZE,rur,perm,sfh,2080,39.97669707681968
C-EEU-CZE,rur,perm,sfh,2085,39.97669707681968
C-EEU-CZE,rur,perm,sfh,2090,39.97669707681968
C-EEU-CZE,rur,perm,sfh,2095,39.97669707681968
C-EEU-CZE,rur,perm,sfh,2100,39.97669707681968
C-EEU-CZE,urb,perm,mfh,2015,29.622406650287083
C-EEU-CZE,urb,perm,mfh,2020,30.9857586990765
C-EEU-CZE,urb,perm,mfh,2025,32.33356670859574
C-EEU-CZE,urb,perm,mfh,2030,31.753923739078893
C-EEU-CZE,urb,perm,mfh,2035,31.174280769562046
C-EEU-CZE,urb,perm,mfh,2040,30.594637800045202
C-EEU-CZE,urb,perm,mfh,2045,30.014994830528355
C-EEU-CZE,urb,perm,mfh,2050,29.435351861011508
C-EEU-CZE,urb,perm,mfh,2055,29.435351861011508
C-EEU-CZE,urb,perm,mfh,2060,29.435351861011508
C-EEU-CZE,urb,perm,mfh,2065,29.435351861011508
C-EEU-CZE,urb,perm,mfh,2070,29.435351861011508
C-EEU-CZE,urb,perm,mfh,2075,29.435351861011508
C-EEU-CZE,urb,perm,mfh,2080,29.435351861011508
C-EEU-CZE,urb,perm,mfh,2085,29.435351861011508
C-EEU-CZE,urb,perm,mfh,2090,29.435351861011508
C-EEU-CZE,urb,perm,mfh,2095,29.435351861011508
C-EEU-CZE,urb,perm,mfh,2100,29.435351861011508
C-EEU-CZE,urb,perm,sfh,2015,43.23917531239073
C-EEU-CZE,urb,perm,sfh,2020,45.22923030932473
C-EEU-CZE,urb,perm,sfh,2025,47.207480926754094
C-EEU-CZE,urb,perm,sfh,2030,45.66467241546048
C-EEU-CZE,urb,perm,sfh,2035,44.12186390416687
C-EEU-CZE,urb,perm,sfh,2040,42.57905539287326
C-EEU-CZE,urb,perm,sfh,2045,41.03624688157965
C-EEU-CZE,urb,perm,sfh,2050,39.493438370286036
C-EEU-CZE,urb,perm,sfh,2055,39.493438370286036
C-EEU-CZE,urb,perm,sfh,2060,39.493438370286036
C-EEU-CZE,urb,perm,sfh,2065,39.493438370286036
C-EEU-CZE,urb,perm,sfh,2070,39.493438370286036
C-EEU-CZE,urb,perm,sfh,2075,39.493438370286036
C-EEU-CZE,urb,perm,sfh,2080,39.493438370286036
C-EEU-CZE,urb,perm,sfh,2085,39.493438370286036
C-EEU-CZE,urb,perm,sfh,2090,39.493438370286036
C-EEU-CZE,urb,perm,sfh,2095,39.493438370286036
C-EEU-CZE,urb,perm,sfh,2100,39.493438370286036
C-EEU-EST,rur,perm,mfh,2015,22.873413447099217
C-EEU-EST,rur,perm,mfh,2020,24.66117542908633
C-EEU-EST,rur,perm,mfh,2025,26.437986201217527
C-EEU-EST,rur,perm,mfh,2030,25.943642211125542
C-EEU-EST,rur,perm,mfh,2035,25.449298221033555
C-EEU-EST,rur,perm,mfh,2040,24.95495423094157
C-EEU-EST,rur,perm,mfh,2045,24.460610240849583
C-EEU-EST,rur,perm,mfh,2050,23.9662662507576
C-EEU-EST,rur,perm,mfh,2055,23.9662662507576
C-EEU-EST,rur,perm,mfh,2060,23.9662662507576
C-EEU-EST,rur,perm,mfh,2065,23.9662662507576
C-EEU-EST,rur,perm,mfh,2070,23.9662662507576
C-EEU-EST,rur,perm,mfh,2075,23.9662662507576
C-EEU-EST,rur,perm,mfh,2080,23.9662662507576
C-EEU-EST,rur,perm,mfh,2085,23.9662662507576
C-EEU-EST,rur,perm,mfh,2090,23.9662662507576
C-EEU-EST,rur,perm,mfh,2095,23.9662662507576
C-EEU-EST,rur,perm,mfh,2100,23.9662662507576
C-EEU-EST,rur,perm,sfh,2015,40.60075110339307
C-EEU-EST,rur,perm,sfh,2020,43.77406317897315
C-EEU-EST,rur,perm,sfh,2025,46.93351726989914
C-EEU-EST,rur,perm,sfh,2030,45.35742831261611
C-EEU-EST,rur,perm,sfh,2035,43.781339355333074
C-EEU-EST,rur,perm,sfh,2040,42.20525039805004
C-EEU-EST,rur,perm,sfh,2045,40.629161440767
C-EEU-EST,rur,perm,sfh,2050,39.053072483483966
C-EEU-EST,rur,perm,sfh,2055,39.053072483483966
C-EEU-EST,rur,perm,sfh,2060,39.053072483483966
C-EEU-EST,rur,perm,sfh,2065,39.053072483483966
C-EEU-EST,rur,perm,sfh,2070,39.053072483483966
C-EEU-EST,rur,perm,sfh,2075,39.053072483483966
C-EEU-EST,rur,perm,sfh,2080,39.053072483483966
C-EEU-EST,rur,perm,sfh,2085,39.053072483483966
C-EEU-EST,rur,perm,sfh,2090,39.053072483483966
C-EEU-EST,rur,perm,sfh,2095,39.053072483483966
C-EEU-EST,rur,perm,sfh,2100,39.053072483483966
C-EEU-EST,urb,perm,mfh,2015,21.508668760347128
C-EEU-EST,urb,perm,mfh,2020,23.189763725396
C-EEU-EST,urb,perm,mfh,2025,24.86056089115112
C-EEU-EST,urb,perm,mfh,2030,24.4148862933354
C-EEU-EST,urb,perm,mfh,2035,23.96921169551968
C-EEU-EST,urb,perm,mfh,2040,23.523537097703954
C-EEU-EST,urb,perm,mfh,2045,23.077862499888234
C-EEU-EST,urb,perm,mfh,2050,22.632187902072513
C-EEU-EST,urb,perm,mfh,2055,22.632187902072513
C-EEU-EST,urb,perm,mfh,2060,22.632187902072513
C-EEU-EST,urb,perm,mfh,2065,22.632187902072513
C-EEU-EST,urb,perm,mfh,2070,22.632187902072513
C-EEU-EST,urb,perm,mfh,2075,22.632187902072513
C-EEU-EST,urb,perm,mfh,2080,22.632187902072513
C-EEU-EST,urb,perm,mfh,2085,22.632187902072513
C-EEU-EST,urb,perm,mfh,2090,22.632187902072513
C-EEU-EST,urb,perm,mfh,2095,22.632187902072513
C-EEU-EST,urb,perm,mfh,2100,22.632187902072513
C-EEU-EST,urb,perm,sfh,2015,39.89423029694089
C-EEU-EST,urb,perm,sfh,2020,43.0123214489881
C-EEU-EST,urb,perm,sfh,2025,46.11679575929375
C-EEU-EST,urb,perm,sfh,2030,44.6096324111494
C-EEU-EST,urb,perm,sfh,2035,43.10246906300504
C-EEU-EST,urb,perm,sfh,2040,41.595305714860686
C-EEU-EST,urb,perm,sfh,2045,40.088142366716326
C-EEU-EST,urb,perm,sfh,2050,38.58097901857197
C-EEU-EST,urb,perm,sfh,2055,38.58097901857197
C-EEU-EST,urb,perm,sfh,2060,38.58097901857197
C-EEU-EST,urb,perm,sfh,2065,38.58097901857197
C-EEU-EST,urb,perm,sfh,2070,38.58097901857197
C-EEU-EST,urb,perm,sfh,2075,38.58097901857197
C-EEU-EST,urb,perm,sfh,2080,38.58097901857197
C-EEU-EST,urb,perm,sfh,2085,38.58097901857197
C-EEU-EST,urb,perm,sfh,2090,38.58097901857197
C-EEU-EST,urb,perm,sfh,2095,38.58097901857197
C-EEU-EST,urb,perm,sfh,2100,38.58097901857197
C-EEU-HRV,rur,perm,mfh,2015,28.508906587326084
C-EEU-HRV,rur,perm,mfh,2020,30.847164114491243
C-EEU-HRV,rur,perm,mfh,2025,33.17479863815486
C-EEU-HRV,rur,perm,mfh,2030,32.554488066673876
C-EEU-HRV,rur,perm,mfh,2035,31.93417749519289
C-EEU-HRV,rur,perm,mfh,2040,31.313866923711906
C-EEU-HRV,rur,perm,mfh,2045,30.69355635223092
C-EEU-HRV,rur,perm,mfh,2050,30.073245780749936
C-EEU-HRV,rur,perm,mfh,2055,30.073245780749936
C-EEU-HRV,rur,perm,mfh,2060,30.073245780749936
C-EEU-HRV,rur,perm,mfh,2065,30.073245780749936
C-EEU-HRV,rur,perm,mfh,2070,30.073245780749936
C-EEU-HRV,rur,perm,mfh,2075,30.073245780749936
C-EEU-HRV,rur,perm,mfh,2080,30.073245780749936
C-EEU-HRV,rur,perm,mfh,2085,30.073245780749936
C-EEU-HRV,rur,perm,mfh,2090,30.073245780749936
C-EEU-HRV,rur,perm,mfh,2095,30.073245780749936
C-EEU-HRV,rur,perm,mfh,2100,30.073245780749936
C-EEU-HRV,rur,perm,sfh,2015,38.20941238318
C-EEU-HRV,rur,perm,sfh,2020,41.34329078427256
C-EEU-HRV,rur,perm,sfh,2025,44.43016743063303
C-EEU-HRV,rur,perm,sfh,2030,42.93814423844478
C-EEU-HRV,rur,perm,sfh,2035,41.446121046256536
C-EEU-HRV,rur,perm,sfh,2040,39.95409785406829
C-EEU-HRV,rur,perm,sfh,2045,38.46207466188004
C-EEU-HRV,rur,perm,sfh,2050,36.970051469691796
C-EEU-HRV,rur,perm,sfh,2055,36.970051469691796
C-EEU-HRV,rur,perm,sfh,2060,36.970051469691796
C-EEU-HRV,rur,perm,sfh,2065,36.970051469691796
C-EEU-HRV,rur,perm,sfh,2070,36.970051469691796
C-EEU-HRV,rur,perm,sfh,2075,36.970051469691796
C-EEU-HRV,rur,perm,sfh,2080,36.970051469691796
C-EEU-HRV,rur,perm,sfh,2085,36.970051469691796
C-EEU-HRV,rur,perm,sfh,2090,36.970051469691796
C-EEU-HRV,rur,perm,sfh,2095,36.970051469691796
C-EEU-HRV,rur,perm,sfh,2100,36.970051469691796
C-EEU-HRV,urb,perm,mfh,2015,26.85473728475669
C-EEU-HRV,urb,perm,mfh,2020,29.056327412854124
C-EEU-HRV,urb,perm,mfh,2025,31.24630822579045
C-EEU-HRV,urb,perm,mfh,2030,30.68615650947451
C-EEU-HRV,urb,perm,mfh,2035,30.12600479315857
C-EEU-HRV,urb,perm,mfh,2040,29.56585307684263
C-EEU-HRV,urb,perm,mfh,2045,29.00570136052669
C-EEU-HRV,urb,perm,mfh,2050,28.44554964421075
C-EEU-HRV,urb,perm,mfh,2055,28.44554964421075
C-EEU-HRV,urb,perm,mfh,2060,28.44554964421075
C-EEU-HRV,urb,perm,mfh,2065,28.44554964421075
C-EEU-HRV,urb,perm,mfh,2070,28.44554964421075
C-EEU-HRV,urb,perm,mfh,2075,28.44554964421075
C-EEU-HRV,urb,perm,mfh,2080,28.44554964421075
C-EEU-HRV,urb,perm,mfh,2085,28.44554964421075
C-EEU-HRV,urb,perm,mfh,2090,28.44554964421075
C-EEU-HRV,urb,perm,mfh,2095,28.44554964421075
C-EEU-HRV,urb,perm,mfh,2100,28.44554964421075
C-EEU-HRV,urb,perm,sfh,2015,37.61042843195317
C-EEU-HRV,urb,perm,sfh,2020,40.69378564457007
C-EEU-HRV,urb,perm,sfh,2025,43.729076925136006
C-EEU-HRV,urb,perm,sfh,2030,42.29994766963112
C-EEU-HRV,urb,perm,sfh,2035,40.87081841412625
C-EEU-HRV,urb,perm,sfh,2040,39.441689158621365
C-EEU-HRV,urb,perm,sfh,2045,38.01255990311649
C-EEU-HRV,urb,perm,sfh,2050,36.58343064761161
C-EEU-HRV,urb,perm,sfh,2055,36.58343064761161
C-EEU-HRV,urb,perm,sfh,2060,36.58343064761161
C-EEU-HRV,urb,perm,sfh,2065,36.58343064761161
C-EEU-HRV,urb,perm,sfh,2070,36.58343064761161
C-EEU-HRV,urb,perm,sfh,2075,36.58343064761161
C-EEU-HRV,urb,perm,sfh,2080,36.58343064761161
C-EEU-HRV,urb,perm,sfh,2085,36.58343064761161
C-EEU-HRV,urb,perm,sfh,2090,36.58343064761161
C-EEU-HRV,urb,perm,sfh,2095,36.58343064761161
C-EEU-HRV,urb,perm,sfh,2100,36.58343064761161
C-EEU-HUN,rur,perm,mfh,2015,24.96969496
C-EEU-HUN,rur,perm,mfh,2020,25.98849606
C-EEU-HUN,rur,perm,mfh,2025,26.99863654
C-EEU-HUN,rur,perm,mfh,2030,26.49380937152178
C-EEU-HUN,rur,perm,mfh,2035,25.988982203043562
C-EEU-HUN,rur,perm,mfh,2040,25.48415503456534
C-EEU-HUN,rur,perm,mfh,2045,24.97932786608712
C-EEU-HUN,rur,perm,mfh,2050,24.474500697608903
C-EEU-HUN,rur,perm,mfh,2055,24.474500697608903
C-EEU-HUN,rur,perm,mfh,2060,24.474500697608903
C-EEU-HUN,rur,perm,mfh,2065,24.474500697608903
C-EEU-HUN,rur,perm,mfh,2070,24.474500697608903
C-EEU-HUN,rur,perm,mfh,2075,24.474500697608903
C-EEU-HUN,rur,perm,mfh,2080,24.474500697608903
C-EEU-HUN,rur,perm,mfh,2085,24.474500697608903
C-EEU-HUN,rur,perm,mfh,2090,24.474500697608903
C-EEU-HUN,rur,perm,mfh,2095,24.474500697608903
C-EEU-HUN,rur,perm,mfh,2100,24.474500697608903
C-EEU-HUN,rur,perm,sfh,2015,41.74322666
C-EEU-HUN,rur,perm,sfh,2020,43.44641306
C-EEU-HUN,rur,perm,sfh,2025,45.13512104
C-EEU-HUN,rur,perm,sfh,2030,43.61942458265392
C-EEU-HUN,rur,perm,sfh,2035,42.10372812530784
C-EEU-HUN,rur,perm,sfh,2040,40.588031667961765
C-EEU-HUN,rur,perm,sfh,2045,39.072335210615684
C-EEU-HUN,rur,perm,sfh,2050,37.5566387532696
C-EEU-HUN,rur,perm,sfh,2055,37.5566387532696
C-EEU-HUN,rur,perm,sfh,2060,37.5566387532696
C-EEU-HUN,rur,perm,sfh,2065,37.5566387532696
C-EEU-HUN,rur,perm,sfh,2070,37.5566387532696
C-EEU-HUN,rur,perm,sfh,2075,37.5566387532696
C-EEU-HUN,rur,perm,sfh,2080,37.5566387532696
C-EEU-HUN,rur,perm,sfh,2085,37.5566387532696
C-EEU-HUN,rur,perm,sfh,2090,37.5566387532696
C-EEU-HUN,rur,perm,sfh,2095,37.5566387532696
C-EEU-HUN,rur,perm,sfh,2100,37.5566387532696
C-EEU-HUN,urb,perm,mfh,2015,23.47987541
C-EEU-HUN,urb,perm,mfh,2020,24.43788962
C-EEU-HUN,urb,perm,mfh,2025,25.38775996
C-EEU-HUN,urb,perm,mfh,2030,24.932634278839586
C-EEU-HUN,urb,perm,mfh,2035,24.477508597679176
C-EEU-HUN,urb,perm,mfh,2040,24.02238291651876
C-EEU-HUN,urb,perm,mfh,2045,23.56725723535835
C-EEU-HUN,urb,perm,mfh,2050,23.112131554197937
C-EEU-HUN,urb,perm,mfh,2055,23.112131554197937
C-EEU-HUN,urb,perm,mfh,2060,23.112131554197937
C-EEU-HUN,urb,perm,mfh,2065,23.112131554197937
C-EEU-HUN,urb,perm,mfh,2070,23.112131554197937
C-EEU-HUN,urb,perm,mfh,2075,23.112131554197937
C-EEU-HUN,urb,perm,mfh,2080,23.112131554197937
C-EEU-HUN,urb,perm,mfh,2085,23.112131554197937
C-EEU-HUN,urb,perm,mfh,2090,23.112131554197937
C-EEU-HUN,urb,perm,mfh,2095,23.112131554197937
C-EEU-HUN,urb,perm,mfh,2100,23.112131554197937
C-EEU-HUN,urb,perm,sfh,2015,41.01682487
C-EEU-HUN,urb,perm,sfh,2020,42.69037299
C-EEU-HUN,urb,perm,sfh,2025,44.34969463000001
C-EEU-HUN,urb,perm,sfh,2030,42.90028269347664
C-EEU-HUN,urb,perm,sfh,2035,41.45087075695327
C-EEU-HUN,urb,perm,sfh,2040,40.00145882042991
C-EEU-HUN,urb,perm,sfh,2045,38.55204688390654
C-EEU-HUN,urb,perm,sfh,2050,37.10263494738317
C-EEU-HUN,urb,perm,sfh,2055,37.10263494738317
C-EEU-HUN,urb,perm,sfh,2060,37.10263494738317
C-EEU-HUN,urb,perm,sfh,2065,37.10263494738317
C-EEU-HUN,urb,perm,sfh,2070,37.10263494738317
C-EEU-HUN,urb,perm,sfh,2075,37.10263494738317
C-EEU-HUN,urb,perm,sfh,2080,37.10263494738317
C-EEU-HUN,urb,perm,sfh,2085,37.10263494738317
C-EEU-HUN,urb,perm,sfh,2090,37.10263494738317
C-EEU-HUN,urb,perm,sfh,2095,37.10263494738317
C-EEU-HUN,urb,perm,sfh,2100,37.10263494738317
C-EEU-LTU,rur,perm,mfh,2015,24.315020026533013
C-EEU-LTU,rur,perm,mfh,2020,26.22764514294471
C-EEU-LTU,rur,perm,mfh,2025,28.132573650579182
C-EEU-LTU,rur,perm,mfh,2030,27.919545004300264
C-EEU-LTU,rur,perm,mfh,2035,27.706516358021346
C-EEU-LTU,rur,perm,mfh,2040,27.493487711742432
C-EEU-LTU,rur,perm,mfh,2045,27.280459065463514
C-EEU-LTU,rur,perm,mfh,2050,27.067430419184596
C-EEU-LTU,rur,perm,mfh,2055,27.067430419184596
C-EEU-LTU,rur,perm,mfh,2060,27.067430419184596
C-EEU-LTU,rur,perm,mfh,2065,27.067430419184596
C-EEU-LTU,rur,perm,mfh,2070,27.067430419184596
C-EEU-LTU,rur,perm,mfh,2075,27.067430419184596
C-EEU-LTU,rur,perm,mfh,2080,27.067430419184596
C-EEU-LTU,rur,perm,mfh,2085,27.067430419184596
C-EEU-LTU,rur,perm,mfh,2090,27.067430419184596
C-EEU-LTU,rur,perm,mfh,2095,27.067430419184596
C-EEU-LTU,rur,perm,mfh,2100,27.067430419184596
C-EEU-LTU,rur,perm,sfh,2015,35.61536895356246
C-EEU-LTU,rur,perm,sfh,2020,38.41688213865637
C-EEU-LTU,rur,perm,sfh,2025,41.20854584579728
C-EEU-LTU,rur,perm,sfh,2030,40.495811675126546
C-EEU-LTU,rur,perm,sfh,2035,39.78307750445581
C-EEU-LTU,rur,perm,sfh,2040,39.07034333378507
C-EEU-LTU,rur,perm,sfh,2045,38.35760916311433
C-EEU-LTU,rur,perm,sfh,2050,37.6448749924436
C-EEU-LTU,rur,perm,sfh,2055,37.6448749924436
C-EEU-LTU,rur,perm,sfh,2060,37.6448749924436
C-EEU-LTU,rur,perm,sfh,2065,37.6448749924436
C-EEU-LTU,rur,perm,sfh,2070,37.6448749924436
C-EEU-LTU,rur,perm,sfh,2075,37.6448749924436
C-EEU-LTU,rur,perm,sfh,2080,37.6448749924436
C-EEU-LTU,rur,perm,sfh,2085,37.6448749924436
C-EEU-LTU,rur,perm,sfh,2090,37.6448749924436
C-EEU-LTU,rur,perm,sfh,2095,37.6448749924436
C-EEU-LTU,rur,perm,sfh,2100,37.6448749924436
C-EEU-LTU,urb,perm,mfh,2015,22.864261719472573
C-EEU-LTU,urb,perm,mfh,2020,24.66276985075397
C-EEU-LTU,urb,perm,mfh,2025,26.45404060101119
C-EEU-LTU,urb,perm,mfh,2030,26.24616958664967
C-EEU-LTU,urb,perm,mfh,2035,26.038298572288152
C-EEU-LTU,urb,perm,mfh,2040,25.83042755792663
C-EEU-LTU,urb,perm,mfh,2045,25.62255654356511
C-EEU-LTU,urb,perm,mfh,2050,25.41468552920359
C-EEU-LTU,urb,perm,mfh,2055,25.41468552920359
C-EEU-LTU,urb,perm,mfh,2060,25.41468552920359
C-EEU-LTU,urb,perm,mfh,2065,25.41468552920359
C-EEU-LTU,urb,perm,mfh,2070,25.41468552920359
C-EEU-LTU,urb,perm,mfh,2075,25.41468552920359
C-EEU-LTU,urb,perm,mfh,2080,25.41468552920359
C-EEU-LTU,urb,perm,mfh,2085,25.41468552920359
C-EEU-LTU,urb,perm,mfh,2090,25.41468552920359
C-EEU-LTU,urb,perm,mfh,2095,25.41468552920359
C-EEU-LTU,urb,perm,mfh,2100,25.41468552920359
C-EEU-LTU,urb,perm,sfh,2015,34.99560211385837
C-EEU-LTU,urb,perm,sfh,2020,37.74836429065199
C-EEU-LTU,urb,perm,sfh,2025,40.49144839707905
C-EEU-LTU,urb,perm,sfh,2030,39.68508154471907
C-EEU-LTU,urb,perm,sfh,2035,38.8787146923591
C-EEU-LTU,urb,perm,sfh,2040,38.07234783999912
C-EEU-LTU,urb,perm,sfh,2045,37.265980987639146
C-EEU-LTU,urb,perm,sfh,2050,36.45961413527917
C-EEU-LTU,urb,perm,sfh,2055,36.45961413527917
C-EEU-LTU,urb,perm,sfh,2060,36.45961413527917
C-EEU-LTU,urb,perm,sfh,2065,36.45961413527917
C-EEU-LTU,urb,perm,sfh,2070,36.45961413527917
C-EEU-LTU,urb,perm,sfh,2075,36.45961413527917
C-EEU-LTU,urb,perm,sfh,2080,36.45961413527917
C-EEU-LTU,urb,perm,sfh,2085,36.45961413527917
C-EEU-LTU,urb,perm,sfh,2090,36.45961413527917
C-EEU-LTU,urb,perm,sfh,2095,36.45961413527917
C-EEU-LTU,urb,perm,sfh,2100,36.45961413527917
C-EEU-LVA,rur,perm,mfh,2015,24.635993094194728
C-EEU-LVA,rur,perm,mfh,2020,26.560522213874
C-EEU-LVA,rur,perm,mfh,2025,28.494299690635764
C-EEU-LVA,rur,perm,mfh,2030,27.961506243482173
C-EEU-LVA,rur,perm,mfh,2035,27.428712796328586
C-EEU-LVA,rur,perm,mfh,2040,26.895919349174996
C-EEU-LVA,rur,perm,mfh,2045,26.36312590202141
C-EEU-LVA,rur,perm,mfh,2050,25.83033245486782
C-EEU-LVA,rur,perm,mfh,2055,25.83033245486782
C-EEU-LVA,rur,perm,mfh,2060,25.83033245486782
C-EEU-LVA,rur,perm,mfh,2065,25.83033245486782
C-EEU-LVA,rur,perm,mfh,2070,25.83033245486782
C-EEU-LVA,rur,perm,mfh,2075,25.83033245486782
C-EEU-LVA,rur,perm,mfh,2080,25.83033245486782
C-EEU-LVA,rur,perm,mfh,2085,25.83033245486782
C-EEU-LVA,rur,perm,mfh,2090,25.83033245486782
C-EEU-LVA,rur,perm,mfh,2095,25.83033245486782
C-EEU-LVA,rur,perm,mfh,2100,25.83033245486782
C-EEU-LVA,rur,perm,sfh,2015,41.38144578028082
C-EEU-LVA,rur,perm,sfh,2020,44.61410611009834
C-EEU-LVA,rur,perm,sfh,2025,47.91684484657438
C-EEU-LVA,rur,perm,sfh,2030,46.30773446185224
C-EEU-LVA,rur,perm,sfh,2035,44.698624077130106
C-EEU-LVA,rur,perm,sfh,2040,43.08951369240798
C-EEU-LVA,rur,perm,sfh,2045,41.48040330768584
C-EEU-LVA,rur,perm,sfh,2050,39.871292922963704
C-EEU-LVA,rur,perm,sfh,2055,39.871292922963704
C-EEU-LVA,rur,perm,sfh,2060,39.871292922963704
C-EEU-LVA,rur,perm,sfh,2065,39.871292922963704
C-EEU-LVA,rur,perm,sfh,2070,39.871292922963704
C-EEU-LVA,rur,perm,sfh,2075,39.871292922963704
C-EEU-LVA,rur,perm,sfh,2080,39.871292922963704
C-EEU-LVA,rur,perm,sfh,2085,39.871292922963704
C-EEU-LVA,rur,perm,sfh,2090,39.871292922963704
C-EEU-LVA,rur,perm,sfh,2095,39.871292922963704
C-EEU-LVA,rur,perm,sfh,2100,39.871292922963704
C-EEU-LVA,urb,perm,mfh,2015,23.166083897128694
C-EEU-LVA,urb,perm,mfh,2020,24.97578577952569
C-EEU-LVA,urb,perm,mfh,2025,26.79418421397026
C-EEU-LVA,urb,perm,mfh,2030,26.31384560352435
C-EEU-LVA,urb,perm,mfh,2035,25.833506993078434
C-EEU-LVA,urb,perm,mfh,2040,25.35316838263252
C-EEU-LVA,urb,perm,mfh,2045,24.872829772186606
C-EEU-LVA,urb,perm,mfh,2050,24.392491161740693
C-EEU-LVA,urb,perm,mfh,2055,24.392491161740693
C-EEU-LVA,urb,perm,mfh,2060,24.392491161740693
C-EEU-LVA,urb,perm,mfh,2065,24.392491161740693
C-EEU-LVA,urb,perm,mfh,2070,24.392491161740693
C-EEU-LVA,urb,perm,mfh,2075,24.392491161740693
C-EEU-LVA,urb,perm,mfh,2080,24.392491161740693
C-EEU-LVA,urb,perm,mfh,2085,24.392491161740693
C-EEU-LVA,urb,perm,mfh,2090,24.392491161740693
C-EEU-LVA,urb,perm,mfh,2095,24.392491161740693
C-EEU-LVA,urb,perm,mfh,2100,24.392491161740693
C-EEU-LVA,urb,perm,sfh,2015,40.661339584557
C-EEU-LVA,urb,perm,sfh,2020,43.83774622881332
C-EEU-LVA,urb,perm,sfh,2025,47.08301180221037
C-EEU-LVA,urb,perm,sfh,2030,45.544271121289604
C-EEU-LVA,urb,perm,sfh,2035,44.00553044036884
C-EEU-LVA,urb,perm,sfh,2040,42.46678975944807
C-EEU-LVA,urb,perm,sfh,2045,40.9280490785273
C-EEU-LVA,urb,perm,sfh,2050,39.389308397606534
C-EEU-LVA,urb,perm,sfh,2055,39.389308397606534
C-EEU-LVA,urb,perm,sfh,2060,39.389308397606534
C-EEU-LVA,urb,perm,sfh,2065,39.389308397606534
C-EEU-LVA,urb,perm,sfh,2070,39.389308397606534
C-EEU-LVA,urb,perm,sfh,2075,39.389308397606534
C-EEU-LVA,urb,perm,sfh,2080,39.389308397606534
C-EEU-LVA,urb,perm,sfh,2085,39.389308397606534
C-EEU-LVA,urb,perm,sfh,2090,39.389308397606534
C-EEU-LVA,urb,perm,sfh,2095,39.389308397606534
C-EEU-LVA,urb,perm,sfh,2100,39.389308397606534
C-EEU-POL,rur,perm,mfh,2015,21.04693461
C-EEU-POL,rur,perm,mfh,2020,22.38035222
C-EEU-POL,rur,perm,mfh,2025,23.69993325
C-EEU-POL,rur,perm,mfh,2030,23.256786049659183
C-EEU-POL,rur,perm,mfh,2035,22.813638849318366
C-EEU-POL,rur,perm,mfh,2040,22.37049164897755
C-EEU-POL,rur,perm,mfh,2045,21.92734444863673
C-EEU-POL,rur,perm,mfh,2050,21.484197248295914
C-EEU-POL,rur,perm,mfh,2055,21.484197248295914
C-EEU-POL,rur,perm,mfh,2060,21.484197248295914
C-EEU-POL,rur,perm,mfh,2065,21.484197248295914
C-EEU-POL,rur,perm,mfh,2070,21.484197248295914
C-EEU-POL,rur,perm,mfh,2075,21.484197248295914
C-EEU-POL,rur,perm,mfh,2080,21.484197248295914
C-EEU-POL,rur,perm,mfh,2085,21.484197248295914
C-EEU-POL,rur,perm,mfh,2090,21.484197248295914
C-EEU-POL,rur,perm,mfh,2095,21.484197248295914
C-EEU-POL,rur,perm,mfh,2100,21.484197248295914
C-EEU-POL,rur,perm,sfh,2015,35.18533019
C-EEU-POL,rur,perm,sfh,2020,37.41447851
C-EEU-POL,rur,perm,sfh,2025,39.62049543999999
C-EEU-POL,rur,perm,sfh,2030,38.28998733028463
C-EEU-POL,rur,perm,sfh,2035,36.95947922056927
C-EEU-POL,rur,perm,sfh,2040,35.628971110853904
C-EEU-POL,rur,perm,sfh,2045,34.29846300113854
C-EEU-POL,rur,perm,sfh,2050,32.96795489142318
C-EEU-POL,rur,perm,sfh,2055,32.96795489142318
C-EEU-POL,rur,perm,sfh,2060,32.96795489142318
C-EEU-POL,rur,perm,sfh,2065,32.96795489142318
C-EEU-POL,rur,perm,sfh,2070,32.96795489142318
C-EEU-POL,rur,perm,sfh,2075,32.96795489142318
C-EEU-POL,rur,perm,sfh,2080,32.96795489142318
C-EEU-POL,rur,perm,sfh,2085,32.96795489142318
C-EEU-POL,rur,perm,sfh,2090,32.96795489142318
C-EEU-POL,rur,perm,sfh,2095,32.96795489142318
C-EEU-POL,rur,perm,sfh,2100,32.96795489142318
C-EEU-POL,urb,perm,mfh,2015,19.79116698
C-EEU-POL,urb,perm,mfh,2020,21.04502608
C-EEU-POL,urb,perm,mfh,2025,22.28587417
C-EEU-POL,urb,perm,mfh,2030,21.886355910891783
C-EEU-POL,urb,perm,mfh,2035,21.486837651783567
C-EEU-POL,urb,perm,mfh,2040,21.087319392675347
C-EEU-POL,urb,perm,mfh,2045,20.68780113356713
C-EEU-POL,urb,perm,mfh,2050,20.288282874458915
C-EEU-POL,urb,perm,mfh,2055,20.288282874458915
C-EEU-POL,urb,perm,mfh,2060,20.288282874458915
C-EEU-POL,urb,perm,mfh,2065,20.288282874458915
C-EEU-POL,urb,perm,mfh,2070,20.288282874458915
C-EEU-POL,urb,perm,mfh,2075,20.288282874458915
C-EEU-POL,urb,perm,mfh,2080,20.288282874458915
C-EEU-POL,urb,perm,mfh,2085,20.288282874458915
C-EEU-POL,urb,perm,mfh,2090,20.288282874458915
C-EEU-POL,urb,perm,mfh,2095,20.288282874458915
C-EEU-POL,urb,perm,mfh,2100,20.288282874458915
C-EEU-POL,urb,perm,sfh,2015,34.57304674
C-EEU-POL,urb,perm,sfh,2020,36.76340416
C-EEU-POL,urb,perm,sfh,2025,38.93103272
C-EEU-POL,urb,perm,sfh,2030,37.65871046397751
C-EEU-POL,urb,perm,sfh,2035,36.38638820795503
C-EEU-POL,urb,perm,sfh,2040,35.11406595193255
C-EEU-POL,urb,perm,sfh,2045,33.84174369591007
C-EEU-POL,urb,perm,sfh,2050,32.569421439887584
C-EEU-POL,urb,perm,sfh,2055,32.569421439887584
C-EEU-POL,urb,perm,sfh,2060,32.569421439887584
C-EEU-POL,urb,perm,sfh,2065,32.569421439887584
C-EEU-POL,urb,perm,sfh,2070,32.569421439887584
C-EEU-POL,urb,perm,sfh,2075,32.569421439887584
C-EEU-POL,urb,perm,sfh,2080,32.569421439887584
C-EEU-POL,urb,perm,sfh,2085,32.569421439887584
C-EEU-POL,urb,perm,sfh,2090,32.569421439887584
C-EEU-POL,urb,perm,sfh,2095,32.569421439887584
C-EEU-POL,urb,perm,sfh,2100,32.569421439887584
C-EEU-ROU,rur,perm,mfh,2015,18.63964164887222
C-EEU-ROU,rur,perm,mfh,2020,20.156301452801426
C-EEU-ROU,rur,perm,mfh,2025,21.700418059509804
C-EEU-ROU,rur,perm,mfh,2030,21.294658287621118
C-EEU-ROU,rur,perm,mfh,2035,20.888898515732432
C-EEU-ROU,rur,perm,mfh,2040,20.483138743843746
C-EEU-ROU,rur,perm,mfh,2045,20.07737897195506
C-EEU-ROU,rur,perm,mfh,2050,19.671619200066374
C-EEU-ROU,rur,perm,mfh,2055,19.671619200066374
C-EEU-ROU,rur,perm,mfh,2060,19.671619200066374
C-EEU-ROU,rur,perm,mfh,2065,19.671619200066374
C-EEU-ROU,rur,perm,mfh,2070,19.671619200066374
C-EEU-ROU,rur,perm,mfh,2075,19.671619200066374
C-EEU-ROU,rur,perm,mfh,2080,19.671619200066374
C-EEU-ROU,rur,perm,mfh,2085,19.671619200066374
C-EEU-ROU,rur,perm,mfh,2090,19.671619200066374
C-EEU-ROU,rur,perm,mfh,2095,19.671619200066374
C-EEU-ROU,rur,perm,mfh,2100,19.671619200066374
C-EEU-ROU,rur,perm,sfh,2015,19.8174626496014
C-EEU-ROU,rur,perm,sfh,2020,21.42995872770692
C-EEU-ROU,rur,perm,sfh,2025,23.052799531306054
C-EEU-ROU,rur,perm,sfh,2030,22.278656341337776
C-EEU-ROU,rur,perm,sfh,2035,21.504513151369498
C-EEU-ROU,rur,perm,sfh,2040,20.73036996140122
C-EEU-ROU,rur,perm,sfh,2045,19.95622677143294
C-EEU-ROU,rur,perm,sfh,2050,19.182083581464664
C-EEU-ROU,rur,perm,sfh,2055,19.182083581464664
C-EEU-ROU,rur,perm,sfh,2060,19.182083581464664
C-EEU-ROU,rur,perm,sfh,2065,19.182083581464664
C-EEU-ROU,rur,perm,sfh,2070,19.182083581464664
C-EEU-ROU,rur,perm,sfh,2075,19.182083581464664
C-EEU-ROU,rur,perm,sfh,2080,19.182083581464664
C-EEU-ROU,rur,perm,sfh,2085,19.182083581464664
C-EEU-ROU,rur,perm,sfh,2090,19.182083581464664
C-EEU-ROU,rur,perm,sfh,2095,19.182083581464664
C-EEU-ROU,rur,perm,sfh,2100,19.182083581464664
C-EEU-ROU,urb,perm,mfh,2015,17.57905015136723
C-EEU-ROU,urb,perm,mfh,2020,19.00941235811511
C-EEU-ROU,urb,perm,mfh,2025,20.47120978146519
C-EEU-ROU,urb,perm,mfh,2030,20.10422296141307
C-EEU-ROU,urb,perm,mfh,2035,19.737236141360942
C-EEU-ROU,urb,perm,mfh,2040,19.37024932130882
C-EEU-ROU,urb,perm,mfh,2045,19.003262501256692
C-EEU-ROU,urb,perm,mfh,2050,18.63627568120457
C-EEU-ROU,urb,perm,mfh,2055,18.63627568120457
C-EEU-ROU,urb,perm,mfh,2060,18.63627568120457
C-EEU-ROU,urb,perm,mfh,2065,18.63627568120457
C-EEU-ROU,urb,perm,mfh,2070,18.63627568120457
C-EEU-ROU,urb,perm,mfh,2075,18.63627568120457
C-EEU-ROU,urb,perm,mfh,2080,18.63627568120457
C-EEU-ROU,urb,perm,mfh,2085,18.63627568120457
C-EEU-ROU,urb,perm,mfh,2090,18.63627568120457
C-EEU-ROU,urb,perm,mfh,2095,18.63627568120457
C-EEU-ROU,urb,perm,mfh,2100,18.63627568120457
C-EEU-ROU,urb,perm,sfh,2015,19.517287434951445
C-EEU-ROU,urb,perm,sfh,2020,21.10535902848697
C-EEU-ROU,urb,perm,sfh,2025,22.70843057718677
C-EEU-ROU,urb,perm,sfh,2030,21.96628633892583
C-EEU-ROU,urb,perm,sfh,2035,21.22414210066489
C-EEU-ROU,urb,perm,sfh,2040,20.481997862403947
C-EEU-ROU,urb,perm,sfh,2045,19.739853624143006
C-EEU-ROU,urb,perm,sfh,2050,18.997709385882064
C-EEU-ROU,urb,perm,sfh,2055,18.997709385882064
C-EEU-ROU,urb,perm,sfh,2060,18.997709385882064
C-EEU-ROU,urb,perm,sfh,2065,18.997709385882064
C-EEU-ROU,urb,perm,sfh,2070,18.997709385882064
C-EEU-ROU,urb,perm,sfh,2075,18.997709385882064
C-EEU-ROU,urb,perm,sfh,2080,18.997709385882064
C-EEU-ROU,urb,perm,sfh,2085,18.997709385882064
C-EEU-ROU,urb,perm,sfh,2090,18.997709385882064
C-EEU-ROU,urb,perm,sfh,2095,18.997709385882064
C-EEU-ROU,urb,perm,sfh,2100,18.997709385882064
C-EEU-SVK,rur,perm,mfh,2015,21.18354096
C-EEU-SVK,rur,perm,mfh,2020,22.469241270000005
C-EEU-SVK,rur,perm,mfh,2025,23.73463594
C-EEU-SVK,rur,perm,mfh,2030,23.29083986019798
C-EEU-SVK,rur,perm,mfh,2035,22.84704378039596
C-EEU-SVK,rur,perm,mfh,2040,22.40324770059394
C-EEU-SVK,rur,perm,mfh,2045,21.95945162079192
C-EEU-SVK,rur,perm,mfh,2050,21.5156555409899
C-EEU-SVK,rur,perm,mfh,2055,21.5156555409899
C-EEU-SVK,rur,perm,mfh,2060,21.5156555409899
C-EEU-SVK,rur,perm,mfh,2065,21.5156555409899
C-EEU-SVK,rur,perm,mfh,2070,21.5156555409899
C-EEU-SVK,rur,perm,mfh,2075,21.5156555409899
C-EEU-SVK,rur,perm,mfh,2080,21.5156555409899
C-EEU-SVK,rur,perm,mfh,2085,21.5156555409899
C-EEU-SVK,rur,perm,mfh,2090,21.5156555409899
C-EEU-SVK,rur,perm,mfh,2095,21.5156555409899
C-EEU-SVK,rur,perm,mfh,2100,21.5156555409899
C-EEU-SVK,rur,perm,sfh,2015,35.41370261
C-EEU-SVK,rur,perm,sfh,2020,37.56307927
C-EEU-SVK,rur,perm,sfh,2025,39.67850986
C-EEU-SVK,rur,perm,sfh,2030,38.346053550106085
C-EEU-SVK,rur,perm,sfh,2035,37.01359724021217
C-EEU-SVK,rur,perm,sfh,2040,35.681140930318264
C-EEU-SVK,rur,perm,sfh,2045,34.34868462042435
C-EEU-SVK,rur,perm,sfh,2050,33.01622831053044
C-EEU-SVK,rur,perm,sfh,2055,33.01622831053044
C-EEU-SVK,rur,perm,sfh,2060,33.01622831053044
C-EEU-SVK,rur,perm,sfh,2065,33.01622831053044
C-EEU-SVK,rur,perm,sfh,2070,33.01622831053044
C-EEU-SVK,rur,perm,sfh,2075,33.01622831053044
C-EEU-SVK,rur,perm,sfh,2080,33.01622831053044
C-EEU-SVK,rur,perm,sfh,2085,33.01622831053044
C-EEU-SVK,rur,perm,sfh,2090,33.01622831053044
C-EEU-SVK,rur,perm,sfh,2095,33.01622831053044
C-EEU-SVK,rur,perm,sfh,2100,33.01622831053044
C-EEU-SVK,urb,perm,mfh,2015,19.91962269
C-EEU-SVK,urb,perm,mfh,2020,21.12861155
C-EEU-SVK,urb,perm,mfh,2025,22.31850631
C-EEU-SVK,urb,perm,mfh,2030,21.918403055407005
C-EEU-SVK,urb,perm,mfh,2035,21.51829980081401
C-EEU-SVK,urb,perm,mfh,2040,21.118196546221014
C-EEU-SVK,urb,perm,mfh,2045,20.71809329162802
C-EEU-SVK,urb,perm,mfh,2050,20.317990037035024
C-EEU-SVK,urb,perm,mfh,2055,20.317990037035024
C-EEU-SVK,urb,perm,mfh,2060,20.317990037035024
C-EEU-SVK,urb,perm,mfh,2065,20.317990037035024
C-EEU-SVK,urb,perm,mfh,2070,20.317990037035024
C-EEU-SVK,urb,perm,mfh,2075,20.317990037035024
C-EEU-SVK,urb,perm,mfh,2080,20.317990037035024
C-EEU-SVK,urb,perm,mfh,2085,20.317990037035024
C-EEU-SVK,urb,perm,mfh,2090,20.317990037035024
C-EEU-SVK,urb,perm,mfh,2095,20.317990037035024
C-EEU-SVK,urb,perm,mfh,2100,20.317990037035024
C-EEU-SVK,urb,perm,sfh,2015,34.7974451
C-EEU-SVK,urb,perm,sfh,2020,36.90941902
C-EEU-SVK,urb,perm,sfh,2025,38.98803758
C-EEU-SVK,urb,perm,sfh,2030,37.71385232299829
C-EEU-SVK,urb,perm,sfh,2035,36.43966706599659
C-EEU-SVK,urb,perm,sfh,2040,35.16548180899489
C-EEU-SVK,urb,perm,sfh,2045,33.891296551993186
C-EEU-SVK,urb,perm,sfh,2050,32.61711129499148
C-EEU-SVK,urb,perm,sfh,2055,32.61711129499148
C-EEU-SVK,urb,perm,sfh,2060,32.61711129499148
C-EEU-SVK,urb,perm,sfh,2065,32.61711129499148
C-EEU-SVK,urb,perm,sfh,2070,32.61711129499148
C-EEU-SVK,urb,perm,sfh,2075,32.61711129499148
C-EEU-SVK,urb,perm,sfh,2080,32.61711129499148
C-EEU-SVK,urb,perm,sfh,2085,32.61711129499148
C-EEU-SVK,urb,perm,sfh,2090,32.61711129499148
C-EEU-SVK,urb,perm,sfh,2095,32.61711129499148
C-EEU-SVK,urb,perm,sfh,2100,32.61711129499148
C-EEU-SVN,rur,perm,mfh,2015,22.22245043400163
C-EEU-SVN,rur,perm,mfh,2020,24.046866150788325
C-EEU-SVN,rur,perm,mfh,2025,25.87676526901455
C-EEU-SVN,rur,perm,mfh,2030,25.39291512640538
C-EEU-SVN,rur,perm,mfh,2035,24.909064983796213
C-EEU-SVN,rur,perm,mfh,2040,24.425214841187042
C-EEU-SVN,rur,perm,mfh,2045,23.941364698577875
C-EEU-SVN,rur,perm,mfh,2050,23.457514555968704
C-EEU-SVN,rur,perm,mfh,2055,23.457514555968704
C-EEU-SVN,rur,perm,mfh,2060,23.457514555968704
C-EEU-SVN,rur,perm,mfh,2065,23.457514555968704
C-EEU-SVN,rur,perm,mfh,2070,23.457514555968704
C-EEU-SVN,rur,perm,mfh,2075,23.457514555968704
C-EEU-SVN,rur,perm,mfh,2080,23.457514555968704
C-EEU-SVN,rur,perm,mfh,2085,23.457514555968704
C-EEU-SVN,rur,perm,mfh,2090,23.457514555968704
C-EEU-SVN,rur,perm,mfh,2095,23.457514555968704
C-EEU-SVN,rur,perm,mfh,2100,23.457514555968704
C-EEU-SVN,rur,perm,sfh,2015,31.090199286866092
C-EEU-SVN,rur,perm,sfh,2020,33.64263824321078
C-EEU-SVN,rur,perm,sfh,2025,36.17590506531477
C-EEU-SVN,rur,perm,sfh,2030,34.961070810185774
C-EEU-SVN,rur,perm,sfh,2035,33.74623655505677
C-EEU-SVN,rur,perm,sfh,2040,32.53140229992777
C-EEU-SVN,rur,perm,sfh,2045,31.31656804479877
C-EEU-SVN,rur,perm,sfh,2050,30.10173378966977
C-EEU-SVN,rur,perm,sfh,2055,30.10173378966977
C-EEU-SVN,rur,perm,sfh,2060,30.10173378966977
C-EEU-SVN,rur,perm,sfh,2065,30.10173378966977
C-EEU-SVN,rur,perm,sfh,2070,30.10173378966977
C-EEU-SVN,rur,perm,sfh,2075,30.10173378966977
C-EEU-SVN,rur,perm,sfh,2080,30.10173378966977
C-EEU-SVN,rur,perm,sfh,2085,30.10173378966977
C-EEU-SVN,rur,perm,sfh,2090,30.10173378966977
C-EEU-SVN,rur,perm,sfh,2095,30.10173378966977
C-EEU-SVN,rur,perm,sfh,2100,30.10173378966977
C-EEU-SVN,urb,perm,mfh,2015,20.896545524658983
C-EEU-SVN,urb,perm,mfh,2020,22.61210727759212
C-EEU-SVN,urb,perm,mfh,2025,24.33282527032856
C-EEU-SVN,urb,perm,mfh,2030,23.896611374610146
C-EEU-SVN,urb,perm,mfh,2035,23.46039747889173
C-EEU-SVN,urb,perm,mfh,2040,23.024183583173315
C-EEU-SVN,urb,perm,mfh,2045,22.587969687454898
C-EEU-SVN,urb,perm,mfh,2050,22.151755791736484
C-EEU-SVN,urb,perm,mfh,2055,22.151755791736484
C-EEU-SVN,urb,perm,mfh,2060,22.151755791736484
C-EEU-SVN,urb,perm,mfh,2065,22.151755791736484
C-EEU-SVN,urb,perm,mfh,2070,22.151755791736484
C-EEU-SVN,urb,perm,mfh,2075,22.151755791736484
C-EEU-SVN,urb,perm,mfh,2080,22.151755791736484
C-EEU-SVN,urb,perm,mfh,2085,22.151755791736484
C-EEU-SVN,urb,perm,mfh,2090,22.151755791736484
C-EEU-SVN,urb,perm,mfh,2095,22.151755791736484
C-EEU-SVN,urb,perm,mfh,2100,22.151755791736484
C-EEU-SVN,urb,perm,sfh,2015,30.549177941728907
C-EEU-SVN,urb,perm,sfh,2020,33.05720020756506
C-EEU-SVN,urb,perm,sfh,2025,35.546383959812545
C-EEU-SVN,urb,perm,sfh,2030,34.3846769031704
C-EEU-SVN,urb,perm,sfh,2035,33.222969846528265
C-EEU-SVN,urb,perm,sfh,2040,32.06126278988612
C-EEU-SVN,urb,perm,sfh,2045,30.89955573324398
C-EEU-SVN,urb,perm,sfh,2050,29.73784867660184
C-EEU-SVN,urb,perm,sfh,2055,29.73784867660184
C-EEU-SVN,urb,perm,sfh,2060,29.73784867660184
C-EEU-SVN,urb,perm,sfh,2065,29.73784867660184
C-EEU-SVN,urb,perm,sfh,2070,29.73784867660184
C-EEU-SVN,urb,perm,sfh,2075,29.73784867660184
C-EEU-SVN,urb,perm,sfh,2080,29.73784867660184
C-EEU-SVN,urb,perm,sfh,2085,29.73784867660184
C-EEU-SVN,urb,perm,sfh,2090,29.73784867660184
C-EEU-SVN,urb,perm,sfh,2095,29.73784867660184
C-EEU-SVN,urb,perm,sfh,2100,29.73784867660184
C-WEU-AUT,rur,perm,mfh,2015,39.46906124048377
C-WEU-AUT,rur,perm,mfh,2020,39.74001223431973
C-WEU-AUT,rur,perm,mfh,2025,39.991686056528025
C-WEU-AUT,rur,perm,mfh,2030,39.24391164189505
C-WEU-AUT,rur,perm,mfh,2035,38.496137227262075
C-WEU-AUT,rur,perm,mfh,2040,37.748362812629104
C-WEU-AUT,rur,perm,mfh,2045,37.000588397996125
C-WEU-AUT,rur,perm,mfh,2050,36.252813983363154
C-WEU-AUT,rur,perm,mfh,2055,36.252813983363154
C-WEU-AUT,rur,perm,mfh,2060,36.252813983363154
C-WEU-AUT,rur,perm,mfh,2065,36.252813983363154
C-WEU-AUT,rur,perm,mfh,2070,36.252813983363154
C-WEU-AUT,rur,perm,mfh,2075,36.252813983363154
C-WEU-AUT,rur,perm,mfh,2080,36.252813983363154
C-WEU-AUT,rur,perm,mfh,2085,36.252813983363154
C-WEU-AUT,rur,perm,mfh,2090,36.252813983363154
C-WEU-AUT,rur,perm,mfh,2095,36.252813983363154
C-WEU-AUT,rur,perm,mfh,2100,36.252813983363154
C-WEU-AUT,rur,perm,sfh,2015,54.719808308704174
C-WEU-AUT,rur,perm,sfh,2020,55.095454105191976
C-WEU-AUT,rur,perm,sfh,2025,55.46089122990567
C-WEU-AUT,rur,perm,sfh,2030,53.59844189064442
C-WEU-AUT,rur,perm,sfh,2035,51.735992551383184
C-WEU-AUT,rur,perm,sfh,2040,49.87354321212194
C-WEU-AUT,rur,perm,sfh,2045,48.0110938728607
C-WEU-AUT,rur,perm,sfh,2050,46.14864453359945
C-WEU-AUT,rur,perm,sfh,2055,46.14864453359945
C-WEU-AUT,rur,perm,sfh,2060,46.14864453359945
C-WEU-AUT,rur,perm,sfh,2065,46.14864453359945
C-WEU-AUT,rur,perm,sfh,2070,46.14864453359945
C-WEU-AUT,rur,perm,sfh,2075,46.14864453359945
C-WEU-AUT,rur,perm,sfh,2080,46.14864453359945
C-WEU-AUT,rur,perm,sfh,2085,46.14864453359945
C-WEU-AUT,rur,perm,sfh,2090,46.14864453359945
C-WEU-AUT,rur,perm,sfh,2095,46.14864453359945
C-WEU-AUT,rur,perm,sfh,2100,46.14864453359945
C-WEU-AUT,urb,perm,mfh,2015,34.7661904797686
C-WEU-AUT,urb,perm,mfh,2020,35.00485676748414
C-WEU-AUT,urb,perm,mfh,2025,35.2529704579651
C-WEU-AUT,urb,perm,mfh,2030,34.62099141696706
C-WEU-AUT,urb,perm,mfh,2035,33.98901237596902
C-WEU-AUT,urb,perm,mfh,2040,33.35703333497097
C-WEU-AUT,urb,perm,mfh,2045,32.72505429397293
C-WEU-AUT,urb,perm,mfh,2050,32.09307525297489
C-WEU-AUT,urb,perm,mfh,2055,32.09307525297489
C-WEU-AUT,urb,perm,mfh,2060,32.09307525297489
C-WEU-AUT,urb,perm,mfh,2065,32.09307525297489
C-WEU-AUT,urb,perm,mfh,2070,32.09307525297489
C-WEU-AUT,urb,perm,mfh,2075,32.09307525297489
C-WEU-AUT,urb,perm,mfh,2080,32.09307525297489
C-WEU-AUT,urb,perm,mfh,2085,32.09307525297489
C-WEU-AUT,urb,perm,mfh,2090,32.09307525297489
C-WEU-AUT,urb,perm,mfh,2095,32.09307525297489
C-WEU-AUT,urb,perm,mfh,2100,32.09307525297489
C-WEU-AUT,urb,perm,sfh,2015,50.18884286657215
C-WEU-AUT,urb,perm,sfh,2020,50.53338405430395
C-WEU-AUT,urb,perm,sfh,2025,50.90757909963243
C-WEU-AUT,urb,perm,sfh,2030,49.243846047531484
C-WEU-AUT,urb,perm,sfh,2035,47.58011299543054
C-WEU-AUT,urb,perm,sfh,2040,45.9163799433296
C-WEU-AUT,urb,perm,sfh,2045,44.25264689122866
C-WEU-AUT,urb,perm,sfh,2050,42.58891383912771
C-WEU-AUT,urb,perm,sfh,2055,42.58891383912771
C-WEU-AUT,urb,perm,sfh,2060,42.58891383912771
C-WEU-AUT,urb,perm,sfh,2065,42.58891383912771
C-WEU-AUT,urb,perm,sfh,2070,42.58891383912771
C-WEU-AUT,urb,perm,sfh,2075,42.58891383912771
C-WEU-AUT,urb,perm,sfh,2080,42.58891383912771
C-WEU-AUT,urb,perm,sfh,2085,42.58891383912771
C-WEU-AUT,urb,perm,sfh,2090,42.58891383912771
C-WEU-AUT,urb,perm,sfh,2095,42.58891383912771
C-WEU-AUT,urb,perm,sfh,2100,42.58891383912771
C-WEU-BEL,rur,perm,mfh,2015,27.20716444
C-WEU-BEL,rur,perm,mfh,2020,27.96806826
C-WEU-BEL,rur,perm,mfh,2025,28.71869824
C-WEU-BEL,rur,perm,mfh,2030,28.18170893339557
C-WEU-BEL,rur,perm,mfh,2035,27.64471962679114
C-WEU-BEL,rur,perm,mfh,2040,27.107730320186707
C-WEU-BEL,rur,perm,mfh,2045,26.57074101358228
C-WEU-BEL,rur,perm,mfh,2050,26.03375170697785
C-WEU-BEL,rur,perm,mfh,2055,26.03375170697785
C-WEU-BEL,rur,perm,mfh,2060,26.03375170697785
C-WEU-BEL,rur,perm,mfh,2065,26.03375170697785
C-WEU-BEL,rur,perm,mfh,2070,26.03375170697785
C-WEU-BEL,rur,perm,mfh,2075,26.03375170697785
C-WEU-BEL,rur,perm,mfh,2080,26.03375170697785
C-WEU-BEL,rur,perm,mfh,2085,26.03375170697785
C-WEU-BEL,rur,perm,mfh,2090,26.03375170697785
C-WEU-BEL,rur,perm,mfh,2095,26.03375170697785
C-WEU-BEL,rur,perm,mfh,2100,26.03375170697785
C-WEU-BEL,rur,perm,sfh,2015,45.48372872
C-WEU-BEL,rur,perm,sfh,2020,46.75577392
C-WEU-BEL,rur,perm,sfh,2025,48.01064377
C-WEU-BEL,rur,perm,sfh,2030,46.39838349462369
C-WEU-BEL,rur,perm,sfh,2035,44.78612321924737
C-WEU-BEL,rur,perm,sfh,2040,43.173862943871065
C-WEU-BEL,rur,perm,sfh,2045,41.56160266849475
C-WEU-BEL,rur,perm,sfh,2050,39.949342393118435
C-WEU-BEL,rur,perm,sfh,2055,39.949342393118435
C-WEU-BEL,rur,perm,sfh,2060,39.949342393118435
C-WEU-BEL,rur,perm,sfh,2065,39.949342393118435
C-WEU-BEL,rur,perm,sfh,2070,39.949342393118435
C-WEU-BEL,rur,perm,sfh,2075,39.949342393118435
C-WEU-BEL,rur,perm,sfh,2080,39.949342393118435
C-WEU-BEL,rur,perm,sfh,2085,39.949342393118435
C-WEU-BEL,rur,perm,sfh,2090,39.949342393118435
C-WEU-BEL,rur,perm,sfh,2095,39.949342393118435
C-WEU-BEL,rur,perm,sfh,2100,39.949342393118435
C-WEU-BEL,urb,perm,mfh,2015,24.76287551
C-WEU-BEL,urb,perm,mfh,2020,25.45541981
C-WEU-BEL,urb,perm,mfh,2025,26.13861327
C-WEU-BEL,urb,perm,mfh,2030,25.670027062006824
C-WEU-BEL,urb,perm,mfh,2035,25.20144085401365
C-WEU-BEL,urb,perm,mfh,2040,24.732854646020474
C-WEU-BEL,urb,perm,mfh,2045,24.2642684380273
C-WEU-BEL,urb,perm,mfh,2050,23.795682230034124
C-WEU-BEL,urb,perm,mfh,2055,23.795682230034124
C-WEU-BEL,urb,perm,mfh,2060,23.795682230034124
C-WEU-BEL,urb,perm,mfh,2065,23.795682230034124
C-WEU-BEL,urb,perm,mfh,2070,23.795682230034124
C-WEU-BEL,urb,perm,mfh,2075,23.795682230034124
C-WEU-BEL,urb,perm,mfh,2080,23.795682230034124
C-WEU-BEL,urb,perm,mfh,2085,23.795682230034124
C-WEU-BEL,urb,perm,mfh,2090,23.795682230034124
C-WEU-BEL,urb,perm,mfh,2095,23.795682230034124
C-WEU-BEL,urb,perm,mfh,2100,23.795682230034124
C-WEU-BEL,urb,perm,sfh,2015,43.25808849
C-WEU-BEL,urb,perm,sfh,2020,44.46788913
C-WEU-BEL,urb,perm,sfh,2025,45.66135485
C-WEU-BEL,urb,perm,sfh,2030,44.16907596714495
C-WEU-BEL,urb,perm,sfh,2035,42.676797084289895
C-WEU-BEL,urb,perm,sfh,2040,41.18451820143484
C-WEU-BEL,urb,perm,sfh,2045,39.69223931857979
C-WEU-BEL,urb,perm,sfh,2050,38.19996043572473
C-WEU-BEL,urb,perm,sfh,2055,38.19996043572473
C-WEU-BEL,urb,perm,sfh,2060,38.19996043572473
C-WEU-BEL,urb,perm,sfh,2065,38.19996043572473
C-WEU-BEL,urb,perm,sfh,2070,38.19996043572473
C-WEU-BEL,urb,perm,sfh,2075,38.19996043572473
C-WEU-BEL,urb,perm,sfh,2080,38.19996043572473
C-WEU-BEL,urb,perm,sfh,2085,38.19996043572473
C-WEU-BEL,urb,perm,sfh,2090,38.19996043572473
C-WEU-BEL,urb,perm,sfh,2095,38.19996043572473
C-WEU-BEL,urb,perm,sfh,2100,38.19996043572473
C-WEU-CYP,rur,perm,mfh,2015,26.73039649
C-WEU-CYP,rur,perm,mfh,2020,27.440000000000005
C-WEU-CYP,rur,perm,mfh,2025,28.13489589
C-WEU-CYP,rur,perm,mfh,2030,27.60882266380077
C-WEU-CYP,rur,perm,mfh,2035,27.082749437601542
C-WEU-CYP,rur,perm,mfh,2040,26.556676211402312
C-WEU-CYP,rur,perm,mfh,2045,26.030602985203085
C-WEU-CYP,rur,perm,mfh,2050,25.504529759003855
C-WEU-CYP,rur,perm,mfh,2055,25.504529759003855
C-WEU-CYP,rur,perm,mfh,2060,25.504529759003855
C-WEU-CYP,rur,perm,mfh,2065,25.504529759003855
C-WEU-CYP,rur,perm,mfh,2070,25.504529759003855
C-WEU-CYP,rur,perm,mfh,2075,25.504529759003855
C-WEU-CYP,rur,perm,mfh,2080,25.504529759003855
C-WEU-CYP,rur,perm,mfh,2085,25.504529759003855
C-WEU-CYP,rur,perm,mfh,2090,25.504529759003855
C-WEU-CYP,rur,perm,mfh,2095,25.504529759003855
C-WEU-CYP,rur,perm,mfh,2100,25.504529759003855
C-WEU-CYP,rur,perm,sfh,2015,44.68668925
C-WEU-CYP,rur,perm,sfh,2020,45.87297287
C-WEU-CYP,rur,perm,sfh,2025,47.03466895
C-WEU-CYP,rur,perm,sfh,2030,45.45518318686709
C-WEU-CYP,rur,perm,sfh,2035,43.87569742373418
C-WEU-CYP,rur,perm,sfh,2040,42.296211660601266
C-WEU-CYP,rur,perm,sfh,2045,40.71672589746836
C-WEU-CYP,rur,perm,sfh,2050,39.13724013433545
C-WEU-CYP,rur,perm,sfh,2055,39.13724013433545
C-WEU-CYP,rur,perm,sfh,2060,39.13724013433545
C-WEU-CYP,rur,perm,sfh,2065,39.13724013433545
C-WEU-CYP,rur,perm,sfh,2070,39.13724013433545
C-WEU-CYP,rur,perm,sfh,2075,39.13724013433545
C-WEU-CYP,rur,perm,sfh,2080,39.13724013433545
C-WEU-CYP,rur,perm,sfh,2085,39.13724013433545
C-WEU-CYP,rur,perm,sfh,2090,39.13724013433545
C-WEU-CYP,rur,perm,sfh,2095,39.13724013433545
C-WEU-CYP,rur,perm,sfh,2100,39.13724013433545
C-WEU-CYP,urb,perm,mfh,2015,24.32894035
C-WEU-CYP,urb,perm,mfh,2020,24.97479315
C-WEU-CYP,urb,perm,mfh,2025,25.60725967
C-WEU-CYP,urb,perm,mfh,2030,25.14819902351828
C-WEU-CYP,urb,perm,mfh,2035,24.68913837703656
C-WEU-CYP,urb,perm,mfh,2040,24.230077730554843
C-WEU-CYP,urb,perm,mfh,2045,23.771017084073122
C-WEU-CYP,urb,perm,mfh,2050,23.3119564375914
C-WEU-CYP,urb,perm,mfh,2055,23.3119564375914
C-WEU-CYP,urb,perm,mfh,2060,23.3119564375914
C-WEU-CYP,urb,perm,mfh,2065,23.3119564375914
C-WEU-CYP,urb,perm,mfh,2070,23.3119564375914
C-WEU-CYP,urb,perm,mfh,2075,23.3119564375914
C-WEU-CYP,urb,perm,mfh,2080,23.3119564375914
C-WEU-CYP,urb,perm,mfh,2085,23.3119564375914
C-WEU-CYP,urb,perm,mfh,2090,23.3119564375914
C-WEU-CYP,urb,perm,mfh,2095,23.3119564375914
C-WEU-CYP,urb,perm,mfh,2100,23.3119564375914
C-WEU-CYP,urb,perm,sfh,2015,42.50005029
C-WEU-CYP,urb,perm,sfh,2020,43.62828589
C-WEU-CYP,urb,perm,sfh,2025,44.73313708
C-WEU-CYP,urb,perm,sfh,2030,43.27119369159998
C-WEU-CYP,urb,perm,sfh,2035,41.809250303199974
C-WEU-CYP,urb,perm,sfh,2040,40.34730691479996
C-WEU-CYP,urb,perm,sfh,2045,38.88536352639995
C-WEU-CYP,urb,perm,sfh,2050,37.42342013799993
C-WEU-CYP,urb,perm,sfh,2055,37.42342013799993
C-WEU-CYP,urb,perm,sfh,2060,37.42342013799993
C-WEU-CYP,urb,perm,sfh,2065,37.42342013799993
C-WEU-CYP,urb,perm,sfh,2070,37.42342013799993
C-WEU-CYP,urb,perm,sfh,2075,37.42342013799993
C-WEU-CYP,urb,perm,sfh,2080,37.42342013799993
C-WEU-CYP,urb,perm,sfh,2085,37.42342013799993
C-WEU-CYP,urb,perm,sfh,2090,37.42342013799993
C-WEU-CYP,urb,perm,sfh,2095,37.42342013799993
C-WEU-CYP,urb,perm,sfh,2100,37.42342013799993
C-WEU-DEU,rur,perm,mfh,2015,43.99940358325739
C-WEU-DEU,rur,perm,mfh,2020,44.13965298386631
C-WEU-DEU,rur,perm,mfh,2025,44.25023690867409
C-WEU-DEU,rur,perm,mfh,2030,43.16303698526449
C-WEU-DEU,rur,perm,mfh,2035,42.0758370618549
C-WEU-DEU,rur,perm,mfh,2040,40.9886371384453
C-WEU-DEU,rur,perm,mfh,2045,39.901437215035706
C-WEU-DEU,rur,perm,mfh,2050,38.81423729162611
C-WEU-DEU,rur,perm,mfh,2055,38.81423729162611
C-WEU-DEU,rur,perm,mfh,2060,38.81423729162611
C-WEU-DEU,rur,perm,mfh,2065,38.81423729162611
C-WEU-DEU,rur,perm,mfh,2070,38.81423729162611
C-WEU-DEU,rur,perm,mfh,2075,38.81423729162611
C-WEU-DEU,rur,perm,mfh,2080,38.81423729162611
C-WEU-DEU,rur,perm,mfh,2085,38.81423729162611
C-WEU-DEU,rur,perm,mfh,2090,38.81423729162611
C-WEU-DEU,rur,perm,mfh,2095,38.81423729162611
C-WEU-DEU,rur,perm,mfh,2100,38.81423729162611
C-WEU-DEU,rur,perm,sfh,2015,56.28238593440832
C-WEU-DEU,rur,perm,sfh,2020,56.4617877015724
C-WEU-DEU,rur,perm,sfh,2025,56.60820211530986
C-WEU-DEU,rur,perm,sfh,2030,54.179843356582076
C-WEU-DEU,rur,perm,sfh,2035,51.751484597854294
C-WEU-DEU,rur,perm,sfh,2040,49.323125839126504
C-WEU-DEU,rur,perm,sfh,2045,46.89476708039872
C-WEU-DEU,rur,perm,sfh,2050,44.46640832167094
C-WEU-DEU,rur,perm,sfh,2055,44.46640832167094
C-WEU-DEU,rur,perm,sfh,2060,44.46640832167094
C-WEU-DEU,rur,perm,sfh,2065,44.46640832167094
C-WEU-DEU,rur,perm,sfh,2070,44.46640832167094
C-WEU-DEU,rur,perm,sfh,2075,44.46640832167094
C-WEU-DEU,rur,perm,sfh,2080,44.46640832167094
C-WEU-DEU,rur,perm,sfh,2085,44.46640832167094
C-WEU-DEU,rur,perm,sfh,2090,44.46640832167094
C-WEU-DEU,rur,perm,sfh,2095,44.46640832167094
C-WEU-DEU,rur,perm,sfh,2100,44.46640832167094
C-WEU-DEU,urb,perm,mfh,2015,39.99679721178551
C-WEU-DEU,urb,perm,mfh,2020,40.1242881875782
C-WEU-DEU,urb,perm,mfh,2025,40.22622002776114
C-WEU-DEU,urb,perm,mfh,2030,39.26918251960456
C-WEU-DEU,urb,perm,mfh,2035,38.31214501144799
C-WEU-DEU,urb,perm,mfh,2040,37.35510750329142
C-WEU-DEU,urb,perm,mfh,2045,36.39806999513485
C-WEU-DEU,urb,perm,mfh,2050,35.44103248697827
C-WEU-DEU,urb,perm,mfh,2055,35.44103248697827
C-WEU-DEU,urb,perm,mfh,2060,35.44103248697827
C-WEU-DEU,urb,perm,mfh,2065,35.44103248697827
C-WEU-DEU,urb,perm,mfh,2070,35.44103248697827
C-WEU-DEU,urb,perm,mfh,2075,35.44103248697827
C-WEU-DEU,urb,perm,mfh,2080,35.44103248697827
C-WEU-DEU,urb,perm,mfh,2085,35.44103248697827
C-WEU-DEU,urb,perm,mfh,2090,35.44103248697827
C-WEU-DEU,urb,perm,mfh,2095,35.44103248697827
C-WEU-DEU,urb,perm,mfh,2100,35.44103248697827
C-WEU-DEU,urb,perm,sfh,2015,53.597158964947006
C-WEU-DEU,urb,perm,sfh,2020,53.7680014895662
C-WEU-DEU,urb,perm,sfh,2025,53.90652607189865
C-WEU-DEU,urb,perm,sfh,2030,51.598245748571244
C-WEU-DEU,urb,perm,sfh,2035,49.28996542524384
C-WEU-DEU,urb,perm,sfh,2040,46.98168510191643
C-WEU-DEU,urb,perm,sfh,2045,44.67340477858903
C-WEU-DEU,urb,perm,sfh,2050,42.36512445526163
C-WEU-DEU,urb,perm,sfh,2055,42.36512445526163
C-WEU-DEU,urb,perm,sfh,2060,42.36512445526163
C-WEU-DEU,urb,perm,sfh,2065,42.36512445526163
C-WEU-DEU,urb,perm,sfh,2070,42.36512445526163
C-WEU-DEU,urb,perm,sfh,2075,42.36512445526163
C-WEU-DEU,urb,perm,sfh,2080,42.36512445526163
C-WEU-DEU,urb,perm,sfh,2085,42.36512445526163
C-WEU-DEU,urb,perm,sfh,2090,42.36512445526163
C-WEU-DEU,urb,perm,sfh,2095,42.36512445526163
C-WEU-DEU,urb,perm,sfh,2100,42.36512445526163
C-WEU-DNK,rur,perm,mfh,2015,49.38885668077457
C-WEU-DNK,rur,perm,mfh,2020,48.60413712268527
C-WEU-DNK,rur,perm,mfh,2025,47.76901561625773
C-WEU-DNK,rur,perm,mfh,2030,46.87581877430539
C-WEU-DNK,rur,perm,mfh,2035,45.98262193235304
C-WEU-DNK,rur,perm,mfh,2040,45.08942509040069
C-WEU-DNK,rur,perm,mfh,2045,44.19622824844834
C-WEU-DNK,rur,perm,mfh,2050,43.303031406496
C-WEU-DNK,rur,perm,mfh,2055,43.303031406496
C-WEU-DNK,rur,perm,mfh,2060,43.303031406496
C-WEU-DNK,rur,perm,mfh,2065,43.303031406496
C-WEU-DNK,rur,perm,mfh,2070,43.303031406496
C-WEU-DNK,rur,perm,mfh,2075,43.303031406496
C-WEU-DNK,rur,perm,mfh,2080,43.303031406496
C-WEU-DNK,rur,perm,mfh,2085,43.303031406496
C-WEU-DNK,rur,perm,mfh,2090,43.303031406496
C-WEU-DNK,rur,perm,mfh,2095,43.303031406496
C-WEU-DNK,rur,perm,mfh,2100,43.303031406496
C-WEU-DNK,rur,perm,sfh,2015,60.53479264058037
C-WEU-DNK,rur,perm,sfh,2020,59.57297982352035
C-WEU-DNK,rur,perm,sfh,2025,58.53370694729304
C-WEU-DNK,rur,perm,sfh,2030,56.56806843318071
C-WEU-DNK,rur,perm,sfh,2035,54.602429919068385
C-WEU-DNK,rur,perm,sfh,2040,52.63679140495606
C-WEU-DNK,rur,perm,sfh,2045,50.67115289084373
C-WEU-DNK,rur,perm,sfh,2050,48.7055143767314
C-WEU-DNK,rur,perm,sfh,2055,48.7055143767314
C-WEU-DNK,rur,perm,sfh,2060,48.7055143767314
C-WEU-DNK,rur,perm,sfh,2065,48.7055143767314
C-WEU-DNK,rur,perm,sfh,2070,48.7055143767314
C-WEU-DNK,rur,perm,sfh,2075,48.7055143767314
C-WEU-DNK,rur,perm,sfh,2080,48.7055143767314
C-WEU-DNK,rur,perm,sfh,2085,48.7055143767314
C-WEU-DNK,rur,perm,sfh,2090,48.7055143767314
C-WEU-DNK,rur,perm,sfh,2095,48.7055143767314
C-WEU-DNK,rur,perm,sfh,2100,48.7055143767314
C-WEU-DNK,urb,perm,mfh,2015,44.95176674398629
C-WEU-DNK,urb,perm,mfh,2020,44.23754631539813
C-WEU-DNK,urb,perm,mfh,2025,43.477452037219095
C-WEU-DNK,urb,perm,mfh,2030,42.69803293901054
C-WEU-DNK,urb,perm,mfh,2035,41.91861384080198
C-WEU-DNK,urb,perm,mfh,2040,41.13919474259342
C-WEU-DNK,urb,perm,mfh,2045,40.35977564438486
C-WEU-DNK,urb,perm,mfh,2050,39.580356546176304
C-WEU-DNK,urb,perm,mfh,2055,39.580356546176304
C-WEU-DNK,urb,perm,mfh,2060,39.580356546176304
C-WEU-DNK,urb,perm,mfh,2065,39.580356546176304
C-WEU-DNK,urb,perm,mfh,2070,39.580356546176304
C-WEU-DNK,urb,perm,mfh,2075,39.580356546176304
C-WEU-DNK,urb,perm,mfh,2080,39.580356546176304
C-WEU-DNK,urb,perm,mfh,2085,39.580356546176304
C-WEU-DNK,urb,perm,mfh,2090,39.580356546176304
C-WEU-DNK,urb,perm,mfh,2095,39.580356546176304
C-WEU-DNK,urb,perm,mfh,2100,39.580356546176304
C-WEU-DNK,urb,perm,sfh,2015,57.57266369182874
C-WEU-DNK,urb,perm,sfh,2020,56.6579149395688
C-WEU-DNK,urb,perm,sfh,2025,55.669496453379296
C-WEU-DNK,urb,perm,sfh,2030,53.85013707936475
C-WEU-DNK,urb,perm,sfh,2035,52.0307777053502
C-WEU-DNK,urb,perm,sfh,2040,50.21141833133565
C-WEU-DNK,urb,perm,sfh,2045,48.3920589573211
C-WEU-DNK,urb,perm,sfh,2050,46.57269958330655
C-WEU-DNK,urb,perm,sfh,2055,46.57269958330655
C-WEU-DNK,urb,perm,sfh,2060,46.57269958330655
C-WEU-DNK,urb,perm,sfh,2065,46.57269958330655
C-WEU-DNK,urb,perm,sfh,2070,46.57269958330655
C-WEU-DNK,urb,perm,sfh,2075,46.57269958330655
C-WEU-DNK,urb,perm,sfh,2080,46.57269958330655
C-WEU-DNK,urb,perm,sfh,2085,46.57269958330655
C-WEU-DNK,urb,perm,sfh,2090,46.57269958330655
C-WEU-DNK,urb,perm,sfh,2095,46.57269958330655
C-WEU-DNK,urb,perm,sfh,2100,46.57269958330655
C-WEU-ESP,rur,perm,mfh,2015,32.001625550281744
C-WEU-ESP,rur,perm,mfh,2020,32.81212653949811
C-WEU-ESP,rur,perm,mfh,2025,33.53922422539773
C-WEU-ESP,rur,perm,mfh,2030,32.91209953435718
C-WEU-ESP,rur,perm,mfh,2035,32.28497484331663
C-WEU-ESP,rur,perm,mfh,2040,31.65785015227608
C-WEU-ESP,rur,perm,mfh,2045,31.030725461235527
C-WEU-ESP,rur,perm,mfh,2050,30.403600770194977
C-WEU-ESP,rur,perm,mfh,2055,30.403600770194977
C-WEU-ESP,rur,perm,mfh,2060,30.403600770194977
C-WEU-ESP,rur,perm,mfh,2065,30.403600770194977
C-WEU-ESP,rur,perm,mfh,2070,30.403600770194977
C-WEU-ESP,rur,perm,mfh,2075,30.403600770194977
C-WEU-ESP,rur,perm,mfh,2080,30.403600770194977
C-WEU-ESP,rur,perm,mfh,2085,30.403600770194977
C-WEU-ESP,rur,perm,mfh,2090,30.403600770194977
C-WEU-ESP,rur,perm,mfh,2095,30.403600770194977
C-WEU-ESP,rur,perm,mfh,2100,30.403600770194977
C-WEU-ESP,rur,perm,sfh,2015,47.113135779403976
C-WEU-ESP,rur,perm,sfh,2020,48.30636401066783
C-WEU-ESP,rur,perm,sfh,2025,49.42913362901695
C-WEU-ESP,rur,perm,sfh,2030,47.76923860702751
C-WEU-ESP,rur,perm,sfh,2035,46.10934358503807
C-WEU-ESP,rur,perm,sfh,2040,44.44944856304863
C-WEU-ESP,rur,perm,sfh,2045,42.789553541059185
C-WEU-ESP,rur,perm,sfh,2050,41.12965851906974
C-WEU-ESP,rur,perm,sfh,2055,41.12965851906974
C-WEU-ESP,rur,perm,sfh,2060,41.12965851906974
C-WEU-ESP,rur,perm,sfh,2065,41.12965851906974
C-WEU-ESP,rur,perm,sfh,2070,41.12965851906974
C-WEU-ESP,rur,perm,sfh,2075,41.12965851906974
C-WEU-ESP,rur,perm,sfh,2080,41.12965851906974
C-WEU-ESP,rur,perm,sfh,2085,41.12965851906974
C-WEU-ESP,rur,perm,sfh,2090,41.12965851906974
C-WEU-ESP,rur,perm,sfh,2095,41.12965851906974
C-WEU-ESP,rur,perm,sfh,2100,41.12965851906974
C-WEU-ESP,urb,perm,mfh,2015,28.95510534294344
C-WEU-ESP,urb,perm,mfh,2020,29.68844751288176
C-WEU-ESP,urb,perm,mfh,2025,30.348830746412304
C-WEU-ESP,urb,perm,mfh,2030,29.804768084419063
C-WEU-ESP,urb,perm,mfh,2035,29.260705422425826
C-WEU-ESP,urb,perm,mfh,2040,28.716642760432585
C-WEU-ESP,urb,perm,mfh,2045,28.172580098439347
C-WEU-ESP,urb,perm,mfh,2050,27.628517436446106
C-WEU-ESP,urb,perm,mfh,2055,27.628517436446106
C-WEU-ESP,urb,perm,mfh,2060,27.628517436446106
C-WEU-ESP,urb,perm,mfh,2065,27.628517436446106
C-WEU-ESP,urb,perm,mfh,2070,27.628517436446106
C-WEU-ESP,urb,perm,mfh,2075,27.628517436446106
C-WEU-ESP,urb,perm,mfh,2080,27.628517436446106
C-WEU-ESP,urb,perm,mfh,2085,27.628517436446106
C-WEU-ESP,urb,perm,mfh,2090,27.628517436446106
C-WEU-ESP,urb,perm,mfh,2095,27.628517436446106
C-WEU-ESP,urb,perm,mfh,2100,27.628517436446106
C-WEU-ESP,urb,perm,sfh,2015,44.50459548914894
C-WEU-ESP,urb,perm,sfh,2020,45.63175756533848
C-WEU-ESP,urb,perm,sfh,2025,46.69470687155826
C-WEU-ESP,urb,perm,sfh,2030,45.168656555389575
C-WEU-ESP,urb,perm,sfh,2035,43.64260623922089
C-WEU-ESP,urb,perm,sfh,2040,42.116555923052196
C-WEU-ESP,urb,perm,sfh,2045,40.59050560688351
C-WEU-ESP,urb,perm,sfh,2050,39.064455290714825
C-WEU-ESP,urb,perm,sfh,2055,39.064455290714825
C-WEU-ESP,urb,perm,sfh,2060,39.064455290714825
C-WEU-ESP,urb,perm,sfh,2065,39.064455290714825
C-WEU-ESP,urb,perm,sfh,2070,39.064455290714825
C-WEU-ESP,urb,perm,sfh,2075,39.064455290714825
C-WEU-ESP,urb,perm,sfh,2080,39.064455290714825
C-WEU-ESP,urb,perm,sfh,2085,39.064455290714825
C-WEU-ESP,urb,perm,sfh,2090,39.064455290714825
C-WEU-ESP,urb,perm,sfh,2095,39.064455290714825
C-WEU-ESP,urb,perm,sfh,2100,39.064455290714825
C-WEU-FIN,rur,perm,mfh,2015,38.76336680644072
C-WEU-FIN,rur,perm,mfh,2020,38.41012959945236
C-WEU-FIN,rur,perm,mfh,2025,38.0283515269476
C-WEU-FIN,rur,perm,mfh,2030,37.31728802584077
C-WEU-FIN,rur,perm,mfh,2035,36.60622452473393
C-WEU-FIN,rur,perm,mfh,2040,35.8951610236271
C-WEU-FIN,rur,perm,mfh,2045,35.18409752252026
C-WEU-FIN,rur,perm,mfh,2050,34.473034021413426
C-WEU-FIN,rur,perm,mfh,2055,34.473034021413426
C-WEU-FIN,rur,perm,mfh,2060,34.473034021413426
C-WEU-FIN,rur,perm,mfh,2065,34.473034021413426
C-WEU-FIN,rur,perm,mfh,2070,34.473034021413426
C-WEU-FIN,rur,perm,mfh,2075,34.473034021413426
C-WEU-FIN,rur,perm,mfh,2080,34.473034021413426
C-WEU-FIN,rur,perm,mfh,2085,34.473034021413426
C-WEU-FIN,rur,perm,mfh,2090,34.473034021413426
C-WEU-FIN,rur,perm,mfh,2095,34.473034021413426
C-WEU-FIN,rur,perm,mfh,2100,34.473034021413426
C-WEU-FIN,rur,perm,sfh,2015,50.74831789773466
C-WEU-FIN,rur,perm,sfh,2020,50.28586594892321
C-WEU-FIN,rur,perm,sfh,2025,49.79928522833751
C-WEU-FIN,rur,perm,sfh,2030,48.126960031024645
C-WEU-FIN,rur,perm,sfh,2035,46.45463483371178
C-WEU-FIN,rur,perm,sfh,2040,44.78230963639891
C-WEU-FIN,rur,perm,sfh,2045,43.10998443908604
C-WEU-FIN,rur,perm,sfh,2050,41.437659241773176
C-WEU-FIN,rur,perm,sfh,2055,41.437659241773176
C-WEU-FIN,rur,perm,sfh,2060,41.437659241773176
C-WEU-FIN,rur,perm,sfh,2065,41.437659241773176
C-WEU-FIN,rur,perm,sfh,2070,41.437659241773176
C-WEU-FIN,rur,perm,sfh,2075,41.437659241773176
C-WEU-FIN,rur,perm,sfh,2080,41.437659241773176
C-WEU-FIN,rur,perm,sfh,2085,41.437659241773176
C-WEU-FIN,rur,perm,sfh,2090,41.437659241773176
C-WEU-FIN,rur,perm,sfh,2095,41.437659241773176
C-WEU-FIN,rur,perm,sfh,2100,41.437659241773176
C-WEU-FIN,urb,perm,mfh,2015,34.86958630328796
C-WEU-FIN,urb,perm,mfh,2020,34.55183178097738
C-WEU-FIN,urb,perm,mfh,2025,34.18677214666609
C-WEU-FIN,urb,perm,mfh,2030,33.5739068137481
C-WEU-FIN,urb,perm,mfh,2035,32.96104148083012
C-WEU-FIN,urb,perm,mfh,2040,32.34817614791214
C-WEU-FIN,urb,perm,mfh,2045,31.735310814994158
C-WEU-FIN,urb,perm,mfh,2050,31.122445482076174
C-WEU-FIN,urb,perm,mfh,2055,31.122445482076174
C-WEU-FIN,urb,perm,mfh,2060,31.122445482076174
C-WEU-FIN,urb,perm,mfh,2065,31.122445482076174
C-WEU-FIN,urb,perm,mfh,2070,31.122445482076174
C-WEU-FIN,urb,perm,mfh,2075,31.122445482076174
C-WEU-FIN,urb,perm,mfh,2080,31.122445482076174
C-WEU-FIN,urb,perm,mfh,2085,31.122445482076174
C-WEU-FIN,urb,perm,mfh,2090,31.122445482076174
C-WEU-FIN,urb,perm,mfh,2095,31.122445482076174
C-WEU-FIN,urb,perm,mfh,2100,31.122445482076174
C-WEU-FIN,urb,perm,sfh,2015,48.54938500081271
C-WEU-FIN,urb,perm,sfh,2020,48.10697116886935
C-WEU-FIN,urb,perm,sfh,2025,47.63851535101766
C-WEU-FIN,urb,perm,sfh,2030,46.081620013539734
C-WEU-FIN,urb,perm,sfh,2035,44.524724676061815
C-WEU-FIN,urb,perm,sfh,2040,42.96782933858389
C-WEU-FIN,urb,perm,sfh,2045,41.41093400110597
C-WEU-FIN,urb,perm,sfh,2050,39.854038663628046
C-WEU-FIN,urb,perm,sfh,2055,39.854038663628046
C-WEU-FIN,urb,perm,sfh,2060,39.854038663628046
C-WEU-FIN,urb,perm,sfh,2065,39.854038663628046
C-WEU-FIN,urb,perm,sfh,2070,39.854038663628046
C-WEU-FIN,urb,perm,sfh,2075,39.854038663628046
C-WEU-FIN,urb,perm,sfh,2080,39.854038663628046
C-WEU-FIN,urb,perm,sfh,2085,39.854038663628046
C-WEU-FIN,urb,perm,sfh,2090,39.854038663628046
C-WEU-FIN,urb,perm,sfh,2095,39.854038663628046
C-WEU-FIN,urb,perm,sfh,2100,39.854038663628046
C-WEU-FRA,rur,perm,mfh,2015,30.548457050000003
C-WEU-FRA,rur,perm,mfh,2020,31.016611110000003
C-WEU-FRA,rur,perm,mfh,2025,31.47138861
C-WEU-FRA,rur,perm,mfh,2030,30.882928819575934
C-WEU-FRA,rur,perm,mfh,2035,30.294469029151866
C-WEU-FRA,rur,perm,mfh,2040,29.7060092387278
C-WEU-FRA,rur,perm,mfh,2045,29.11754944830373
C-WEU-FRA,rur,perm,mfh,2050,28.529089657879663
C-WEU-FRA,rur,perm,mfh,2055,28.529089657879663
C-WEU-FRA,rur,perm,mfh,2060,28.529089657879663
C-WEU-FRA,rur,perm,mfh,2065,28.529089657879663
C-WEU-FRA,rur,perm,mfh,2070,28.529089657879663
C-WEU-FRA,rur,perm,mfh,2075,28.529089657879663
C-WEU-FRA,rur,perm,mfh,2080,28.529089657879663
C-WEU-FRA,rur,perm,mfh,2085,28.529089657879663
C-WEU-FRA,rur,perm,mfh,2090,28.529089657879663
C-WEU-FRA,rur,perm,mfh,2095,28.529089657879663
C-WEU-FRA,rur,perm,mfh,2100,28.529089657879663
C-WEU-FRA,rur,perm,sfh,2015,51.06955324999999
C-WEU-FRA,rur,perm,sfh,2020,51.85219242
C-WEU-FRA,rur,perm,sfh,2025,52.61246924000001
C-WEU-FRA,rur,perm,sfh,2030,50.84567364043519
C-WEU-FRA,rur,perm,sfh,2035,49.078878040870364
C-WEU-FRA,rur,perm,sfh,2040,47.31208244130555
C-WEU-FRA,rur,perm,sfh,2045,45.545286841740726
C-WEU-FRA,rur,perm,sfh,2050,43.7784912421759
C-WEU-FRA,rur,perm,sfh,2055,43.7784912421759
C-WEU-FRA,rur,perm,sfh,2060,43.7784912421759
C-WEU-FRA,rur,perm,sfh,2065,43.7784912421759
C-WEU-FRA,rur,perm,sfh,2070,43.7784912421759
C-WEU-FRA,rur,perm,sfh,2075,43.7784912421759
C-WEU-FRA,rur,perm,sfh,2080,43.7784912421759
C-WEU-FRA,rur,perm,sfh,2085,43.7784912421759
C-WEU-FRA,rur,perm,sfh,2090,43.7784912421759
C-WEU-FRA,rur,perm,sfh,2095,43.7784912421759
C-WEU-FRA,rur,perm,sfh,2100,43.7784912421759
C-WEU-FRA,urb,perm,mfh,2015,27.803986729999995
C-WEU-FRA,urb,perm,mfh,2020,28.23008188
C-WEU-FRA,urb,perm,mfh,2025,28.64400221
C-WEU-FRA,urb,perm,mfh,2030,28.130501962734126
C-WEU-FRA,urb,perm,mfh,2035,27.617001715468255
C-WEU-FRA,urb,perm,mfh,2040,27.10350146820238
C-WEU-FRA,urb,perm,mfh,2045,26.59000122093651
C-WEU-FRA,urb,perm,mfh,2050,26.076500973670637
C-WEU-FRA,urb,perm,mfh,2055,26.076500973670637
C-WEU-FRA,urb,perm,mfh,2060,26.076500973670637
C-WEU-FRA,urb,perm,mfh,2065,26.076500973670637
C-WEU-FRA,urb,perm,mfh,2070,26.076500973670637
C-WEU-FRA,urb,perm,mfh,2075,26.076500973670637
C-WEU-FRA,urb,perm,mfh,2080,26.076500973670637
C-WEU-FRA,urb,perm,mfh,2085,26.076500973670637
C-WEU-FRA,urb,perm,mfh,2090,26.076500973670637
C-WEU-FRA,urb,perm,mfh,2095,26.076500973670637
C-WEU-FRA,urb,perm,mfh,2100,26.076500973670637
C-WEU-FRA,urb,perm,sfh,2015,48.57058372
C-WEU-FRA,urb,perm,sfh,2020,49.31492627
C-WEU-FRA,urb,perm,sfh,2025,50.03800071
C-WEU-FRA,urb,perm,sfh,2030,48.40268673289362
C-WEU-FRA,urb,perm,sfh,2035,46.76737275578724
C-WEU-FRA,urb,perm,sfh,2040,45.13205877868086
C-WEU-FRA,urb,perm,sfh,2045,43.49674480157448
C-WEU-FRA,urb,perm,sfh,2050,41.8614308244681
C-WEU-FRA,urb,perm,sfh,2055,41.8614308244681
C-WEU-FRA,urb,perm,sfh,2060,41.8614308244681
C-WEU-FRA,urb,perm,sfh,2065,41.8614308244681
C-WEU-FRA,urb,perm,sfh,2070,41.8614308244681
C-WEU-FRA,urb,perm,sfh,2075,41.8614308244681
C-WEU-FRA,urb,perm,sfh,2080,41.8614308244681
C-WEU-FRA,urb,perm,sfh,2085,41.8614308244681
C-WEU-FRA,urb,perm,sfh,2090,41.8614308244681
C-WEU-FRA,urb,perm,sfh,2095,41.8614308244681
C-WEU-FRA,urb,perm,sfh,2100,41.8614308244681
C-WEU-GRC,rur,perm,mfh,2015,37.84186671349996
C-WEU-GRC,rur,perm,mfh,2020,39.02605020190796
C-WEU-GRC,rur,perm,mfh,2025,40.17203769887899
C-WEU-GRC,rur,perm,mfh,2030,39.420891024731965
C-WEU-GRC,rur,perm,mfh,2035,38.669744350584935
C-WEU-GRC,rur,perm,mfh,2040,37.91859767643791
C-WEU-GRC,rur,perm,mfh,2045,37.16745100229088
C-WEU-GRC,rur,perm,mfh,2050,36.41630432814386
C-WEU-GRC,rur,perm,mfh,2055,36.41630432814386
C-WEU-GRC,rur,perm,mfh,2060,36.41630432814386
C-WEU-GRC,rur,perm,mfh,2065,36.41630432814386
C-WEU-GRC,rur,perm,mfh,2070,36.41630432814386
C-WEU-GRC,rur,perm,mfh,2075,36.41630432814386
C-WEU-GRC,rur,perm,mfh,2080,36.41630432814386
C-WEU-GRC,rur,perm,mfh,2085,36.41630432814386
C-WEU-GRC,rur,perm,mfh,2090,36.41630432814386
C-WEU-GRC,rur,perm,mfh,2095,36.41630432814386
C-WEU-GRC,rur,perm,mfh,2100,36.41630432814386
C-WEU-GRC,rur,perm,sfh,2015,41.81101787948873
C-WEU-GRC,rur,perm,sfh,2020,43.119407791226
C-WEU-GRC,rur,perm,sfh,2025,44.37157076274682
C-WEU-GRC,rur,perm,sfh,2030,42.88151532338345
C-WEU-GRC,rur,perm,sfh,2035,41.39145988402007
C-WEU-GRC,rur,perm,sfh,2040,39.901404444656706
C-WEU-GRC,rur,perm,sfh,2045,38.41134900529333
C-WEU-GRC,rur,perm,sfh,2050,36.92129356592996
C-WEU-GRC,rur,perm,sfh,2055,36.92129356592996
C-WEU-GRC,rur,perm,sfh,2060,36.92129356592996
C-WEU-GRC,rur,perm,sfh,2065,36.92129356592996
C-WEU-GRC,rur,perm,sfh,2070,36.92129356592996
C-WEU-GRC,rur,perm,sfh,2075,36.92129356592996
C-WEU-GRC,rur,perm,sfh,2080,36.92129356592996
C-WEU-GRC,rur,perm,sfh,2085,36.92129356592996
C-WEU-GRC,rur,perm,sfh,2090,36.92129356592996
C-WEU-GRC,rur,perm,sfh,2095,36.92129356592996
C-WEU-GRC,rur,perm,sfh,2100,36.92129356592996
C-WEU-GRC,urb,perm,mfh,2015,34.6233949276653
C-WEU-GRC,urb,perm,mfh,2020,35.70686293724104
C-WEU-GRC,urb,perm,mfh,2025,36.75182276012485
C-WEU-GRC,urb,perm,mfh,2030,36.092973834739446
C-WEU-GRC,urb,perm,mfh,2035,35.43412490935405
C-WEU-GRC,urb,perm,mfh,2040,34.77527598396864
C-WEU-GRC,urb,perm,mfh,2045,34.11642705858324
C-WEU-GRC,urb,perm,mfh,2050,33.457578133197835
C-WEU-GRC,urb,perm,mfh,2055,33.457578133197835
C-WEU-GRC,urb,perm,mfh,2060,33.457578133197835
C-WEU-GRC,urb,perm,mfh,2065,33.457578133197835
C-WEU-GRC,urb,perm,mfh,2070,33.457578133197835
C-WEU-GRC,urb,perm,mfh,2075,33.457578133197835
C-WEU-GRC,urb,perm,mfh,2080,33.457578133197835
C-WEU-GRC,urb,perm,mfh,2085,33.457578133197835
C-WEU-GRC,urb,perm,mfh,2090,33.457578133197835
C-WEU-GRC,urb,perm,mfh,2095,33.457578133197835
C-WEU-GRC,urb,perm,mfh,2100,33.457578133197835
C-WEU-GRC,urb,perm,sfh,2015,39.94557964792196
C-WEU-GRC,urb,perm,sfh,2020,41.19559450273152
C-WEU-GRC,urb,perm,sfh,2025,42.377156803790186
C-WEU-GRC,urb,perm,sfh,2030,40.992210246214846
C-WEU-GRC,urb,perm,sfh,2035,39.60726368863951
C-WEU-GRC,urb,perm,sfh,2040,38.22231713106417
C-WEU-GRC,urb,perm,sfh,2045,36.83737057348884
C-WEU-GRC,urb,perm,sfh,2050,35.4524240159135
C-WEU-GRC,urb,perm,sfh,2055,35.4524240159135
C-WEU-GRC,urb,perm,sfh,2060,35.4524240159135
C-WEU-GRC,urb,perm,sfh,2065,35.4524240159135
C-WEU-GRC,urb,perm,sfh,2070,35.4524240159135
C-WEU-GRC,urb,perm,sfh,2075,35.4524240159135
C-WEU-GRC,urb,perm,sfh,2080,35.4524240159135
C-WEU-GRC,urb,perm,sfh,2085,35.4524240159135
C-WEU-GRC,urb,perm,sfh,2090,35.4524240159135
C-WEU-GRC,urb,perm,sfh,2095,35.4524240159135
C-WEU-GRC,urb,perm,sfh,2100,35.4524240159135
C-WEU-IRL,rur,perm,mfh,2015,32.84338677
C-WEU-IRL,rur,perm,mfh,2020,33.0821052
C-WEU-IRL,rur,perm,mfh,2025,33.29884171
C-WEU-IRL,rur,perm,mfh,2030,32.676211750551545
C-WEU-IRL,rur,perm,mfh,2035,32.05358179110309
C-WEU-IRL,rur,perm,mfh,2040,31.43095183165464
C-WEU-IRL,rur,perm,mfh,2045,30.808321872206186
C-WEU-IRL,rur,perm,mfh,2050,30.185691912757733
C-WEU-IRL,rur,perm,mfh,2055,30.185691912757733
C-WEU-IRL,rur,perm,mfh,2060,30.185691912757733
C-WEU-IRL,rur,perm,mfh,2065,30.185691912757733
C-WEU-IRL,rur,perm,mfh,2070,30.185691912757733
C-WEU-IRL,rur,perm,mfh,2075,30.185691912757733
C-WEU-IRL,rur,perm,mfh,2080,30.185691912757733
C-WEU-IRL,rur,perm,mfh,2085,30.185691912757733
C-WEU-IRL,rur,perm,mfh,2090,30.185691912757733
C-WEU-IRL,rur,perm,mfh,2095,30.185691912757733
C-WEU-IRL,rur,perm,mfh,2100,30.185691912757733
C-WEU-IRL,rur,perm,sfh,2015,54.90611480999999
C-WEU-IRL,rur,perm,sfh,2020,55.30519368
C-WEU-IRL,rur,perm,sfh,2025,55.66752414
C-WEU-IRL,rur,perm,sfh,2030,53.79813579708518
C-WEU-IRL,rur,perm,sfh,2035,51.92874745417036
C-WEU-IRL,rur,perm,sfh,2040,50.05935911125554
C-WEU-IRL,rur,perm,sfh,2045,48.18997076834072
C-WEU-IRL,rur,perm,sfh,2050,46.320582425425904
C-WEU-IRL,rur,perm,sfh,2055,46.320582425425904
C-WEU-IRL,rur,perm,sfh,2060,46.320582425425904
C-WEU-IRL,rur,perm,sfh,2065,46.320582425425904
C-WEU-IRL,rur,perm,sfh,2070,46.320582425425904
C-WEU-IRL,rur,perm,sfh,2075,46.320582425425904
C-WEU-IRL,rur,perm,sfh,2080,46.320582425425904
C-WEU-IRL,rur,perm,sfh,2085,46.320582425425904
C-WEU-IRL,rur,perm,sfh,2090,46.320582425425904
C-WEU-IRL,rur,perm,sfh,2095,46.320582425425904
C-WEU-IRL,rur,perm,sfh,2100,46.320582425425904
C-WEU-IRL,urb,perm,mfh,2015,29.892740199999995
C-WEU-IRL,urb,perm,mfh,2020,30.11001219
C-WEU-IRL,urb,perm,mfh,2025,30.30727711
C-WEU-IRL,urb,perm,mfh,2030,29.763959378914674
C-WEU-IRL,urb,perm,mfh,2035,29.220641647829346
C-WEU-IRL,urb,perm,mfh,2040,28.677323916744015
C-WEU-IRL,urb,perm,mfh,2045,28.134006185658688
C-WEU-IRL,urb,perm,mfh,2050,27.59068845457336
C-WEU-IRL,urb,perm,mfh,2055,27.59068845457336
C-WEU-IRL,urb,perm,mfh,2060,27.59068845457336
C-WEU-IRL,urb,perm,mfh,2065,27.59068845457336
C-WEU-IRL,urb,perm,mfh,2070,27.59068845457336
C-WEU-IRL,urb,perm,mfh,2075,27.59068845457336
C-WEU-IRL,urb,perm,mfh,2080,27.59068845457336
C-WEU-IRL,urb,perm,mfh,2085,27.59068845457336
C-WEU-IRL,urb,perm,mfh,2090,27.59068845457336
C-WEU-IRL,urb,perm,mfh,2095,27.59068845457336
C-WEU-IRL,urb,perm,mfh,2100,27.59068845457336
C-WEU-IRL,urb,perm,sfh,2015,52.21941207999999
C-WEU-IRL,urb,perm,sfh,2020,52.59896296
C-WEU-IRL,urb,perm,sfh,2025,52.94356363
C-WEU-IRL,urb,perm,sfh,2030,51.21329166922086
C-WEU-IRL,urb,perm,sfh,2035,49.48301970844171
C-WEU-IRL,urb,perm,sfh,2040,47.75274774766257
C-WEU-IRL,urb,perm,sfh,2045,46.02247578688342
C-WEU-IRL,urb,perm,sfh,2050,44.29220382610428
C-WEU-IRL,urb,perm,sfh,2055,44.29220382610428
C-WEU-IRL,urb,perm,sfh,2060,44.29220382610428
C-WEU-IRL,urb,perm,sfh,2065,44.29220382610428
C-WEU-IRL,urb,perm,sfh,2070,44.29220382610428
C-WEU-IRL,urb,perm,sfh,2075,44.29220382610428
C-WEU-IRL,urb,perm,sfh,2080,44.29220382610428
C-WEU-IRL,urb,perm,sfh,2085,44.29220382610428
C-WEU-IRL,urb,perm,sfh,2090,44.29220382610428
C-WEU-IRL,urb,perm,sfh,2095,44.29220382610428
C-WEU-IRL,urb,perm,sfh,2100,44.29220382610428
C-WEU-ITA,rur,perm,mfh,2015,45.78046677914748
C-WEU-ITA,rur,perm,mfh,2020,46.74453598407728
C-WEU-ITA,rur,perm,mfh,2025,47.70661451566884
C-WEU-ITA,rur,perm,mfh,2030,46.33437912160528
C-WEU-ITA,rur,perm,mfh,2035,44.96214372754172
C-WEU-ITA,rur,perm,mfh,2040,43.58990833347816
C-WEU-ITA,rur,perm,mfh,2045,42.2176729394146
C-WEU-ITA,rur,perm,mfh,2050,40.84543754535104
C-WEU-ITA,rur,perm,mfh,2055,40.84543754535104
C-WEU-ITA,rur,perm,mfh,2060,40.84543754535104
C-WEU-ITA,rur,perm,mfh,2065,40.84543754535104
C-WEU-ITA,rur,perm,mfh,2070,40.84543754535104
C-WEU-ITA,rur,perm,mfh,2075,40.84543754535104
C-WEU-ITA,rur,perm,mfh,2080,40.84543754535104
C-WEU-ITA,rur,perm,mfh,2085,40.84543754535104
C-WEU-ITA,rur,perm,mfh,2090,40.84543754535104
C-WEU-ITA,rur,perm,mfh,2095,40.84543754535104
C-WEU-ITA,rur,perm,mfh,2100,40.84543754535104
C-WEU-ITA,rur,perm,sfh,2015,52.24779995079263
C-WEU-ITA,rur,perm,sfh,2020,53.34806167282559
C-WEU-ITA,rur,perm,sfh,2025,54.47154892772352
C-WEU-ITA,rur,perm,sfh,2030,52.3226795543597
C-WEU-ITA,rur,perm,sfh,2035,50.17381018099589
C-WEU-ITA,rur,perm,sfh,2040,48.02494080763208
C-WEU-ITA,rur,perm,sfh,2045,45.87607143426827
C-WEU-ITA,rur,perm,sfh,2050,43.72720206090445
C-WEU-ITA,rur,perm,sfh,2055,43.72720206090445
C-WEU-ITA,rur,perm,sfh,2060,43.72720206090445
C-WEU-ITA,rur,perm,sfh,2065,43.72720206090445
C-WEU-ITA,rur,perm,sfh,2070,43.72720206090445
C-WEU-ITA,rur,perm,sfh,2075,43.72720206090445
C-WEU-ITA,rur,perm,sfh,2080,43.72720206090445
C-WEU-ITA,rur,perm,sfh,2085,43.72720206090445
C-WEU-ITA,rur,perm,sfh,2090,43.72720206090445
C-WEU-ITA,rur,perm,sfh,2095,43.72720206090445
C-WEU-ITA,rur,perm,sfh,2100,43.72720206090445
C-WEU-ITA,urb,perm,mfh,2015,41.4592241245852
C-WEU-ITA,urb,perm,mfh,2020,42.33229431945983
C-WEU-ITA,urb,perm,mfh,2025,43.199892153089245
C-WEU-ITA,urb,perm,mfh,2030,42.20430519724037
C-WEU-ITA,urb,perm,mfh,2035,41.208718241391495
C-WEU-ITA,urb,perm,mfh,2040,40.21313128554262
C-WEU-ITA,urb,perm,mfh,2045,39.217544329693744
C-WEU-ITA,urb,perm,mfh,2050,38.22195737384487
C-WEU-ITA,urb,perm,mfh,2055,38.22195737384487
C-WEU-ITA,urb,perm,mfh,2060,38.22195737384487
C-WEU-ITA,urb,perm,mfh,2065,38.22195737384487
C-WEU-ITA,urb,perm,mfh,2070,38.22195737384487
C-WEU-ITA,urb,perm,mfh,2075,38.22195737384487
C-WEU-ITA,urb,perm,mfh,2080,38.22195737384487
C-WEU-ITA,urb,perm,mfh,2085,38.22195737384487
C-WEU-ITA,urb,perm,mfh,2090,38.22195737384487
C-WEU-ITA,urb,perm,mfh,2095,38.22195737384487
C-WEU-ITA,urb,perm,mfh,2100,38.22195737384487
C-WEU-ITA,urb,perm,sfh,2015,49.225884788311184
C-WEU-ITA,urb,perm,sfh,2020,50.26250942848185
C-WEU-ITA,urb,perm,sfh,2025,51.31552660761836
C-WEU-ITA,urb,perm,sfh,2030,49.73697899403909
C-WEU-ITA,urb,perm,sfh,2035,48.158431380459824
C-WEU-ITA,urb,perm,sfh,2040,46.579883766880556
C-WEU-ITA,urb,perm,sfh,2045,45.001336153301295
C-WEU-ITA,urb,perm,sfh,2050,43.42278853972203
C-WEU-ITA,urb,perm,sfh,2055,43.42278853972203
C-WEU-ITA,urb,perm,sfh,2060,43.42278853972203
C-WEU-ITA,urb,perm,sfh,2065,43.42278853972203
C-WEU-ITA,urb,perm,sfh,2070,43.42278853972203
C-WEU-ITA,urb,perm,sfh,2075,43.42278853972203
C-WEU-ITA,urb,perm,sfh,2080,43.42278853972203
C-WEU-ITA,urb,perm,sfh,2085,43.42278853972203
C-WEU-ITA,urb,perm,sfh,2090,43.42278853972203
C-WEU-ITA,urb,perm,sfh,2095,43.42278853972203
C-WEU-ITA,urb,perm,sfh,2100,43.42278853972203
C-WEU-LUX,rur,perm,mfh,2015,40.87688576000001
C-WEU-LUX,rur,perm,mfh,2020,40.56212579
C-WEU-LUX,rur,perm,mfh,2025,40.23658194
C-WEU-LUX,rur,perm,mfh,2030,39.48422840170491
C-WEU-LUX,rur,perm,mfh,2035,38.73187486340982
C-WEU-LUX,rur,perm,mfh,2040,37.97952132511474
C-WEU-LUX,rur,perm,mfh,2045,37.22716778681965
C-WEU-LUX,rur,perm,mfh,2050,36.47481424852456
C-WEU-LUX,rur,perm,mfh,2055,36.47481424852456
C-WEU-LUX,rur,perm,mfh,2060,36.47481424852456
C-WEU-LUX,rur,perm,mfh,2065,36.47481424852456
C-WEU-LUX,rur,perm,mfh,2070,36.47481424852456
C-WEU-LUX,rur,perm,mfh,2075,36.47481424852456
C-WEU-LUX,rur,perm,mfh,2080,36.47481424852456
C-WEU-LUX,rur,perm,mfh,2085,36.47481424852456
C-WEU-LUX,rur,perm,mfh,2090,36.47481424852456
C-WEU-LUX,rur,perm,mfh,2095,36.47481424852456
C-WEU-LUX,rur,perm,mfh,2100,36.47481424852456
C-WEU-LUX,rur,perm,sfh,2015,68.33616149
C-WEU-LUX,rur,perm,sfh,2020,67.80995976
C-WEU-LUX,rur,perm,sfh,2025,67.26573002
C-WEU-LUX,rur,perm,sfh,2030,65.00685873876965
C-WEU-LUX,rur,perm,sfh,2035,62.7479874575393
C-WEU-LUX,rur,perm,sfh,2040,60.48911617630895
C-WEU-LUX,rur,perm,sfh,2045,58.2302448950786
C-WEU-LUX,rur,perm,sfh,2050,55.97137361384824
C-WEU-LUX,rur,perm,sfh,2055,55.97137361384824
C-WEU-LUX,rur,perm,sfh,2060,55.97137361384824
C-WEU-LUX,rur,perm,sfh,2065,55.97137361384824
C-WEU-LUX,rur,perm,sfh,2070,55.97137361384824
C-WEU-LUX,rur,perm,sfh,2075,55.97137361384824
C-WEU-LUX,rur,perm,sfh,2080,55.97137361384824
C-WEU-LUX,rur,perm,sfh,2085,55.97137361384824
C-WEU-LUX,rur,perm,sfh,2090,55.97137361384824
C-WEU-LUX,rur,perm,sfh,2095,55.97137361384824
C-WEU-LUX,rur,perm,sfh,2100,55.97137361384824
C-WEU-LUX,urb,perm,mfh,2015,37.20451044
C-WEU-LUX,urb,perm,mfh,2020,36.91802847
C-WEU-LUX,urb,perm,mfh,2025,36.62173145
C-WEU-LUX,urb,perm,mfh,2030,35.965214667987105
C-WEU-LUX,urb,perm,mfh,2035,35.30869788597421
C-WEU-LUX,urb,perm,mfh,2040,34.65218110396132
C-WEU-LUX,urb,perm,mfh,2045,33.995664321948425
C-WEU-LUX,urb,perm,mfh,2050,33.33914753993553
C-WEU-LUX,urb,perm,mfh,2055,33.33914753993553
C-WEU-LUX,urb,perm,mfh,2060,33.33914753993553
C-WEU-LUX,urb,perm,mfh,2065,33.33914753993553
C-WEU-LUX,urb,perm,mfh,2070,33.33914753993553
C-WEU-LUX,urb,perm,mfh,2075,33.33914753993553
C-WEU-LUX,urb,perm,mfh,2080,33.33914753993553
C-WEU-LUX,urb,perm,mfh,2085,33.33914753993553
C-WEU-LUX,urb,perm,mfh,2090,33.33914753993553
C-WEU-LUX,urb,perm,mfh,2095,33.33914753993553
C-WEU-LUX,urb,perm,mfh,2100,33.33914753993553
C-WEU-LUX,urb,perm,sfh,2015,64.99229074
C-WEU-LUX,urb,perm,sfh,2020,64.49183747
C-WEU-LUX,urb,perm,sfh,2025,63.97423834
C-WEU-LUX,urb,perm,sfh,2030,61.88346803247992
C-WEU-LUX,urb,perm,sfh,2035,59.79269772495984
C-WEU-LUX,urb,perm,sfh,2040,57.70192741743975
C-WEU-LUX,urb,perm,sfh,2045,55.61115710991967
C-WEU-LUX,urb,perm,sfh,2050,53.520386802399585
C-WEU-LUX,urb,perm,sfh,2055,53.520386802399585
C-WEU-LUX,urb,perm,sfh,2060,53.520386802399585
C-WEU-LUX,urb,perm,sfh,2065,53.520386802399585
C-WEU-LUX,urb,perm,sfh,2070,53.520386802399585
C-WEU-LUX,urb,perm,sfh,2075,53.520386802399585
C-WEU-LUX,urb,perm,sfh,2080,53.520386802399585
C-WEU-LUX,urb,perm,sfh,2085,53.520386802399585
C-WEU-LUX,urb,perm,sfh,2090,53.520386802399585
C-WEU-LUX,urb,perm,sfh,2095,53.520386802399585
C-WEU-LUX,urb,perm,sfh,2100,53.520386802399585
C-WEU-MLT,rur,perm,mfh,2015,28.83344935
C-WEU-MLT,rur,perm,mfh,2020,29.522735900000004
C-WEU-MLT,rur,perm,mfh,2025,30.17926105
C-WEU-MLT,rur,perm,mfh,2030,29.61496177955112
C-WEU-MLT,rur,perm,mfh,2035,29.05066250910224
C-WEU-MLT,rur,perm,mfh,2040,28.486363238653357
C-WEU-MLT,rur,perm,mfh,2045,27.922063968204476
C-WEU-MLT,rur,perm,mfh,2050,27.357764697755595
C-WEU-MLT,rur,perm,mfh,2055,27.357764697755595
C-WEU-MLT,rur,perm,mfh,2060,27.357764697755595
C-WEU-MLT,rur,perm,mfh,2065,27.357764697755595
C-WEU-MLT,rur,perm,mfh,2070,27.357764697755595
C-WEU-MLT,rur,perm,mfh,2075,27.357764697755595
C-WEU-MLT,rur,perm,mfh,2080,27.357764697755595
C-WEU-MLT,rur,perm,mfh,2085,27.357764697755595
C-WEU-MLT,rur,perm,mfh,2090,27.357764697755595
C-WEU-MLT,rur,perm,mfh,2095,27.357764697755595
C-WEU-MLT,rur,perm,mfh,2100,27.357764697755595
C-WEU-MLT,rur,perm,sfh,2015,48.20247958
C-WEU-MLT,rur,perm,sfh,2020,49.35479821000001
C-WEU-MLT,rur,perm,sfh,2025,50.45234778
C-WEU-MLT,rur,perm,sfh,2030,48.758091887184996
C-WEU-MLT,rur,perm,sfh,2035,47.063835994369995
C-WEU-MLT,rur,perm,sfh,2040,45.369580101554995
C-WEU-MLT,rur,perm,sfh,2045,43.675324208739994
C-WEU-MLT,rur,perm,sfh,2050,41.98106831592499
C-WEU-MLT,rur,perm,sfh,2055,41.98106831592499
C-WEU-MLT,rur,perm,sfh,2060,41.98106831592499
C-WEU-MLT,rur,perm,sfh,2065,41.98106831592499
C-WEU-MLT,rur,perm,sfh,2070,41.98106831592499
C-WEU-MLT,rur,perm,sfh,2075,41.98106831592499
C-WEU-MLT,rur,perm,sfh,2080,41.98106831592499
C-WEU-MLT,rur,perm,sfh,2085,41.98106831592499
C-WEU-MLT,rur,perm,sfh,2090,41.98106831592499
C-WEU-MLT,rur,perm,sfh,2095,41.98106831592499
C-WEU-MLT,rur,perm,sfh,2100,41.98106831592499
C-WEU-MLT,urb,perm,mfh,2015,26.24305515
C-WEU-MLT,urb,perm,mfh,2020,26.870416259999995
C-WEU-MLT,urb,perm,mfh,2025,27.46795926
C-WEU-MLT,urb,perm,mfh,2030,26.975541902659664
C-WEU-MLT,urb,perm,mfh,2035,26.48312454531933
C-WEU-MLT,urb,perm,mfh,2040,25.990707187978995
C-WEU-MLT,urb,perm,mfh,2045,25.49828983063866
C-WEU-MLT,urb,perm,mfh,2050,25.005872473298325
C-WEU-MLT,urb,perm,mfh,2055,25.005872473298325
C-WEU-MLT,urb,perm,mfh,2060,25.005872473298325
C-WEU-MLT,urb,perm,mfh,2065,25.005872473298325
C-WEU-MLT,urb,perm,mfh,2070,25.005872473298325
C-WEU-MLT,urb,perm,mfh,2075,25.005872473298325
C-WEU-MLT,urb,perm,mfh,2080,25.005872473298325
C-WEU-MLT,urb,perm,mfh,2085,25.005872473298325
C-WEU-MLT,urb,perm,mfh,2090,25.005872473298325
C-WEU-MLT,urb,perm,mfh,2095,25.005872473298325
C-WEU-MLT,urb,perm,mfh,2100,25.005872473298325
C-WEU-MLT,urb,perm,sfh,2015,45.84380362
C-WEU-MLT,urb,perm,sfh,2020,46.93973622
C-WEU-MLT,urb,perm,sfh,2025,47.983579760000005
C-WEU-MLT,urb,perm,sfh,2030,46.415407220335666
C-WEU-MLT,urb,perm,sfh,2035,44.84723468067133
C-WEU-MLT,urb,perm,sfh,2040,43.27906214100698
C-WEU-MLT,urb,perm,sfh,2045,41.71088960134264
C-WEU-MLT,urb,perm,sfh,2050,40.142717061678304
C-WEU-MLT,urb,perm,sfh,2055,40.142717061678304
C-WEU-MLT,urb,perm,sfh,2060,40.142717061678304
C-WEU-MLT,urb,perm,sfh,2065,40.142717061678304
C-WEU-MLT,urb,perm,sfh,2070,40.142717061678304
C-WEU-MLT,urb,perm,sfh,2075,40.142717061678304
C-WEU-MLT,urb,perm,sfh,2080,40.142717061678304
C-WEU-MLT,urb,perm,sfh,2085,40.142717061678304
C-WEU-MLT,urb,perm,sfh,2090,40.142717061678304
C-WEU-MLT,urb,perm,sfh,2095,40.142717061678304
C-WEU-MLT,urb,perm,sfh,2100,40.142717061678304
C-WEU-NLD,rur,perm,mfh,2015,55.72387661405765
C-WEU-NLD,rur,perm,mfh,2020,55.376904844899165
C-WEU-NLD,rur,perm,mfh,2025,54.96940463745739
C-WEU-NLD,rur,perm,mfh,2030,54.20602983046246
C-WEU-NLD,rur,perm,mfh,2035,53.44265502346754
C-WEU-NLD,rur,perm,mfh,2040,52.67928021647262
C-WEU-NLD,rur,perm,mfh,2045,51.915905409477695
C-WEU-NLD,rur,perm,mfh,2050,51.15253060248277
C-WEU-NLD,rur,perm,mfh,2055,51.15253060248277
C-WEU-NLD,rur,perm,mfh,2060,51.15253060248277
C-WEU-NLD,rur,perm,mfh,2065,51.15253060248277
C-WEU-NLD,rur,perm,mfh,2070,51.15253060248277
C-WEU-NLD,rur,perm,mfh,2075,51.15253060248277
C-WEU-NLD,rur,perm,mfh,2080,51.15253060248277
C-WEU-NLD,rur,perm,mfh,2085,51.15253060248277
C-WEU-NLD,rur,perm,mfh,2090,51.15253060248277
C-WEU-NLD,rur,perm,mfh,2095,51.15253060248277
C-WEU-NLD,rur,perm,mfh,2100,51.15253060248277
C-WEU-NLD,rur,perm,sfh,2015,55.70984369063847
C-WEU-NLD,rur,perm,sfh,2020,55.36295928773339
C-WEU-NLD,rur,perm,sfh,2025,54.97071334669686
C-WEU-NLD,rur,perm,sfh,2030,53.06419636428184
C-WEU-NLD,rur,perm,sfh,2035,51.15767938186682
C-WEU-NLD,rur,perm,sfh,2040,49.2511623994518
C-WEU-NLD,rur,perm,sfh,2045,47.34464541703678
C-WEU-NLD,rur,perm,sfh,2050,45.43812843462176
C-WEU-NLD,rur,perm,sfh,2055,45.43812843462176
C-WEU-NLD,rur,perm,sfh,2060,45.43812843462176
C-WEU-NLD,rur,perm,sfh,2065,45.43812843462176
C-WEU-NLD,rur,perm,sfh,2070,45.43812843462176
C-WEU-NLD,rur,perm,sfh,2075,45.43812843462176
C-WEU-NLD,rur,perm,sfh,2080,45.43812843462176
C-WEU-NLD,rur,perm,sfh,2085,45.43812843462176
C-WEU-NLD,rur,perm,sfh,2090,45.43812843462176
C-WEU-NLD,rur,perm,sfh,2095,45.43812843462176
C-WEU-NLD,rur,perm,sfh,2100,45.43812843462176
C-WEU-NLD,urb,perm,mfh,2015,48.158820571235935
C-WEU-NLD,urb,perm,mfh,2020,47.85895358269404
C-WEU-NLD,urb,perm,mfh,2025,47.49532317113919
C-WEU-NLD,urb,perm,mfh,2030,46.6873025038948
C-WEU-NLD,urb,perm,mfh,2035,45.879281836650414
C-WEU-NLD,urb,perm,mfh,2040,45.07126116940602
C-WEU-NLD,urb,perm,mfh,2045,44.263240502161636
C-WEU-NLD,urb,perm,mfh,2050,43.455219834917244
C-WEU-NLD,urb,perm,mfh,2055,43.455219834917244
C-WEU-NLD,urb,perm,mfh,2060,43.455219834917244
C-WEU-NLD,urb,perm,mfh,2065,43.455219834917244
C-WEU-NLD,urb,perm,mfh,2070,43.455219834917244
C-WEU-NLD,urb,perm,mfh,2075,43.455219834917244
C-WEU-NLD,urb,perm,mfh,2080,43.455219834917244
C-WEU-NLD,urb,perm,mfh,2085,43.455219834917244
C-WEU-NLD,urb,perm,mfh,2090,43.455219834917244
C-WEU-NLD,urb,perm,mfh,2095,43.455219834917244
C-WEU-NLD,urb,perm,mfh,2100,43.455219834917244
C-WEU-NLD,urb,perm,sfh,2015,51.398058579291
C-WEU-NLD,urb,perm,sfh,2020,51.07802206078869
C-WEU-NLD,urb,perm,sfh,2025,50.70734486073171
C-WEU-NLD,urb,perm,sfh,2030,48.81952990855691
C-WEU-NLD,urb,perm,sfh,2035,46.93171495638211
C-WEU-NLD,urb,perm,sfh,2040,45.043900004207316
C-WEU-NLD,urb,perm,sfh,2045,43.156085052032516
C-WEU-NLD,urb,perm,sfh,2050,41.268270099857716
C-WEU-NLD,urb,perm,sfh,2055,41.268270099857716
C-WEU-NLD,urb,perm,sfh,2060,41.268270099857716
C-WEU-NLD,urb,perm,sfh,2065,41.268270099857716
C-WEU-NLD,urb,perm,sfh,2070,41.268270099857716
C-WEU-NLD,urb,perm,sfh,2075,41.268270099857716
C-WEU-NLD,urb,perm,sfh,2080,41.268270099857716
C-WEU-NLD,urb,perm,sfh,2085,41.268270099857716
C-WEU-NLD,urb,perm,sfh,2090,41.268270099857716
C-WEU-NLD,urb,perm,sfh,2095,41.268270099857716
C-WEU-NLD,urb,perm,sfh,2100,41.268270099857716
C-WEU-PRT,rur,perm,mfh,2015,42.39879448242518
C-WEU-PRT,rur,perm,mfh,2020,43.11995612400605
C-WEU-PRT,rur,perm,mfh,2025,43.76731522418591
C-WEU-PRT,rur,perm,mfh,2030,42.94894316366409
C-WEU-PRT,rur,perm,mfh,2035,42.13057110314227
C-WEU-PRT,rur,perm,mfh,2040,41.312199042620456
C-WEU-PRT,rur,perm,mfh,2045,40.49382698209864
C-WEU-PRT,rur,perm,mfh,2050,39.67545492157682
C-WEU-PRT,rur,perm,mfh,2055,39.67545492157682
C-WEU-PRT,rur,perm,mfh,2060,39.67545492157682
C-WEU-PRT,rur,perm,mfh,2065,39.67545492157682
C-WEU-PRT,rur,perm,mfh,2070,39.67545492157682
C-WEU-PRT,rur,perm,mfh,2075,39.67545492157682
C-WEU-PRT,rur,perm,mfh,2080,39.67545492157682
C-WEU-PRT,rur,perm,mfh,2085,39.67545492157682
C-WEU-PRT,rur,perm,mfh,2090,39.67545492157682
C-WEU-PRT,rur,perm,mfh,2095,39.67545492157682
C-WEU-PRT,rur,perm,mfh,2100,39.67545492157682
C-WEU-PRT,rur,perm,sfh,2015,49.86471162153879
C-WEU-PRT,rur,perm,sfh,2020,50.71286115729751
C-WEU-PRT,rur,perm,sfh,2025,51.5035120960085
C-WEU-PRT,rur,perm,sfh,2030,49.773956729232836
C-WEU-PRT,rur,perm,sfh,2035,48.04440136245718
C-WEU-PRT,rur,perm,sfh,2040,46.314845995681516
C-WEU-PRT,rur,perm,sfh,2045,44.58529062890585
C-WEU-PRT,rur,perm,sfh,2050,42.855735262130196
C-WEU-PRT,rur,perm,sfh,2055,42.855735262130196
C-WEU-PRT,rur,perm,sfh,2060,42.855735262130196
C-WEU-PRT,rur,perm,sfh,2065,42.855735262130196
C-WEU-PRT,rur,perm,sfh,2070,42.855735262130196
C-WEU-PRT,rur,perm,sfh,2075,42.855735262130196
C-WEU-PRT,rur,perm,sfh,2080,42.855735262130196
C-WEU-PRT,rur,perm,sfh,2085,42.855735262130196
C-WEU-PRT,rur,perm,sfh,2090,42.855735262130196
C-WEU-PRT,rur,perm,sfh,2095,42.855735262130196
C-WEU-PRT,rur,perm,sfh,2100,42.855735262130196
C-WEU-PRT,urb,perm,mfh,2015,38.62170660148433
C-WEU-PRT,urb,perm,mfh,2020,39.2786237077944
C-WEU-PRT,urb,perm,mfh,2025,39.870519525249385
C-WEU-PRT,urb,perm,mfh,2030,39.155761807918715
C-WEU-PRT,urb,perm,mfh,2035,38.44100409058804
C-WEU-PRT,urb,perm,mfh,2040,37.72624637325737
C-WEU-PRT,urb,perm,mfh,2045,37.01148865592669
C-WEU-PRT,urb,perm,mfh,2050,36.29673093859602
C-WEU-PRT,urb,perm,mfh,2055,36.29673093859602
C-WEU-PRT,urb,perm,mfh,2060,36.29673093859602
C-WEU-PRT,urb,perm,mfh,2065,36.29673093859602
C-WEU-PRT,urb,perm,mfh,2070,36.29673093859602
C-WEU-PRT,urb,perm,mfh,2075,36.29673093859602
C-WEU-PRT,urb,perm,mfh,2080,36.29673093859602
C-WEU-PRT,urb,perm,mfh,2085,36.29673093859602
C-WEU-PRT,urb,perm,mfh,2090,36.29673093859602
C-WEU-PRT,urb,perm,mfh,2095,36.29673093859602
C-WEU-PRT,urb,perm,mfh,2100,36.29673093859602
C-WEU-PRT,urb,perm,sfh,2015,47.35737259491313
C-WEU-PRT,urb,perm,sfh,2020,48.16287475379011
C-WEU-PRT,urb,perm,sfh,2025,48.91575767864438
C-WEU-PRT,urb,perm,sfh,2030,47.31712022116
C-WEU-PRT,urb,perm,sfh,2035,45.71848276367563
C-WEU-PRT,urb,perm,sfh,2040,44.11984530619125
C-WEU-PRT,urb,perm,sfh,2045,42.52120784870688
C-WEU-PRT,urb,perm,sfh,2050,40.9225703912225
C-WEU-PRT,urb,perm,sfh,2055,40.9225703912225
C-WEU-PRT,urb,perm,sfh,2060,40.9225703912225
C-WEU-PRT,urb,perm,sfh,2065,40.9225703912225
C-WEU-PRT,urb,perm,sfh,2070,40.9225703912225
C-WEU-PRT,urb,perm,sfh,2075,40.9225703912225
C-WEU-PRT,urb,perm,sfh,2080,40.9225703912225
C-WEU-PRT,urb,perm,sfh,2085,40.9225703912225
C-WEU-PRT,urb,perm,sfh,2090,40.9225703912225
C-WEU-PRT,urb,perm,sfh,2095,40.9225703912225
C-WEU-PRT,urb,perm,sfh,2100,40.9225703912225
C-WEU-SWE,rur,perm,mfh,2015,38.43900966887284
C-WEU-SWE,rur,perm,mfh,2020,38.37898141180752
C-WEU-SWE,rur,perm,mfh,2025,38.27181029723813
C-WEU-SWE,rur,perm,mfh,2030,37.556194543966086
C-WEU-SWE,rur,perm,mfh,2035,36.84057879069404
C-WEU-SWE,rur,perm,mfh,2040,36.124963037422
C-WEU-SWE,rur,perm,mfh,2045,35.40934728414995
C-WEU-SWE,rur,perm,mfh,2050,34.693731530877905
C-WEU-SWE,rur,perm,mfh,2055,34.693731530877905
C-WEU-SWE,rur,perm,mfh,2060,34.693731530877905
C-WEU-SWE,rur,perm,mfh,2065,34.693731530877905
C-WEU-SWE,rur,perm,mfh,2070,34.693731530877905
C-WEU-SWE,rur,perm,mfh,2075,34.693731530877905
C-WEU-SWE,rur,perm,mfh,2080,34.693731530877905
C-WEU-SWE,rur,perm,mfh,2085,34.693731530877905
C-WEU-SWE,rur,perm,mfh,2090,34.693731530877905
C-WEU-SWE,rur,perm,mfh,2095,34.693731530877905
C-WEU-SWE,rur,perm,mfh,2100,34.693731530877905
C-WEU-SWE,rur,perm,sfh,2015,48.542290638054006
C-WEU-SWE,rur,perm,sfh,2020,48.46648459623282
C-WEU-SWE,rur,perm,sfh,2025,48.3429295693883
C-WEU-SWE,rur,perm,sfh,2030,46.71951070182581
C-WEU-SWE,rur,perm,sfh,2035,45.09609183426332
C-WEU-SWE,rur,perm,sfh,2040,43.47267296670082
C-WEU-SWE,rur,perm,sfh,2045,41.84925409913833
C-WEU-SWE,rur,perm,sfh,2050,40.225835231575836
C-WEU-SWE,rur,perm,sfh,2055,40.225835231575836
C-WEU-SWE,rur,perm,sfh,2060,40.225835231575836
C-WEU-SWE,rur,perm,sfh,2065,40.225835231575836
C-WEU-SWE,rur,perm,sfh,2070,40.225835231575836
C-WEU-SWE,rur,perm,sfh,2075,40.225835231575836
C-WEU-SWE,rur,perm,sfh,2080,40.225835231575836
C-WEU-SWE,rur,perm,sfh,2085,40.225835231575836
C-WEU-SWE,rur,perm,sfh,2090,40.225835231575836
C-WEU-SWE,rur,perm,sfh,2095,40.225835231575836
C-WEU-SWE,rur,perm,sfh,2100,40.225835231575836
C-WEU-SWE,urb,perm,mfh,2015,35.152283418297195
C-WEU-SWE,urb,perm,mfh,2020,35.09738787378162
C-WEU-SWE,urb,perm,mfh,2025,35.00234487530268
C-WEU-SWE,urb,perm,mfh,2030,34.3748587922972
C-WEU-SWE,urb,perm,mfh,2035,33.74737270929172
C-WEU-SWE,urb,perm,mfh,2040,33.11988662628624
C-WEU-SWE,urb,perm,mfh,2045,32.49240054328075
C-WEU-SWE,urb,perm,mfh,2050,31.86491446027527
C-WEU-SWE,urb,perm,mfh,2055,31.86491446027527
C-WEU-SWE,urb,perm,mfh,2060,31.86491446027527
C-WEU-SWE,urb,perm,mfh,2065,31.86491446027527
C-WEU-SWE,urb,perm,mfh,2070,31.86491446027527
C-WEU-SWE,urb,perm,mfh,2075,31.86491446027527
C-WEU-SWE,urb,perm,mfh,2080,31.86491446027527
C-WEU-SWE,urb,perm,mfh,2085,31.86491446027527
C-WEU-SWE,urb,perm,mfh,2090,31.86491446027527
C-WEU-SWE,urb,perm,mfh,2095,31.86491446027527
C-WEU-SWE,urb,perm,mfh,2100,31.86491446027527
C-WEU-SWE,urb,perm,sfh,2015,46.5247769692856
C-WEU-SWE,urb,perm,sfh,2020,46.4521215768756
C-WEU-SWE,urb,perm,sfh,2025,46.33696906353637
C-WEU-SWE,urb,perm,sfh,2030,44.8226101344994
C-WEU-SWE,urb,perm,sfh,2035,43.308251205462426
C-WEU-SWE,urb,perm,sfh,2040,41.79389227642545
C-WEU-SWE,urb,perm,sfh,2045,40.27953334738848
C-WEU-SWE,urb,perm,sfh,2050,38.765174418351506
C-WEU-SWE,urb,perm,sfh,2055,38.765174418351506
C-WEU-SWE,urb,perm,sfh,2060,38.765174418351506
C-WEU-SWE,urb,perm,sfh,2065,38.765174418351506
C-WEU-SWE,urb,perm,sfh,2070,38.765174418351506
C-WEU-SWE,urb,perm,sfh,2075,38.765174418351506
C-WEU-SWE,urb,perm,sfh,2080,38.765174418351506
C-WEU-SWE,urb,perm,sfh,2085,38.765174418351506
C-WEU-SWE,urb,perm,sfh,2090,38.765174418351506
C-WEU-SWE,urb,perm,sfh,2095,38.765174418351506
C-WEU-SWE,urb,perm,sfh,2100,38.765174418351506
