region_bld,arch,eneff,value
C-EEU-BGR,inf,ns,530.6410649249999
C-EEU-BGR,mfh,s1,218.100407475
C-EEU-BGR,mfh,s2,208.502439775
C-EEU-BGR,mfh,s3,129.784562725
C-EEU-BGR,mfh,s51_std,95.15975679
C-EEU-BGR,mfh,s52_low,42.601216234999995
C-EEU-BGR,mfh,sr11_std,218.100407475
C-EEU-BGR,mfh,sr12_low,218.100407475
C-EEU-BGR,mfh,sr21_std,208.502439775
C-EEU-BGR,mfh,sr22_low,208.502439775
C-EEU-BGR,mfh,sr31_std,129.784562725
C-EEU-BGR,mfh,sr32_low,129.784562725
C-EEU-BGR,sfh,s1,530.6410649249999
C-EEU-BGR,sfh,s2,511.67971842500003
C-EEU-BGR,sfh,s3,320.56540792500004
C-EEU-BGR,sfh,s51_std,234.2705426
C-EEU-BGR,sfh,s52_low,97.978156305
C-EEU-BGR,sfh,sr11_std,530.6410649249999
C-EEU-BGR,sfh,sr12_low,530.6410649249999
C-EEU-BGR,sfh,sr21_std,511.67971842500003
C-EEU-BGR,sfh,sr22_low,511.67971842500003
C-EEU-BGR,sfh,sr31_std,320.56540792500004
C-EEU-BGR,sfh,sr32_low,320.56540792500004
C-EEU-CZE,inf,ns,630.20177715
C-EEU-CZE,mfh,s1,261.4801997
C-EEU-CZE,mfh,s2,249.8833239
C-EEU-CZE,mfh,s3,157.26678675
C-EEU-CZE,mfh,s51_std,116.55651985
C-EEU-CZE,mfh,s52_low,55.143941765
C-EEU-CZE,mfh,sr11_std,261.4801997
C-EEU-CZE,mfh,sr12_low,261.4801997
C-EEU-CZE,mfh,sr21_std,249.8833239
C-EEU-CZE,mfh,sr22_low,249.8833239
C-EEU-CZE,mfh,sr31_std,157.26678675
C-EEU-CZE,mfh,sr32_low,157.26678675
C-EEU-CZE,sfh,s1,630.20177715
C-EEU-CZE,sfh,s2,606.21388345
C-EEU-CZE,sfh,s3,381.2577811
C-EEU-CZE,sfh,s51_std,279.85888294999995
C-EEU-CZE,sfh,s52_low,119.96762294999999
C-EEU-CZE,sfh,sr11_std,630.20177715
C-EEU-CZE,sfh,sr12_low,630.20177715
C-EEU-CZE,sfh,sr21_std,606.21388345
C-EEU-CZE,sfh,sr22_low,606.21388345
C-EEU-CZE,sfh,sr31_std,381.2577811
C-EEU-CZE,sfh,sr32_low,381.2577811
C-EEU-EST,inf,ns,770.88617935
C-EEU-EST,mfh,s1,320.38067164999995
C-EEU-EST,mfh,s2,305.99769385
C-EEU-EST,mfh,s3,193.1695609
C-EEU-EST,mfh,s51_std,143.9038462
C-EEU-EST,mfh,s52_low,69.78474776
C-EEU-EST,mfh,sr11_std,320.38067164999995
C-EEU-EST,mfh,sr12_low,320.38067164999995
C-EEU-EST,mfh,sr21_std,305.99769385
C-EEU-EST,mfh,sr22_low,305.99769385
C-EEU-EST,mfh,sr31_std,193.1695609
C-EEU-EST,mfh,sr32_low,193.1695609
C-EEU-EST,sfh,s1,770.88617935
C-EEU-EST,sfh,s2,740.4461445
C-EEU-EST,sfh,s3,465.8414137
C-EEU-EST,sfh,s51_std,342.2507739
C-EEU-EST,sfh,s52_low,148.13089335
C-EEU-EST,sfh,sr11_std,770.88617935
C-EEU-EST,sfh,sr12_low,770.88617935
C-EEU-EST,sfh,sr21_std,740.4461445
C-EEU-EST,sfh,sr22_low,740.4461445
C-EEU-EST,sfh,sr31_std,465.8414137
C-EEU-EST,sfh,sr32_low,465.8414137
C-EEU-HRV,inf,ns,455.3342092
C-EEU-HRV,mfh,s1,184.6028235
C-EEU-HRV,mfh,s2,176.42498103333332
C-EEU-HRV,mfh,s3,108.20289697999999
C-EEU-HRV,mfh,s51_std,78.32499746333333
C-EEU-HRV,mfh,s52_low,33.52867791166667
C-EEU-HRV,mfh,sr11_std,184.6028235
C-EEU-HRV,mfh,sr12_low,184.6028235
C-EEU-HRV,mfh,sr21_std,176.42498103333332
C-EEU-HRV,mfh,sr22_low,176.42498103333332
C-EEU-HRV,mfh,sr31_std,108.20289697999999
C-EEU-HRV,mfh,sr32_low,108.20289697999999
C-EEU-HRV,sfh,s1,455.3342092
C-EEU-HRV,sfh,s2,439.56595553333335
C-EEU-HRV,sfh,s3,273.85118486666664
C-EEU-HRV,sfh,s51_std,198.94102383333333
C-EEU-HRV,sfh,s52_low,80.71347285
C-EEU-HRV,sfh,sr11_std,455.3342092
C-EEU-HRV,sfh,sr12_low,455.3342092
C-EEU-HRV,sfh,sr21_std,439.56595553333335
C-EEU-HRV,sfh,sr22_low,439.56595553333335
C-EEU-HRV,sfh,sr31_std,273.85118486666664
C-EEU-HRV,sfh,sr32_low,273.85118486666664
C-EEU-HUN,inf,ns,535.528464875
C-EEU-HUN,mfh,s1,220.9268449
C-EEU-HUN,mfh,s2,211.08892667499998
C-EEU-HUN,mfh,s3,132.165918175
C-EEU-HUN,mfh,s51_std,97.540886995
C-EEU-HUN,mfh,s52_low,44.754691275
C-EEU-HUN,mfh,sr11_std,220.9268449
C-EEU-HUN,mfh,sr12_low,220.9268449
C-EEU-HUN,mfh,sr21_std,211.08892667499998
C-EEU-HUN,mfh,sr22_low,211.08892667499998
C-EEU-HUN,mfh,sr31_std,132.165918175
C-EEU-HUN,mfh,sr32_low,132.165918175
C-EEU-HUN,sfh,s1,535.528464875
C-EEU-HUN,sfh,s2,515.536196525
C-EEU-HUN,sfh,s3,323.324893475
C-EEU-HUN,sfh,s51_std,236.7253347
C-EEU-HUN,sfh,s52_low,100.4347334775
C-EEU-HUN,sfh,sr11_std,535.528464875
C-EEU-HUN,sfh,sr12_low,535.528464875
C-EEU-HUN,sfh,sr21_std,515.536196525
C-EEU-HUN,sfh,sr22_low,515.536196525
C-EEU-HUN,sfh,sr31_std,323.324893475
C-EEU-HUN,sfh,sr32_low,323.324893475
C-EEU-LTU,inf,ns,715.8753386999999
C-EEU-LTU,mfh,s1,298.21106180000004
C-EEU-LTU,mfh,s2,284.8814386
C-EEU-LTU,mfh,s3,180.22569835000002
C-EEU-LTU,mfh,s51_std,134.25067575
C-EEU-LTU,mfh,s52_low,64.88108568999999
C-EEU-LTU,mfh,sr11_std,298.21106180000004
C-EEU-LTU,mfh,sr12_low,298.21106180000004
C-EEU-LTU,mfh,sr21_std,284.8814386
C-EEU-LTU,mfh,sr22_low,284.8814386
C-EEU-LTU,mfh,sr31_std,180.22569835000002
C-EEU-LTU,mfh,sr32_low,180.22569835000002
C-EEU-LTU,sfh,s1,715.8753386999999
C-EEU-LTU,sfh,s2,687.66652535
C-EEU-LTU,sfh,s3,433.1203359
C-EEU-LTU,sfh,s51_std,318.5204777
C-EEU-LTU,sfh,s52_low,138.17794229999998
C-EEU-LTU,sfh,sr11_std,715.8753386999999
C-EEU-LTU,sfh,sr12_low,715.8753386999999
C-EEU-LTU,sfh,sr21_std,687.66652535
C-EEU-LTU,sfh,sr22_low,687.66652535
C-EEU-LTU,sfh,sr31_std,433.1203359
C-EEU-LTU,sfh,sr32_low,433.1203359
C-EEU-LVA,inf,ns,735.23175795
C-EEU-LVA,mfh,s1,305.57942655
C-EEU-LVA,mfh,s2,291.8837779
C-EEU-LVA,mfh,s3,184.37667564999998
C-EEU-LVA,mfh,s51_std,137.34854515
C-EEU-LVA,mfh,s52_low,66.25852468
C-EEU-LVA,mfh,sr11_std,305.57942655
C-EEU-LVA,mfh,sr12_low,305.57942655
C-EEU-LVA,mfh,sr21_std,291.8837779
C-EEU-LVA,mfh,sr22_low,291.8837779
C-EEU-LVA,mfh,sr31_std,184.37667564999998
C-EEU-LVA,mfh,sr32_low,184.37667564999998
C-EEU-LVA,sfh,s1,735.23175795
C-EEU-LVA,sfh,s2,706.3238827499999
C-EEU-LVA,sfh,s3,444.4146659
C-EEU-LVA,sfh,s51_std,326.5187304
C-EEU-LVA,sfh,s52_low,141.37861550000002
C-EEU-LVA,sfh,sr11_std,735.23175795
C-EEU-LVA,sfh,sr12_low,735.23175795
C-EEU-LVA,sfh,sr21_std,706.3238827499999
C-EEU-LVA,sfh,sr22_low,706.3238827499999
C-EEU-LVA,sfh,sr31_std,444.4146659
C-EEU-LVA,sfh,sr32_low,444.4146659
C-EEU-POL,inf,ns,618.6643859000001
C-EEU-POL,mfh,s1,256.1723909
C-EEU-POL,mfh,s2,244.7465523
C-EEU-POL,mfh,s3,153.85545815
C-EEU-POL,mfh,s51_std,114.17214235
C-EEU-POL,mfh,s52_low,54.178672705
C-EEU-POL,mfh,sr11_std,256.1723909
C-EEU-POL,mfh,sr12_low,256.1723909
C-EEU-POL,mfh,sr21_std,244.7465523
C-EEU-POL,mfh,sr22_low,244.7465523
C-EEU-POL,mfh,sr31_std,153.85545815
C-EEU-POL,mfh,sr32_low,153.85545815
C-EEU-POL,sfh,s1,618.6643859000001
C-EEU-POL,sfh,s2,594.9256715500001
C-EEU-POL,sfh,s3,373.8265104
C-EEU-POL,sfh,s51_std,274.17987875
C-EEU-POL,sfh,s52_low,117.5275887
C-EEU-POL,sfh,sr11_std,618.6643859000001
C-EEU-POL,sfh,sr12_low,618.6643859000001
C-EEU-POL,sfh,sr21_std,594.9256715500001
C-EEU-POL,sfh,sr22_low,594.9256715500001
C-EEU-POL,sfh,sr31_std,373.8265104
C-EEU-POL,sfh,sr32_low,373.8265104
C-EEU-ROU,inf,ns,614.0304525833334
C-EEU-ROU,mfh,s1,254.1376358166667
C-EEU-ROU,mfh,s2,242.9266996
C-EEU-ROU,mfh,s3,152.30924706666667
C-EEU-ROU,mfh,s51_std,112.46507798
C-EEU-ROU,mfh,s52_low,52.13010997166666
C-EEU-ROU,mfh,sr11_std,254.1376358166667
C-EEU-ROU,mfh,sr12_low,254.1376358166667
C-EEU-ROU,mfh,sr21_std,242.9266996
C-EEU-ROU,mfh,sr22_low,242.9266996
C-EEU-ROU,mfh,sr31_std,152.30924706666667
C-EEU-ROU,mfh,sr32_low,152.30924706666667
C-EEU-ROU,sfh,s1,614.0304525833334
C-EEU-ROU,sfh,s2,591.2220324166667
C-EEU-ROU,sfh,s3,371.5081353
C-EEU-ROU,sfh,s51_std,272.37534976666666
C-EEU-ROU,sfh,s52_low,115.76119382
C-EEU-ROU,sfh,sr11_std,614.0304525833334
C-EEU-ROU,sfh,sr12_low,614.0304525833334
C-EEU-ROU,sfh,sr21_std,591.2220324166667
C-EEU-ROU,sfh,sr22_low,591.2220324166667
C-EEU-ROU,sfh,sr31_std,371.5081353
C-EEU-ROU,sfh,sr32_low,371.5081353
C-EEU-SVK,inf,ns,663.01807565
C-EEU-SVK,mfh,s1,275.45854955
C-EEU-SVK,mfh,s2,263.29039245
C-EEU-SVK,mfh,s3,165.72299995
C-EEU-SVK,mfh,s51_std,122.813144825
C-EEU-SVK,mfh,s52_low,58.0218886925
C-EEU-SVK,mfh,sr11_std,275.45854955
C-EEU-SVK,mfh,sr12_low,275.45854955
C-EEU-SVK,mfh,sr21_std,263.29039245
C-EEU-SVK,mfh,sr22_low,263.29039245
C-EEU-SVK,mfh,sr31_std,165.72299995
C-EEU-SVK,mfh,sr32_low,165.72299995
C-EEU-SVK,sfh,s1,663.01807565
C-EEU-SVK,sfh,s2,637.879979225
C-EEU-SVK,sfh,s3,401.5008003
C-EEU-SVK,sfh,s51_std,294.868103475
C-EEU-SVK,sfh,s52_low,126.39128852500001
C-EEU-SVK,sfh,sr11_std,663.01807565
C-EEU-SVK,sfh,sr12_low,663.01807565
C-EEU-SVK,sfh,sr21_std,637.879979225
C-EEU-SVK,sfh,sr22_low,637.879979225
C-EEU-SVK,sfh,sr31_std,401.5008003
C-EEU-SVK,sfh,sr32_low,401.5008003
C-EEU-SVN,inf,ns,603.7745965500001
C-EEU-SVN,mfh,s1,246.2374294
C-EEU-SVN,mfh,s2,235.3555354
C-EEU-SVN,mfh,s3,145.37721145
C-EEU-SVN,mfh,s51_std,105.903187
C-EEU-SVN,mfh,s52_low,46.5528999
C-EEU-SVN,mfh,sr11_std,246.2374294
C-EEU-SVN,mfh,sr12_low,246.2374294
C-EEU-SVN,mfh,sr21_std,235.3555354
C-EEU-SVN,mfh,sr22_low,235.3555354
C-EEU-SVN,mfh,sr31_std,145.37721145
C-EEU-SVN,mfh,sr32_low,145.37721145
C-EEU-SVN,sfh,s1,603.7745965500001
C-EEU-SVN,sfh,s2,582.46570185
C-EEU-SVN,sfh,s3,363.856264
C-EEU-SVN,sfh,s51_std,264.9834839
C-EEU-SVN,sfh,s52_low,109.08725965
C-EEU-SVN,sfh,sr11_std,603.7745965500001
C-EEU-SVN,sfh,sr12_low,603.7745965500001
C-EEU-SVN,sfh,sr21_std,582.46570185
C-EEU-SVN,sfh,sr22_low,582.46570185
C-EEU-SVN,sfh,sr31_std,363.856264
C-EEU-SVN,sfh,sr32_low,363.856264
C-WEU-AUT,inf,ns,917.6560179500001
C-WEU-AUT,mfh,s1,377.7165637666667
C-WEU-AUT,mfh,s2,258.91328346666666
C-WEU-AUT,mfh,s3,128.41288168333332
C-WEU-AUT,mfh,s51_std,93.74891847833334
C-WEU-AUT,mfh,s52_low,50.44688080333333
C-WEU-AUT,mfh,sr11_std,377.7165637666667
C-WEU-AUT,mfh,sr12_low,377.7165637666667
C-WEU-AUT,mfh,sr21_std,258.91328346666666
C-WEU-AUT,mfh,sr22_low,258.91328346666666
C-WEU-AUT,mfh,sr31_std,128.41288168333332
C-WEU-AUT,mfh,sr32_low,128.41288168333332
C-WEU-AUT,sfh,s1,917.6560179500001
C-WEU-AUT,sfh,s2,633.3419483666667
C-WEU-AUT,sfh,s3,315.21302166666663
C-WEU-AUT,sfh,s51_std,228.15983831666668
C-WEU-AUT,sfh,s52_low,115.31882684333334
C-WEU-AUT,sfh,sr11_std,917.6560179500001
C-WEU-AUT,sfh,sr12_low,917.6560179500001
C-WEU-AUT,sfh,sr21_std,633.3419483666667
C-WEU-AUT,sfh,sr22_low,633.3419483666667
C-WEU-AUT,sfh,sr31_std,315.21302166666663
C-WEU-AUT,sfh,sr32_low,315.21302166666663
C-WEU-BEL,inf,ns,761.6052425
C-WEU-BEL,mfh,s1,309.7783363
C-WEU-BEL,mfh,s2,210.27751105
C-WEU-BEL,mfh,s3,102.62673605
C-WEU-BEL,mfh,s51_std,74.75865106
C-WEU-BEL,mfh,s52_low,40.026095275
C-WEU-BEL,mfh,sr11_std,309.7783363
C-WEU-BEL,mfh,sr12_low,309.7783363
C-WEU-BEL,mfh,sr21_std,210.27751105
C-WEU-BEL,mfh,sr22_low,210.27751105
C-WEU-BEL,mfh,sr31_std,102.62673605
C-WEU-BEL,mfh,sr32_low,102.62673605
C-WEU-BEL,sfh,s1,761.6052425
C-WEU-BEL,sfh,s2,523.6902627
C-WEU-BEL,sfh,s3,257.2450311
C-WEU-BEL,sfh,s51_std,184.59069895
C-WEU-BEL,sfh,s52_low,92.09182694500001
C-WEU-BEL,sfh,sr11_std,761.6052425
C-WEU-BEL,sfh,sr12_low,761.6052425
C-WEU-BEL,sfh,sr21_std,523.6902627
C-WEU-BEL,sfh,sr22_low,523.6902627
C-WEU-BEL,sfh,sr31_std,257.2450311
C-WEU-BEL,sfh,sr32_low,257.2450311
C-WEU-CYP,inf,ns,271.2024267
C-WEU-CYP,mfh,s1,101.49537421
C-WEU-CYP,mfh,s2,63.443650815
C-WEU-CYP,mfh,s3,22.637033905000003
C-WEU-CYP,mfh,s51_std,12.48135572
C-WEU-CYP,mfh,s52_low,2.18500507
C-WEU-CYP,mfh,sr11_std,101.49537421
C-WEU-CYP,mfh,sr12_low,101.49537421
C-WEU-CYP,mfh,sr21_std,63.443650815
C-WEU-CYP,mfh,sr22_low,63.443650815
C-WEU-CYP,mfh,sr31_std,22.637033905000003
C-WEU-CYP,mfh,sr32_low,22.637033905000003
C-WEU-CYP,sfh,s1,271.2024267
C-WEU-CYP,sfh,s2,181.79377104999998
C-WEU-CYP,sfh,s3,80.79095079000001
C-WEU-CYP,sfh,s51_std,53.46183644
C-WEU-CYP,sfh,s52_low,18.71582479
C-WEU-CYP,sfh,sr11_std,271.2024267
C-WEU-CYP,sfh,sr12_low,271.2024267
C-WEU-CYP,sfh,sr21_std,181.79377104999998
C-WEU-CYP,sfh,sr22_low,181.79377104999998
C-WEU-CYP,sfh,sr31_std,80.79095079000001
C-WEU-CYP,sfh,sr32_low,80.79095079000001
C-WEU-DEU,inf,ns,819.603160225
C-WEU-DEU,mfh,s1,336.43239385
C-WEU-DEU,mfh,s2,230.2608304
C-WEU-DEU,mfh,s3,114.33748415
C-WEU-DEU,mfh,s51_std,83.94996668
C-WEU-DEU,mfh,s52_low,46.11694415
C-WEU-DEU,mfh,sr11_std,336.43239385
C-WEU-DEU,mfh,sr12_low,336.43239385
C-WEU-DEU,mfh,sr21_std,230.2608304
C-WEU-DEU,mfh,sr22_low,230.2608304
C-WEU-DEU,mfh,sr31_std,114.33748415
C-WEU-DEU,mfh,sr32_low,114.33748415
C-WEU-DEU,sfh,s1,819.603160225
C-WEU-DEU,sfh,s2,565.147381625
C-WEU-DEU,sfh,s3,280.592385
C-WEU-DEU,sfh,s51_std,202.814459175
C-WEU-DEU,sfh,s52_low,102.8493022725
C-WEU-DEU,sfh,sr11_std,819.603160225
C-WEU-DEU,sfh,sr12_low,819.603160225
C-WEU-DEU,sfh,sr21_std,565.147381625
C-WEU-DEU,sfh,sr22_low,565.147381625
C-WEU-DEU,sfh,sr31_std,280.592385
C-WEU-DEU,sfh,sr32_low,280.592385
C-WEU-DNK,inf,ns,953.0098954499999
C-WEU-DNK,mfh,s1,390.4825389
C-WEU-DNK,mfh,s2,266.5966092
C-WEU-DNK,mfh,s3,131.4893473
C-WEU-DNK,mfh,s51_std,96.64561309
C-WEU-DNK,mfh,s52_low,53.918409725000004
C-WEU-DNK,mfh,sr11_std,390.4825389
C-WEU-DNK,mfh,sr12_low,390.4825389
C-WEU-DNK,mfh,sr21_std,266.5966092
C-WEU-DNK,mfh,sr22_low,266.5966092
C-WEU-DNK,mfh,sr31_std,131.4893473
C-WEU-DNK,mfh,sr32_low,131.4893473
C-WEU-DNK,sfh,s1,953.0098954499999
C-WEU-DNK,sfh,s2,656.8731369
C-WEU-DNK,sfh,s3,325.33651905
C-WEU-DNK,sfh,s51_std,234.53909185
C-WEU-DNK,sfh,s52_low,118.2314992
C-WEU-DNK,sfh,sr11_std,953.0098954499999
C-WEU-DNK,sfh,sr12_low,953.0098954499999
C-WEU-DNK,sfh,sr21_std,656.8731369
C-WEU-DNK,sfh,sr22_low,656.8731369
C-WEU-DNK,sfh,sr31_std,325.33651905
C-WEU-DNK,sfh,sr32_low,325.33651905
C-WEU-ESP,inf,ns,482.15613491000005
C-WEU-ESP,mfh,s1,187.77419709999998
C-WEU-ESP,mfh,s2,122.293527221
C-WEU-ESP,mfh,s3,51.816187914
C-WEU-ESP,mfh,s51_std,33.93970504
C-WEU-ESP,mfh,s52_low,13.6054610352
C-WEU-ESP,mfh,sr11_std,187.77419709999998
C-WEU-ESP,mfh,sr12_low,187.77419709999998
C-WEU-ESP,mfh,sr21_std,122.293527221
C-WEU-ESP,mfh,sr22_low,122.293527221
C-WEU-ESP,mfh,sr31_std,51.816187914
C-WEU-ESP,mfh,sr32_low,51.816187914
C-WEU-ESP,sfh,s1,482.15613491000005
C-WEU-ESP,sfh,s2,327.09871761
C-WEU-ESP,sfh,s3,152.54762406
C-WEU-ESP,sfh,s51_std,105.212898712
C-WEU-ESP,sfh,s52_low,44.974814472000006
C-WEU-ESP,sfh,sr11_std,482.15613491000005
C-WEU-ESP,sfh,sr12_low,482.15613491000005
C-WEU-ESP,sfh,sr21_std,327.09871761
C-WEU-ESP,sfh,sr22_low,327.09871761
C-WEU-ESP,sfh,sr31_std,152.54762406
C-WEU-ESP,sfh,sr32_low,152.54762406
C-WEU-FIN,inf,ns,1295.448324
C-WEU-FIN,mfh,s1,540.226221675
C-WEU-FIN,mfh,s2,374.884458225
C-WEU-FIN,mfh,s3,193.36779945
C-WEU-FIN,mfh,s51_std,145.1054006
C-WEU-FIN,mfh,s52_low,84.6182404975
C-WEU-FIN,mfh,sr11_std,540.226221675
C-WEU-FIN,mfh,sr12_low,540.226221675
C-WEU-FIN,mfh,sr21_std,374.884458225
C-WEU-FIN,mfh,sr22_low,374.884458225
C-WEU-FIN,mfh,sr31_std,193.36779945
C-WEU-FIN,mfh,sr32_low,193.36779945
C-WEU-FIN,sfh,s1,1295.448324
C-WEU-FIN,sfh,s2,897.77322065
C-WEU-FIN,sfh,s3,453.93934082500004
C-WEU-FIN,sfh,s51_std,332.3312274
C-WEU-FIN,sfh,s52_low,175.15821065
C-WEU-FIN,sfh,sr11_std,1295.448324
C-WEU-FIN,sfh,sr12_low,1295.448324
C-WEU-FIN,sfh,sr21_std,897.77322065
C-WEU-FIN,sfh,sr22_low,897.77322065
C-WEU-FIN,sfh,sr31_std,453.93934082500004
C-WEU-FIN,sfh,sr32_low,453.93934082500004
C-WEU-FRA,inf,ns,662.0208062166666
C-WEU-FRA,mfh,s1,266.8338794833333
C-WEU-FRA,mfh,s2,179.65409831666668
C-WEU-FRA,mfh,s3,84.85688587166668
C-WEU-FRA,mfh,s51_std,60.10803364333333
C-WEU-FRA,mfh,s52_low,29.812523158333335
C-WEU-FRA,mfh,sr11_std,266.8338794833333
C-WEU-FRA,mfh,sr12_low,266.8338794833333
C-WEU-FRA,mfh,sr21_std,179.65409831666668
C-WEU-FRA,mfh,sr22_low,179.65409831666668
C-WEU-FRA,mfh,sr31_std,84.85688587166668
C-WEU-FRA,mfh,sr32_low,84.85688587166668
C-WEU-FRA,sfh,s1,662.0208062166666
C-WEU-FRA,sfh,s2,453.8602272
C-WEU-FRA,sfh,s3,220.62303666666665
C-WEU-FRA,sfh,s51_std,157.05751401666666
C-WEU-FRA,sfh,s52_low,75.48051672166666
C-WEU-FRA,sfh,sr11_std,662.0208062166666
C-WEU-FRA,sfh,sr12_low,662.0208062166666
C-WEU-FRA,sfh,sr21_std,453.8602272
C-WEU-FRA,sfh,sr22_low,453.8602272
C-WEU-FRA,sfh,sr31_std,220.62303666666665
C-WEU-FRA,sfh,sr32_low,220.62303666666665
C-WEU-GRC,inf,ns,498.547626025
C-WEU-GRC,mfh,s1,199.718637125
C-WEU-GRC,mfh,s2,133.57820475
C-WEU-GRC,mfh,s3,61.4483055225
C-WEU-GRC,mfh,s51_std,42.5430285575
C-WEU-GRC,mfh,s52_low,19.5638024825
C-WEU-GRC,mfh,sr11_std,199.718637125
C-WEU-GRC,mfh,sr12_low,199.718637125
C-WEU-GRC,mfh,sr21_std,133.57820475
C-WEU-GRC,mfh,sr22_low,133.57820475
C-WEU-GRC,mfh,sr31_std,61.4483055225
C-WEU-GRC,mfh,sr32_low,61.4483055225
C-WEU-GRC,sfh,s1,498.547626025
C-WEU-GRC,sfh,s2,341.157019575
C-WEU-GRC,sfh,s3,164.53876355
C-WEU-GRC,sfh,s51_std,116.373582755
C-WEU-GRC,sfh,s52_low,54.276625942500004
C-WEU-GRC,sfh,sr11_std,498.547626025
C-WEU-GRC,sfh,sr12_low,498.547626025
C-WEU-GRC,sfh,sr21_std,341.157019575
C-WEU-GRC,sfh,sr22_low,341.157019575
C-WEU-GRC,sfh,sr31_std,164.53876355
C-WEU-GRC,sfh,sr32_low,164.53876355
C-WEU-IRL,inf,ns,843.67298655
C-WEU-IRL,mfh,s1,344.5713604
C-WEU-IRL,mfh,s2,234.06786945
C-WEU-IRL,mfh,s3,112.2251572
C-WEU-IRL,mfh,s51_std,80.122997145
C-WEU-IRL,mfh,s52_low,41.5653186
C-WEU-IRL,mfh,sr11_std,344.5713604
C-WEU-IRL,mfh,sr12_low,344.5713604
C-WEU-IRL,mfh,sr21_std,234.06786945
C-WEU-IRL,mfh,sr22_low,234.06786945
C-WEU-IRL,mfh,sr31_std,112.2251572
C-WEU-IRL,mfh,sr32_low,112.2251572
C-WEU-IRL,sfh,s1,843.67298655
C-WEU-IRL,sfh,s2,581.06523335
C-WEU-IRL,sfh,s3,286.4058168
C-WEU-IRL,sfh,s51_std,205.28601985
C-WEU-IRL,sfh,s52_low,100.065025535
C-WEU-IRL,sfh,sr11_std,843.67298655
C-WEU-IRL,sfh,sr12_low,843.67298655
C-WEU-IRL,sfh,sr21_std,581.06523335
C-WEU-IRL,sfh,sr22_low,581.06523335
C-WEU-IRL,sfh,sr31_std,286.4058168
C-WEU-IRL,sfh,sr32_low,286.4058168
C-WEU-ITA,inf,ns,648.47513315
C-WEU-ITA,mfh,s1,261.5876958
C-WEU-ITA,mfh,s2,176.20732124625
C-WEU-ITA,mfh,s3,83.13725161125
C-WEU-ITA,mfh,s51_std,58.65560003
C-WEU-ITA,mfh,s52_low,28.58617181
C-WEU-ITA,mfh,sr11_std,261.5876958
C-WEU-ITA,mfh,sr12_low,261.5876958
C-WEU-ITA,mfh,sr21_std,176.20732124625
C-WEU-ITA,mfh,sr22_low,176.20732124625
C-WEU-ITA,mfh,sr31_std,83.13725161125
C-WEU-ITA,mfh,sr32_low,83.13725161125
C-WEU-ITA,sfh,s1,648.47513315
C-WEU-ITA,sfh,s2,444.6986315875
C-WEU-ITA,sfh,s3,216.3174307375
C-WEU-ITA,sfh,s51_std,154.0648462375
C-WEU-ITA,sfh,s52_low,73.87540382375
C-WEU-ITA,sfh,sr11_std,648.47513315
C-WEU-ITA,sfh,sr12_low,648.47513315
C-WEU-ITA,sfh,sr21_std,444.6986315875
C-WEU-ITA,sfh,sr22_low,444.6986315875
C-WEU-ITA,sfh,sr31_std,216.3174307375
C-WEU-ITA,sfh,sr32_low,216.3174307375
C-WEU-LUX,inf,ns,857.9219601
C-WEU-LUX,mfh,s1,352.34177975
C-WEU-LUX,mfh,s2,241.06685355000002
C-WEU-LUX,mfh,s3,119.14695445000001
C-WEU-LUX,mfh,s51_std,87.19672721
C-WEU-LUX,mfh,s52_low,47.70886119
C-WEU-LUX,mfh,sr11_std,352.34177975
C-WEU-LUX,mfh,sr12_low,352.34177975
C-WEU-LUX,mfh,sr21_std,241.06685355000002
C-WEU-LUX,mfh,sr22_low,241.06685355000002
C-WEU-LUX,mfh,sr31_std,119.14695445000001
C-WEU-LUX,mfh,sr32_low,119.14695445000001
C-WEU-LUX,sfh,s1,857.9219601
C-WEU-LUX,sfh,s2,591.68737995
C-WEU-LUX,sfh,s3,293.80288885000004
C-WEU-LUX,sfh,s51_std,212.23168955
C-WEU-LUX,sfh,s52_low,107.03112905
C-WEU-LUX,sfh,sr11_std,857.9219601
C-WEU-LUX,sfh,sr12_low,857.9219601
C-WEU-LUX,sfh,sr21_std,591.68737995
C-WEU-LUX,sfh,sr22_low,591.68737995
C-WEU-LUX,sfh,sr31_std,293.80288885000004
C-WEU-LUX,sfh,sr32_low,293.80288885000004
C-WEU-MLT,inf,ns,215.2469393
C-WEU-MLT,mfh,s1,76.79914704
C-WEU-MLT,mfh,s2,45.85207116
C-WEU-MLT,mfh,s3,13.51724763
C-WEU-MLT,mfh,s51_std,6.134871088
C-WEU-MLT,mfh,s52_low,0.639791826
C-WEU-MLT,mfh,sr11_std,76.79914704
C-WEU-MLT,mfh,sr12_low,76.79914704
C-WEU-MLT,mfh,sr21_std,45.85207116
C-WEU-MLT,mfh,sr22_low,45.85207116
C-WEU-MLT,mfh,sr31_std,13.51724763
C-WEU-MLT,mfh,sr32_low,13.51724763
C-WEU-MLT,sfh,s1,215.2469393
C-WEU-MLT,sfh,s2,142.2540551
C-WEU-MLT,sfh,s3,59.77766218
C-WEU-MLT,sfh,s51_std,37.72055721
C-WEU-MLT,sfh,s52_low,10.60442279
C-WEU-MLT,sfh,sr11_std,215.2469393
C-WEU-MLT,sfh,sr12_low,215.2469393
C-WEU-MLT,sfh,sr21_std,142.2540551
C-WEU-MLT,sfh,sr22_low,142.2540551
C-WEU-MLT,sfh,sr31_std,59.77766218
C-WEU-MLT,sfh,sr32_low,59.77766218
C-WEU-NLD,inf,ns,811.237494425
C-WEU-NLD,mfh,s1,330.371669
C-WEU-NLD,mfh,s2,224.39740055
C-WEU-NLD,mfh,s3,109.38285665000001
C-WEU-NLD,mfh,s51_std,79.836616345
C-WEU-NLD,mfh,s52_low,43.243390805
C-WEU-NLD,mfh,sr11_std,330.371669
C-WEU-NLD,mfh,sr12_low,330.371669
C-WEU-NLD,mfh,sr21_std,224.39740055
C-WEU-NLD,mfh,sr22_low,224.39740055
C-WEU-NLD,mfh,sr31_std,109.38285665000001
C-WEU-NLD,mfh,sr32_low,109.38285665000001
C-WEU-NLD,sfh,s1,811.237494425
C-WEU-NLD,sfh,s2,558.08306665
C-WEU-NLD,sfh,s3,274.44046034999997
C-WEU-NLD,sfh,s51_std,196.98854212499998
C-WEU-NLD,sfh,s52_low,98.1517330075
C-WEU-NLD,sfh,sr11_std,811.237494425
C-WEU-NLD,sfh,sr12_low,811.237494425
C-WEU-NLD,sfh,sr21_std,558.08306665
C-WEU-NLD,sfh,sr22_low,558.08306665
C-WEU-NLD,sfh,sr31_std,274.44046034999997
C-WEU-NLD,sfh,sr32_low,274.44046034999997
C-WEU-PRT,inf,ns,338.77951725
C-WEU-PRT,mfh,s1,125.25337841250001
C-WEU-PRT,mfh,s2,77.76721331249999
C-WEU-PRT,mfh,s3,28.22118141
C-WEU-PRT,mfh,s51_std,16.6380236045
C-WEU-PRT,mfh,s52_low,4.9196520415
C-WEU-PRT,mfh,sr11_std,125.25337841250001
C-WEU-PRT,mfh,sr12_low,125.25337841250001
C-WEU-PRT,mfh,sr21_std,77.76721331249999
C-WEU-PRT,mfh,sr22_low,77.76721331249999
C-WEU-PRT,mfh,sr31_std,28.22118141
C-WEU-PRT,mfh,sr32_low,28.22118141
C-WEU-PRT,sfh,s1,338.77951725
C-WEU-PRT,sfh,s2,226.154233775
C-WEU-PRT,sfh,s3,99.3336026275
C-WEU-PRT,sfh,s51_std,65.4305214375
C-WEU-PRT,sfh,s52_low,23.694706725
C-WEU-PRT,sfh,sr11_std,338.77951725
C-WEU-PRT,sfh,sr12_low,338.77951725
C-WEU-PRT,sfh,sr21_std,226.154233775
C-WEU-PRT,sfh,sr22_low,226.154233775
C-WEU-PRT,sfh,sr31_std,99.3336026275
C-WEU-PRT,sfh,sr32_low,99.3336026275
C-WEU-SWE,inf,ns,1060.0060106249998
C-WEU-SWE,mfh,s1,437.33133405
C-WEU-SWE,mfh,s2,300.49451145
C-WEU-SWE,mfh,s3,150.74319455
C-WEU-SWE,mfh,s51_std,111.490363855
C-WEU-SWE,mfh,s52_low,63.015633315
C-WEU-SWE,mfh,sr11_std,437.33133405
C-WEU-SWE,mfh,sr12_low,437.33133405
C-WEU-SWE,mfh,sr21_std,300.49451145
C-WEU-SWE,mfh,sr22_low,300.49451145
C-WEU-SWE,mfh,sr31_std,150.74319455
C-WEU-SWE,mfh,sr32_low,150.74319455
C-WEU-SWE,sfh,s1,1060.0060106249998
C-WEU-SWE,sfh,s2,732.1670637
C-WEU-SWE,sfh,s3,365.59512870000003
C-WEU-SWE,sfh,s51_std,265.1590726
C-WEU-SWE,sfh,s52_low,135.87565885
C-WEU-SWE,sfh,sr11_std,1060.0060106249998
C-WEU-SWE,sfh,sr12_low,1060.0060106249998
C-WEU-SWE,sfh,sr21_std,732.1670637
C-WEU-SWE,sfh,sr22_low,732.1670637
C-WEU-SWE,sfh,sr31_std,365.59512870000003
C-WEU-SWE,sfh,sr32_low,365.59512870000003
