region_gea,year,region_bld,value
EEU,2015,C-EEU-BGR,5.0
EEU,2015,C-EEU-CZE,5.0
EEU,2015,C-EEU-EST,5.0
EEU,2015,C-EEU-HRV,5.0
EEU,2015,C-EEU-HUN,5.0
EEU,2015,C-EEU-LTU,5.0
EEU,2015,C-EEU-LVA,5.0
EEU,2015,C-EEU-POL,5.0
EEU,2015,C-EEU-ROU,5.0
EEU,2015,C-EEU-SVK,5.0
EEU,2015,C-EEU-SVN,5.0
EEU,2020,C-EEU-BGR,5.0
EEU,2020,C-EEU-CZE,5.0
EEU,2020,C-EEU-EST,5.0
EEU,2020,C-EEU-HRV,5.0
EEU,2020,C-EEU-HUN,5.0
EEU,2020,C-EEU-LTU,5.0
EEU,2020,C-EEU-LVA,5.0
EEU,2020,C-EEU-POL,5.0
EEU,2020,C-EEU-ROU,5.0
EEU,2020,C-EEU-SVK,5.0
EEU,2020,C-EEU-SVN,5.0
EEU,2025,C-EEU-BGR,5.0
EEU,2025,C-EEU-CZE,5.0
EEU,2025,C-EEU-EST,5.0
EEU,2025,C-EEU-HRV,5.0
EEU,2025,C-EEU-HUN,5.0
EEU,2025,C-EEU-LTU,5.0
EEU,2025,C-EEU-LVA,5.0
EEU,2025,C-EEU-POL,5.0
EEU,2025,C-EEU-ROU,5.0
EEU,2025,C-EEU-SVK,5.0
EEU,2025,C-EEU-SVN,5.0
EEU,2030,C-EEU-BGR,5.0
EEU,2030,C-EEU-CZE,5.0
EEU,2030,C-EEU-EST,5.0
EEU,2030,C-EEU-HRV,5.0
EEU,2030,C-EEU-HUN,5.0
EEU,2030,C-EEU-LTU,5.0
EEU,2030,C-EEU-LVA,5.0
EEU,2030,C-EEU-POL,5.0
EEU,2030,C-EEU-ROU,5.0
EEU,2030,C-EEU-SVK,5.0
EEU,2030,C-EEU-SVN,5.0
EEU,2035,C-EEU-BGR,5.0
EEU,2035,C-EEU-CZE,5.0
EEU,2035,C-EEU-EST,5.0
EEU,2035,C-EEU-HRV,5.0
EEU,2035,C-EEU-HUN,5.0
EEU,2035,C-EEU-LTU,5.0
EEU,2035,C-EEU-LVA,5.0
EEU,2035,C-EEU-POL,5.0
EEU,2035,C-EEU-ROU,5.0
EEU,2035,C-EEU-SVK,5.0
EEU,2035,C-EEU-SVN,5.0
EEU,2040,C-EEU-BGR,5.0
EEU,2040,C-EEU-CZE,5.0
EEU,2040,C-EEU-EST,5.0
EEU,2040,C-EEU-HRV,5.0
EEU,2040,C-EEU-HUN,5.0
EEU,2040,C-EEU-LTU,5.0
EEU,2040,C-EEU-LVA,5.0
EEU,2040,C-EEU-POL,5.0
EEU,2040,C-EEU-ROU,5.0
EEU,2040,C-EEU-SVK,5.0
EEU,2040,C-EEU-SVN,5.0
EEU,2045,C-EEU-BGR,5.0
EEU,2045,C-EEU-CZE,5.0
EEU,2045,C-EEU-EST,5.0
EEU,2045,C-EEU-HRV,5.0
EEU,2045,C-EEU-HUN,5.0
EEU,2045,C-EEU-LTU,5.0
EEU,2045,C-EEU-LVA,5.0
EEU,2045,C-EEU-POL,5.0
EEU,2045,C-EEU-ROU,5.0
EEU,2045,C-EEU-SVK,5.0
EEU,2045,C-EEU-SVN,5.0
EEU,2050,C-EEU-BGR,5.0
EEU,2050,C-EEU-CZE,5.0
EEU,2050,C-EEU-EST,5.0
EEU,2050,C-EEU-HRV,5.0
EEU,2050,C-EEU-HUN,5.0
EEU,2050,C-EEU-LTU,5.0
EEU,2050,C-EEU-LVA,5.0
EEU,2050,C-EEU-POL,5.0
EEU,2050,C-EEU-ROU,5.0
EEU,2050,C-EEU-SVK,5.0
EEU,2050,C-EEU-SVN,5.0
EEU,2055,C-EEU-BGR,5.0
EEU,2055,C-EEU-CZE,5.0
EEU,2055,C-EEU-EST,5.0
EEU,2055,C-EEU-HRV,5.0
EEU,2055,C-EEU-HUN,5.0
EEU,2055,C-EEU-LTU,5.0
EEU,2055,C-EEU-LVA,5.0
EEU,2055,C-EEU-POL,5.0
EEU,2055,C-EEU-ROU,5.0
EEU,2055,C-EEU-SVK,5.0
EEU,2055,C-EEU-SVN,5.0
EEU,2060,C-EEU-BGR,5.0
EEU,2060,C-EEU-CZE,5.0
EEU,2060,C-EEU-EST,5.0
EEU,2060,C-EEU-HRV,5.0
EEU,2060,C-EEU-HUN,5.0
EEU,2060,C-EEU-LTU,5.0
EEU,2060,C-EEU-LVA,5.0
EEU,2060,C-EEU-POL,5.0
EEU,2060,C-EEU-ROU,5.0
EEU,2060,C-EEU-SVK,5.0
EEU,2060,C-EEU-SVN,5.0
EEU,2065,C-EEU-BGR,5.0
EEU,2065,C-EEU-CZE,5.0
EEU,2065,C-EEU-EST,5.0
EEU,2065,C-EEU-HRV,5.0
EEU,2065,C-EEU-HUN,5.0
EEU,2065,C-EEU-LTU,5.0
EEU,2065,C-EEU-LVA,5.0
EEU,2065,C-EEU-POL,5.0
EEU,2065,C-EEU-ROU,5.0
EEU,2065,C-EEU-SVK,5.0
EEU,2065,C-EEU-SVN,5.0
EEU,2070,C-EEU-BGR,5.0
EEU,2070,C-EEU-CZE,5.0
EEU,2070,C-EEU-EST,5.0
EEU,2070,C-EEU-HRV,5.0
EEU,2070,C-EEU-HUN,5.0
EEU,2070,C-EEU-LTU,5.0
EEU,2070,C-EEU-LVA,5.0
EEU,2070,C-EEU-POL,5.0
EEU,2070,C-EEU-ROU,5.0
EEU,2070,C-EEU-SVK,5.0
EEU,2070,C-EEU-SVN,5.0
EEU,2075,C-EEU-BGR,5.0
EEU,2075,C-EEU-CZE,5.0
EEU,2075,C-EEU-EST,5.0
EEU,2075,C-EEU-HRV,5.0
EEU,2075,C-EEU-HUN,5.0
EEU,2075,C-EEU-LTU,5.0
EEU,2075,C-EEU-LVA,5.0
EEU,2075,C-EEU-POL,5.0
EEU,2075,C-EEU-ROU,5.0
EEU,2075,C-EEU-SVK,5.0
EEU,2075,C-EEU-SVN,5.0
EEU,2080,C-EEU-BGR,5.0
EEU,2080,C-EEU-CZE,5.0
EEU,2080,C-EEU-EST,5.0
EEU,2080,C-EEU-HRV,5.0
EEU,2080,C-EEU-HUN,5.0
EEU,2080,C-EEU-LTU,5.0
EEU,2080,C-EEU-LVA,5.0
EEU,2080,C-EEU-POL,5.0
EEU,2080,C-EEU-ROU,5.0
EEU,2080,C-EEU-SVK,5.0
EEU,2080,C-EEU-SVN,5.0
EEU,2085,C-EEU-BGR,5.0
EEU,2085,C-EEU-CZE,5.0
EEU,2085,C-EEU-EST,5.0
EEU,2085,C-EEU-HRV,5.0
EEU,2085,C-EEU-HUN,5.0
EEU,2085,C-EEU-LTU,5.0
EEU,2085,C-EEU-LVA,5.0
EEU,2085,C-EEU-POL,5.0
EEU,2085,C-EEU-ROU,5.0
EEU,2085,C-EEU-SVK,5.0
EEU,2085,C-EEU-SVN,5.0
EEU,2090,C-EEU-BGR,5.0
EEU,2090,C-EEU-CZE,5.0
EEU,2090,C-EEU-EST,5.0
EEU,2090,C-EEU-HRV,5.0
EEU,2090,C-EEU-HUN,5.0
EEU,2090,C-EEU-LTU,5.0
EEU,2090,C-EEU-LVA,5.0
EEU,2090,C-EEU-POL,5.0
EEU,2090,C-EEU-ROU,5.0
EEU,2090,C-EEU-SVK,5.0
EEU,2090,C-EEU-SVN,5.0
EEU,2095,C-EEU-BGR,5.0
EEU,2095,C-EEU-CZE,5.0
EEU,2095,C-EEU-EST,5.0
EEU,2095,C-EEU-HRV,5.0
EEU,2095,C-EEU-HUN,5.0
EEU,2095,C-EEU-LTU,5.0
EEU,2095,C-EEU-LVA,5.0
EEU,2095,C-EEU-POL,5.0
EEU,2095,C-EEU-ROU,5.0
EEU,2095,C-EEU-SVK,5.0
EEU,2095,C-EEU-SVN,5.0
EEU,2100,C-EEU-BGR,5.0
EEU,2100,C-EEU-CZE,5.0
EEU,2100,C-EEU-EST,5.0
EEU,2100,C-EEU-HRV,5.0
EEU,2100,C-EEU-HUN,5.0
EEU,2100,C-EEU-LTU,5.0
EEU,2100,C-EEU-LVA,5.0
EEU,2100,C-EEU-POL,5.0
EEU,2100,C-EEU-ROU,5.0
EEU,2100,C-EEU-SVK,5.0
EEU,2100,C-EEU-SVN,5.0
WEU,2015,C-WEU-AUT,5.0
WEU,2015,C-WEU-BEL,5.0
WEU,2015,C-WEU-CYP,5.0
WEU,2015,C-WEU-DEU,5.0
WEU,2015,C-WEU-DNK,5.0
WEU,2015,C-WEU-ESP,5.0
WEU,2015,C-WEU-FIN,5.0
WEU,2015,C-WEU-FRA,5.0
WEU,2015,C-WEU-GRC,5.0
WEU,2015,C-WEU-IRL,5.0
WEU,2015,C-WEU-ITA,5.0
WEU,2015,C-WEU-LUX,5.0
WEU,2015,C-WEU-MLT,5.0
WEU,2015,C-WEU-NLD,5.0
WEU,2015,C-WEU-PRT,5.0
WEU,2015,C-WEU-SWE,5.0
WEU,2020,C-WEU-AUT,5.0
WEU,2020,C-WEU-BEL,5.0
WEU,2020,C-WEU-CYP,5.0
WEU,2020,C-WEU-DEU,5.0
WEU,2020,C-WEU-DNK,5.0
WEU,2020,C-WEU-ESP,5.0
WEU,2020,C-WEU-FIN,5.0
WEU,2020,C-WEU-FRA,5.0
WEU,2020,C-WEU-GRC,5.0
WEU,2020,C-WEU-IRL,5.0
WEU,2020,C-WEU-ITA,5.0
WEU,2020,C-WEU-LUX,5.0
WEU,2020,C-WEU-MLT,5.0
WEU,2020,C-WEU-NLD,5.0
WEU,2020,C-WEU-PRT,5.0
WEU,2020,C-WEU-SWE,5.0
WEU,2025,C-WEU-AUT,5.0
WEU,2025,C-WEU-BEL,5.0
WEU,2025,C-WEU-CYP,5.0
WEU,2025,C-WEU-DEU,5.0
WEU,2025,C-WEU-DNK,5.0
WEU,2025,C-WEU-ESP,5.0
WEU,2025,C-WEU-FIN,5.0
WEU,2025,C-WEU-FRA,5.0
WEU,2025,C-WEU-GRC,5.0
WEU,2025,C-WEU-IRL,5.0
WEU,2025,C-WEU-ITA,5.0
WEU,2025,C-WEU-LUX,5.0
WEU,2025,C-WEU-MLT,5.0
WEU,2025,C-WEU-NLD,5.0
WEU,2025,C-WEU-PRT,5.0
WEU,2025,C-WEU-SWE,5.0
WEU,2030,C-WEU-AUT,5.0
WEU,2030,C-WEU-BEL,5.0
WEU,2030,C-WEU-CYP,5.0
WEU,2030,C-WEU-DEU,5.0
WEU,2030,C-WEU-DNK,5.0
WEU,2030,C-WEU-ESP,5.0
WEU,2030,C-WEU-FIN,5.0
WEU,2030,C-WEU-FRA,5.0
WEU,2030,C-WEU-GRC,5.0
WEU,2030,C-WEU-IRL,5.0
WEU,2030,C-WEU-ITA,5.0
WEU,2030,C-WEU-LUX,5.0
WEU,2030,C-WEU-MLT,5.0
WEU,2030,C-WEU-NLD,5.0
WEU,2030,C-WEU-PRT,5.0
WEU,2030,C-WEU-SWE,5.0
WEU,2035,C-WEU-AUT,5.0
WEU,2035,C-WEU-BEL,5.0
WEU,2035,C-WEU-CYP,5.0
WEU,2035,C-WEU-DEU,5.0
WEU,2035,C-WEU-DNK,5.0
WEU,2035,C-WEU-ESP,5.0
WEU,2035,C-WEU-FIN,5.0
WEU,2035,C-WEU-FRA,5.0
WEU,2035,C-WEU-GRC,5.0
WEU,2035,C-WEU-IRL,5.0
WEU,2035,C-WEU-ITA,5.0
WEU,2035,C-WEU-LUX,5.0
WEU,2035,C-WEU-MLT,5.0
WEU,2035,C-WEU-NLD,5.0
WEU,2035,C-WEU-PRT,5.0
WEU,2035,C-WEU-SWE,5.0
WEU,2040,C-WEU-AUT,5.0
WEU,2040,C-WEU-BEL,5.0
WEU,2040,C-WEU-CYP,5.0
WEU,2040,C-WEU-DEU,5.0
WEU,2040,C-WEU-DNK,5.0
WEU,2040,C-WEU-ESP,5.0
WEU,2040,C-WEU-FIN,5.0
WEU,2040,C-WEU-FRA,5.0
WEU,2040,C-WEU-GRC,5.0
WEU,2040,C-WEU-IRL,5.0
WEU,2040,C-WEU-ITA,5.0
WEU,2040,C-WEU-LUX,5.0
WEU,2040,C-WEU-MLT,5.0
WEU,2040,C-WEU-NLD,5.0
WEU,2040,C-WEU-PRT,5.0
WEU,2040,C-WEU-SWE,5.0
WEU,2045,C-WEU-AUT,5.0
WEU,2045,C-WEU-BEL,5.0
WEU,2045,C-WEU-CYP,5.0
WEU,2045,C-WEU-DEU,5.0
WEU,2045,C-WEU-DNK,5.0
WEU,2045,C-WEU-ESP,5.0
WEU,2045,C-WEU-FIN,5.0
WEU,2045,C-WEU-FRA,5.0
WEU,2045,C-WEU-GRC,5.0
WEU,2045,C-WEU-IRL,5.0
WEU,2045,C-WEU-ITA,5.0
WEU,2045,C-WEU-LUX,5.0
WEU,2045,C-WEU-MLT,5.0
WEU,2045,C-WEU-NLD,5.0
WEU,2045,C-WEU-PRT,5.0
WEU,2045,C-WEU-SWE,5.0
WEU,2050,C-WEU-AUT,5.0
WEU,2050,C-WEU-BEL,5.0
WEU,2050,C-WEU-CYP,5.0
WEU,2050,C-WEU-DEU,5.0
WEU,2050,C-WEU-DNK,5.0
WEU,2050,C-WEU-ESP,5.0
WEU,2050,C-WEU-FIN,5.0
WEU,2050,C-WEU-FRA,5.0
WEU,2050,C-WEU-GRC,5.0
WEU,2050,C-WEU-IRL,5.0
WEU,2050,C-WEU-ITA,5.0
WEU,2050,C-WEU-LUX,5.0
WEU,2050,C-WEU-MLT,5.0
WEU,2050,C-WEU-NLD,5.0
WEU,2050,C-WEU-PRT,5.0
WEU,2050,C-WEU-SWE,5.0
WEU,2055,C-WEU-AUT,5.0
WEU,2055,C-WEU-BEL,5.0
WEU,2055,C-WEU-CYP,5.0
WEU,2055,C-WEU-DEU,5.0
WEU,2055,C-WEU-DNK,5.0
WEU,2055,C-WEU-ESP,5.0
WEU,2055,C-WEU-FIN,5.0
WEU,2055,C-WEU-FRA,5.0
WEU,2055,C-WEU-GRC,5.0
WEU,2055,C-WEU-IRL,5.0
WEU,2055,C-WEU-ITA,5.0
WEU,2055,C-WEU-LUX,5.0
WEU,2055,C-WEU-MLT,5.0
WEU,2055,C-WEU-NLD,5.0
WEU,2055,C-WEU-PRT,5.0
WEU,2055,C-WEU-SWE,5.0
WEU,2060,C-WEU-AUT,5.0
WEU,2060,C-WEU-BEL,5.0
WEU,2060,C-WEU-CYP,5.0
WEU,2060,C-WEU-DEU,5.0
WEU,2060,C-WEU-DNK,5.0
WEU,2060,C-WEU-ESP,5.0
WEU,2060,C-WEU-FIN,5.0
WEU,2060,C-WEU-FRA,5.0
WEU,2060,C-WEU-GRC,5.0
WEU,2060,C-WEU-IRL,5.0
WEU,2060,C-WEU-ITA,5.0
WEU,2060,C-WEU-LUX,5.0
WEU,2060,C-WEU-MLT,5.0
WEU,2060,C-WEU-NLD,5.0
WEU,2060,C-WEU-PRT,5.0
WEU,2060,C-WEU-SWE,5.0
WEU,2065,C-WEU-AUT,5.0
WEU,2065,C-WEU-BEL,5.0
WEU,2065,C-WEU-CYP,5.0
WEU,2065,C-WEU-DEU,5.0
WEU,2065,C-WEU-DNK,5.0
WEU,2065,C-WEU-ESP,5.0
WEU,2065,C-WEU-FIN,5.0
WEU,2065,C-WEU-FRA,5.0
WEU,2065,C-WEU-GRC,5.0
WEU,2065,C-WEU-IRL,5.0
WEU,2065,C-WEU-ITA,5.0
WEU,2065,C-WEU-LUX,5.0
WEU,2065,C-WEU-MLT,5.0
WEU,2065,C-WEU-NLD,5.0
WEU,2065,C-WEU-PRT,5.0
WEU,2065,C-WEU-SWE,5.0
WEU,2070,C-WEU-AUT,5.0
WEU,2070,C-WEU-BEL,5.0
WEU,2070,C-WEU-CYP,5.0
WEU,2070,C-WEU-DEU,5.0
WEU,2070,C-WEU-DNK,5.0
WEU,2070,C-WEU-ESP,5.0
WEU,2070,C-WEU-FIN,5.0
WEU,2070,C-WEU-FRA,5.0
WEU,2070,C-WEU-GRC,5.0
WEU,2070,C-WEU-IRL,5.0
WEU,2070,C-WEU-ITA,5.0
WEU,2070,C-WEU-LUX,5.0
WEU,2070,C-WEU-MLT,5.0
WEU,2070,C-WEU-NLD,5.0
WEU,2070,C-WEU-PRT,5.0
WEU,2070,C-WEU-SWE,5.0
WEU,2075,C-WEU-AUT,5.0
WEU,2075,C-WEU-BEL,5.0
WEU,2075,C-WEU-CYP,5.0
WEU,2075,C-WEU-DEU,5.0
WEU,2075,C-WEU-DNK,5.0
WEU,2075,C-WEU-ESP,5.0
WEU,2075,C-WEU-FIN,5.0
WEU,2075,C-WEU-FRA,5.0
WEU,2075,C-WEU-GRC,5.0
WEU,2075,C-WEU-IRL,5.0
WEU,2075,C-WEU-ITA,5.0
WEU,2075,C-WEU-LUX,5.0
WEU,2075,C-WEU-MLT,5.0
WEU,2075,C-WEU-NLD,5.0
WEU,2075,C-WEU-PRT,5.0
WEU,2075,C-WEU-SWE,5.0
WEU,2080,C-WEU-AUT,5.0
WEU,2080,C-WEU-BEL,5.0
WEU,2080,C-WEU-CYP,5.0
WEU,2080,C-WEU-DEU,5.0
WEU,2080,C-WEU-DNK,5.0
WEU,2080,C-WEU-ESP,5.0
WEU,2080,C-WEU-FIN,5.0
WEU,2080,C-WEU-FRA,5.0
WEU,2080,C-WEU-GRC,5.0
WEU,2080,C-WEU-IRL,5.0
WEU,2080,C-WEU-ITA,5.0
WEU,2080,C-WEU-LUX,5.0
WEU,2080,C-WEU-MLT,5.0
WEU,2080,C-WEU-NLD,5.0
WEU,2080,C-WEU-PRT,5.0
WEU,2080,C-WEU-SWE,5.0
WEU,2085,C-WEU-AUT,5.0
WEU,2085,C-WEU-BEL,5.0
WEU,2085,C-WEU-CYP,5.0
WEU,2085,C-WEU-DEU,5.0
WEU,2085,C-WEU-DNK,5.0
WEU,2085,C-WEU-ESP,5.0
WEU,2085,C-WEU-FIN,5.0
WEU,2085,C-WEU-FRA,5.0
WEU,2085,C-WEU-GRC,5.0
WEU,2085,C-WEU-IRL,5.0
WEU,2085,C-WEU-ITA,5.0
WEU,2085,C-WEU-LUX,5.0
WEU,2085,C-WEU-MLT,5.0
WEU,2085,C-WEU-NLD,5.0
WEU,2085,C-WEU-PRT,5.0
WEU,2085,C-WEU-SWE,5.0
WEU,2090,C-WEU-AUT,5.0
WEU,2090,C-WEU-BEL,5.0
WEU,2090,C-WEU-CYP,5.0
WEU,2090,C-WEU-DEU,5.0
WEU,2090,C-WEU-DNK,5.0
WEU,2090,C-WEU-ESP,5.0
WEU,2090,C-WEU-FIN,5.0
WEU,2090,C-WEU-FRA,5.0
WEU,2090,C-WEU-GRC,5.0
WEU,2090,C-WEU-IRL,5.0
WEU,2090,C-WEU-ITA,5.0
WEU,2090,C-WEU-LUX,5.0
WEU,2090,C-WEU-MLT,5.0
WEU,2090,C-WEU-NLD,5.0
WEU,2090,C-WEU-PRT,5.0
WEU,2090,C-WEU-SWE,5.0
WEU,2095,C-WEU-AUT,5.0
WEU,2095,C-WEU-BEL,5.0
WEU,2095,C-WEU-CYP,5.0
WEU,2095,C-WEU-DEU,5.0
WEU,2095,C-WEU-DNK,5.0
WEU,2095,C-WEU-ESP,5.0
WEU,2095,C-WEU-FIN,5.0
WEU,2095,C-WEU-FRA,5.0
WEU,2095,C-WEU-GRC,5.0
WEU,2095,C-WEU-IRL,5.0
WEU,2095,C-WEU-ITA,5.0
WEU,2095,C-WEU-LUX,5.0
WEU,2095,C-WEU-MLT,5.0
WEU,2095,C-WEU-NLD,5.0
WEU,2095,C-WEU-PRT,5.0
WEU,2095,C-WEU-SWE,5.0
WEU,2100,C-WEU-AUT,5.0
WEU,2100,C-WEU-BEL,5.0
WEU,2100,C-WEU-CYP,5.0
WEU,2100,C-WEU-DEU,5.0
WEU,2100,C-WEU-DNK,5.0
WEU,2100,C-WEU-ESP,5.0
WEU,2100,C-WEU-FIN,5.0
WEU,2100,C-WEU-FRA,5.0
WEU,2100,C-WEU-GRC,5.0
WEU,2100,C-WEU-IRL,5.0
WEU,2100,C-WEU-ITA,5.0
WEU,2100,C-WEU-LUX,5.0
WEU,2100,C-WEU-MLT,5.0
WEU,2100,C-WEU-NLD,5.0
WEU,2100,C-WEU-PRT,5.0
WEU,2100,C-WEU-SWE,5.0
