region_bld,urt,arch,year,value
C-EEU-BGR,rur,mfh,2015,2.304523091399144
C-EEU-BGR,rur,mfh,2020,2.304523091399144
C-EEU-BGR,rur,mfh,2025,2.3040175665131857
C-EEU-BGR,rur,mfh,2030,2.3035362779922584
C-EEU-BGR,rur,mfh,2035,2.30309938139541
C-EEU-BGR,rur,mfh,2040,2.30264993209511
C-EEU-BGR,rur,mfh,2045,2.302163857822878
C-EEU-BGR,rur,mfh,2050,2.301650072235154
C-EEU-BGR,rur,mfh,2055,2.301153258562695
C-EEU-BGR,rur,mfh,2060,2.300739706520512
C-EEU-BGR,rur,mfh,2065,2.3004549712667597
C-EEU-BGR,rur,mfh,2070,2.300280313026819
C-EEU-BGR,rur,mfh,2075,2.3001923211346207
C-EEU-BGR,rur,mfh,2080,2.3001858832950113
C-EEU-BGR,rur,mfh,2085,2.30026717215701
C-EEU-BGR,rur,mfh,2090,2.300426620678431
C-EEU-BGR,rur,mfh,2095,2.3006348444217073
C-EEU-BGR,rur,mfh,2100,2.3008783700945132
C-EEU-BGR,urb,mfh,2015,2.304523091399144
C-EEU-BGR,urb,mfh,2020,2.304523091399144
C-EEU-BGR,urb,mfh,2025,2.3040175665131857
C-EEU-BGR,urb,mfh,2030,2.3035362779922584
C-EEU-BGR,urb,mfh,2035,2.30309938139541
C-EEU-BGR,urb,mfh,2040,2.30264993209511
C-EEU-BGR,urb,mfh,2045,2.302163857822878
C-EEU-BGR,urb,mfh,2050,2.301650072235154
C-EEU-BGR,urb,mfh,2055,2.301153258562695
C-EEU-BGR,urb,mfh,2060,2.300739706520512
C-EEU-BGR,urb,mfh,2065,2.3004549712667597
C-EEU-BGR,urb,mfh,2070,2.300280313026819
C-EEU-BGR,urb,mfh,2075,2.3001923211346207
C-EEU-BGR,urb,mfh,2080,2.3001858832950113
C-EEU-BGR,urb,mfh,2085,2.30026717215701
C-EEU-BGR,urb,mfh,2090,2.300426620678431
C-EEU-BGR,urb,mfh,2095,2.3006348444217073
C-EEU-BGR,urb,mfh,2100,2.3008783700945132
C-EEU-BGR,rur,sfh,2015,2.668951985256676
C-EEU-BGR,rur,sfh,2020,2.668951985256676
C-EEU-BGR,rur,sfh,2025,2.6741096972003913
C-EEU-BGR,rur,sfh,2030,2.6785352557559494
C-EEU-BGR,rur,sfh,2035,2.6826170001123635
C-EEU-BGR,rur,sfh,2040,2.6864177016206594
C-EEU-BGR,rur,sfh,2045,2.6899266984904084
C-EEU-BGR,rur,sfh,2050,2.693138618404347
C-EEU-BGR,rur,sfh,2055,2.6960910514814223
C-EEU-BGR,rur,sfh,2060,2.6987870637794966
C-EEU-BGR,rur,sfh,2065,2.7012080933789395
C-EEU-BGR,rur,sfh,2070,2.7032989414243205
C-EEU-BGR,rur,sfh,2075,2.705064056275599
C-EEU-BGR,rur,sfh,2080,2.7065279409578755
C-EEU-BGR,rur,sfh,2085,2.7077567347113307
C-EEU-BGR,rur,sfh,2090,2.7088249685999584
C-EEU-BGR,rur,sfh,2095,2.7097954321779003
C-EEU-BGR,rur,sfh,2100,2.7107155230966598
C-EEU-BGR,urb,sfh,2015,2.668951985256676
C-EEU-BGR,urb,sfh,2020,2.668951985256676
C-EEU-BGR,urb,sfh,2025,2.6741096972003913
C-EEU-BGR,urb,sfh,2030,2.6785352557559494
C-EEU-BGR,urb,sfh,2035,2.6826170001123635
C-EEU-BGR,urb,sfh,2040,2.6864177016206594
C-EEU-BGR,urb,sfh,2045,2.6899266984904084
C-EEU-BGR,urb,sfh,2050,2.693138618404347
C-EEU-BGR,urb,sfh,2055,2.6960910514814223
C-EEU-BGR,urb,sfh,2060,2.6987870637794966
C-EEU-BGR,urb,sfh,2065,2.7012080933789395
C-EEU-BGR,urb,sfh,2070,2.7032989414243205
C-EEU-BGR,urb,sfh,2075,2.705064056275599
C-EEU-BGR,urb,sfh,2080,2.7065279409578755
C-EEU-BGR,urb,sfh,2085,2.7077567347113307
C-EEU-BGR,urb,sfh,2090,2.7088249685999584
C-EEU-BGR,urb,sfh,2095,2.7097954321779003
C-EEU-BGR,urb,sfh,2100,2.7107155230966598
C-EEU-CZE,rur,mfh,2015,2.088714159924187
C-EEU-CZE,rur,mfh,2020,2.088714159924187
C-EEU-CZE,rur,mfh,2025,2.088264525685026
C-EEU-CZE,rur,mfh,2030,2.0880858319496824
C-EEU-CZE,rur,mfh,2035,2.087915412240063
C-EEU-CZE,rur,mfh,2040,2.0877373860303834
C-EEU-CZE,rur,mfh,2045,2.087535978980368
C-EEU-CZE,rur,mfh,2050,2.0873074977860973
C-EEU-CZE,rur,mfh,2055,2.087060497489211
C-EEU-CZE,rur,mfh,2060,2.086804757812752
C-EEU-CZE,rur,mfh,2065,2.086558476536963
C-EEU-CZE,rur,mfh,2070,2.0863543981535138
C-EEU-CZE,rur,mfh,2075,2.086219769215113
C-EEU-CZE,rur,mfh,2080,2.0861517162391303
C-EEU-CZE,rur,mfh,2085,2.086119149097399
C-EEU-CZE,rur,mfh,2090,2.086107670356409
C-EEU-CZE,rur,mfh,2095,2.086111634882233
C-EEU-CZE,rur,mfh,2100,2.086118157454544
C-EEU-CZE,urb,mfh,2015,2.088714159924187
C-EEU-CZE,urb,mfh,2020,2.088714159924187
C-EEU-CZE,urb,mfh,2025,2.088264525685026
C-EEU-CZE,urb,mfh,2030,2.0880858319496824
C-EEU-CZE,urb,mfh,2035,2.087915412240063
C-EEU-CZE,urb,mfh,2040,2.0877373860303834
C-EEU-CZE,urb,mfh,2045,2.087535978980368
C-EEU-CZE,urb,mfh,2050,2.0873074977860973
C-EEU-CZE,urb,mfh,2055,2.087060497489211
C-EEU-CZE,urb,mfh,2060,2.086804757812752
C-EEU-CZE,urb,mfh,2065,2.086558476536963
C-EEU-CZE,urb,mfh,2070,2.0863543981535138
C-EEU-CZE,urb,mfh,2075,2.086219769215113
C-EEU-CZE,urb,mfh,2080,2.0861517162391303
C-EEU-CZE,urb,mfh,2085,2.086119149097399
C-EEU-CZE,urb,mfh,2090,2.086107670356409
C-EEU-CZE,urb,mfh,2095,2.086111634882233
C-EEU-CZE,urb,mfh,2100,2.086118157454544
C-EEU-CZE,rur,sfh,2015,2.7052828996988647
C-EEU-CZE,rur,sfh,2020,2.7052828996988647
C-EEU-CZE,rur,sfh,2025,2.705868478153867
C-EEU-CZE,rur,sfh,2030,2.7061973250307183
C-EEU-CZE,rur,sfh,2035,2.7064736214505043
C-EEU-CZE,rur,sfh,2040,2.706757393304803
C-EEU-CZE,rur,sfh,2045,2.7070634556183375
C-EEU-CZE,rur,sfh,2050,2.707383164773681
C-EEU-CZE,rur,sfh,2055,2.707690650570013
C-EEU-CZE,rur,sfh,2060,2.7079690650795754
C-EEU-CZE,rur,sfh,2065,2.708210360556295
C-EEU-CZE,rur,sfh,2070,2.70840567923271
C-EEU-CZE,rur,sfh,2075,2.7085476153230488
C-EEU-CZE,rur,sfh,2080,2.7086442999827645
C-EEU-CZE,rur,sfh,2085,2.708720095669989
C-EEU-CZE,rur,sfh,2090,2.7087852634989256
C-EEU-CZE,rur,sfh,2095,2.7088410171414705
C-EEU-CZE,rur,sfh,2100,2.7088929340455326
C-EEU-CZE,urb,sfh,2015,2.7052828996988647
C-EEU-CZE,urb,sfh,2020,2.7052828996988647
C-EEU-CZE,urb,sfh,2025,2.705868478153867
C-EEU-CZE,urb,sfh,2030,2.7061973250307183
C-EEU-CZE,urb,sfh,2035,2.7064736214505043
C-EEU-CZE,urb,sfh,2040,2.706757393304803
C-EEU-CZE,urb,sfh,2045,2.7070634556183375
C-EEU-CZE,urb,sfh,2050,2.707383164773681
C-EEU-CZE,urb,sfh,2055,2.707690650570013
C-EEU-CZE,urb,sfh,2060,2.7079690650795754
C-EEU-CZE,urb,sfh,2065,2.708210360556295
C-EEU-CZE,urb,sfh,2070,2.70840567923271
C-EEU-CZE,urb,sfh,2075,2.7085476153230488
C-EEU-CZE,urb,sfh,2080,2.7086442999827645
C-EEU-CZE,urb,sfh,2085,2.708720095669989
C-EEU-CZE,urb,sfh,2090,2.7087852634989256
C-EEU-CZE,urb,sfh,2095,2.7088410171414705
C-EEU-CZE,urb,sfh,2100,2.7088929340455326
C-EEU-EST,rur,mfh,2015,2.2434639050953376
C-EEU-EST,rur,mfh,2020,2.2434639050953376
C-EEU-EST,rur,mfh,2025,2.2441600375535864
C-EEU-EST,rur,mfh,2030,2.2462433413830794
C-EEU-EST,rur,mfh,2035,2.24816393327312
C-EEU-EST,rur,mfh,2040,2.2499304297467733
C-EEU-EST,rur,mfh,2045,2.251448077920436
C-EEU-EST,rur,mfh,2050,2.2527000997921247
C-EEU-EST,rur,mfh,2055,2.2537865647468687
C-EEU-EST,rur,mfh,2060,2.2547748077060383
C-EEU-EST,rur,mfh,2065,2.255704233833468
C-EEU-EST,rur,mfh,2070,2.256578331680158
C-EEU-EST,rur,mfh,2075,2.2573797247073806
C-EEU-EST,rur,mfh,2080,2.258114949535142
C-EEU-EST,rur,mfh,2085,2.258823168623244
C-EEU-EST,rur,mfh,2090,2.2595818747159298
C-EEU-EST,rur,mfh,2095,2.2604044148890337
C-EEU-EST,rur,mfh,2100,2.261256653903324
C-EEU-EST,urb,mfh,2015,2.2434639050953376
C-EEU-EST,urb,mfh,2020,2.2434639050953376
C-EEU-EST,urb,mfh,2025,2.2441600375535864
C-EEU-EST,urb,mfh,2030,2.2462433413830794
C-EEU-EST,urb,mfh,2035,2.24816393327312
C-EEU-EST,urb,mfh,2040,2.2499304297467733
C-EEU-EST,urb,mfh,2045,2.251448077920436
C-EEU-EST,urb,mfh,2050,2.2527000997921247
C-EEU-EST,urb,mfh,2055,2.2537865647468687
C-EEU-EST,urb,mfh,2060,2.2547748077060383
C-EEU-EST,urb,mfh,2065,2.255704233833468
C-EEU-EST,urb,mfh,2070,2.256578331680158
C-EEU-EST,urb,mfh,2075,2.2573797247073806
C-EEU-EST,urb,mfh,2080,2.258114949535142
C-EEU-EST,urb,mfh,2085,2.258823168623244
C-EEU-EST,urb,mfh,2090,2.2595818747159298
C-EEU-EST,urb,mfh,2095,2.2604044148890337
C-EEU-EST,urb,mfh,2100,2.261256653903324
C-EEU-EST,rur,sfh,2015,2.539110327915534
C-EEU-EST,rur,sfh,2020,2.539110327915534
C-EEU-EST,rur,sfh,2025,2.5422347690848963
C-EEU-EST,rur,sfh,2030,2.547082733573453
C-EEU-EST,rur,sfh,2035,2.5516428560867768
C-EEU-EST,rur,sfh,2040,2.555935018175493
C-EEU-EST,rur,sfh,2045,2.559734928692263
C-EEU-EST,rur,sfh,2050,2.562988510716576
C-EEU-EST,rur,sfh,2055,2.5658604613152587
C-EEU-EST,rur,sfh,2060,2.5684673547371535
C-EEU-EST,rur,sfh,2065,2.5708755169510806
C-EEU-EST,rur,sfh,2070,2.573083363492862
C-EEU-EST,rur,sfh,2075,2.575051819843586
C-EEU-EST,rur,sfh,2080,2.576810260253551
C-EEU-EST,rur,sfh,2085,2.5784519015119707
C-EEU-EST,rur,sfh,2090,2.5800804685642347
C-EEU-EST,rur,sfh,2095,2.5817055263040056
C-EEU-EST,rur,sfh,2100,2.583280926600381
C-EEU-EST,urb,sfh,2015,2.539110327915534
C-EEU-EST,urb,sfh,2020,2.539110327915534
C-EEU-EST,urb,sfh,2025,2.5422347690848963
C-EEU-EST,urb,sfh,2030,2.547082733573453
C-EEU-EST,urb,sfh,2035,2.5516428560867768
C-EEU-EST,urb,sfh,2040,2.555935018175493
C-EEU-EST,urb,sfh,2045,2.559734928692263
C-EEU-EST,urb,sfh,2050,2.562988510716576
C-EEU-EST,urb,sfh,2055,2.5658604613152587
C-EEU-EST,urb,sfh,2060,2.5684673547371535
C-EEU-EST,urb,sfh,2065,2.5708755169510806
C-EEU-EST,urb,sfh,2070,2.573083363492862
C-EEU-EST,urb,sfh,2075,2.575051819843586
C-EEU-EST,urb,sfh,2080,2.576810260253551
C-EEU-EST,urb,sfh,2085,2.5784519015119707
C-EEU-EST,urb,sfh,2090,2.5800804685642347
C-EEU-EST,urb,sfh,2095,2.5817055263040056
C-EEU-EST,urb,sfh,2100,2.583280926600381
C-EEU-HRV,rur,mfh,2015,2.474488795650125
C-EEU-HRV,rur,mfh,2020,2.4751322542155374
C-EEU-HRV,rur,mfh,2025,2.4770902726797197
C-EEU-HRV,rur,mfh,2030,2.4787578263719965
C-EEU-HRV,rur,mfh,2035,2.480214498555558
C-EEU-HRV,rur,mfh,2040,2.481470666685473
C-EEU-HRV,rur,mfh,2045,2.4825142669652234
C-EEU-HRV,rur,mfh,2050,2.4833767952774917
C-EEU-HRV,rur,mfh,2055,2.4841126949584456
C-EEU-HRV,rur,mfh,2060,2.4847700123256242
C-EEU-HRV,rur,mfh,2065,2.485386452224703
C-EEU-HRV,rur,mfh,2070,2.485944789295139
C-EEU-HRV,rur,mfh,2075,2.486442136992312
C-EEU-HRV,rur,mfh,2080,2.4868548663686654
C-EEU-HRV,rur,mfh,2085,2.487173562141127
C-EEU-HRV,rur,mfh,2090,2.4874845642298515
C-EEU-HRV,rur,mfh,2095,2.487881708123699
C-EEU-HRV,rur,mfh,2100,2.4884312674604714
C-EEU-HRV,urb,mfh,2015,2.474488795650125
C-EEU-HRV,urb,mfh,2020,2.4751322542155374
C-EEU-HRV,urb,mfh,2025,2.4770902726797197
C-EEU-HRV,urb,mfh,2030,2.4787578263719965
C-EEU-HRV,urb,mfh,2035,2.480214498555558
C-EEU-HRV,urb,mfh,2040,2.481470666685473
C-EEU-HRV,urb,mfh,2045,2.4825142669652234
C-EEU-HRV,urb,mfh,2050,2.4833767952774917
C-EEU-HRV,urb,mfh,2055,2.4841126949584456
C-EEU-HRV,urb,mfh,2060,2.4847700123256242
C-EEU-HRV,urb,mfh,2065,2.485386452224703
C-EEU-HRV,urb,mfh,2070,2.485944789295139
C-EEU-HRV,urb,mfh,2075,2.486442136992312
C-EEU-HRV,urb,mfh,2080,2.4868548663686654
C-EEU-HRV,urb,mfh,2085,2.487173562141127
C-EEU-HRV,urb,mfh,2090,2.4874845642298515
C-EEU-HRV,urb,mfh,2095,2.487881708123699
C-EEU-HRV,urb,mfh,2100,2.4884312674604714
C-EEU-HRV,rur,sfh,2015,2.8630048995461337
C-EEU-HRV,rur,sfh,2020,2.8637486957092535
C-EEU-HRV,rur,sfh,2025,2.8646242494066407
C-EEU-HRV,rur,sfh,2030,2.8652814318894784
C-EEU-HRV,rur,sfh,2035,2.865869342138222
C-EEU-HRV,rur,sfh,2040,2.866433293163475
C-EEU-HRV,rur,sfh,2045,2.8670009136898207
C-EEU-HRV,rur,sfh,2050,2.867556923932383
C-EEU-HRV,rur,sfh,2055,2.8680555992973282
C-EEU-HRV,rur,sfh,2060,2.8684645309717887
C-EEU-HRV,rur,sfh,2065,2.8688015356355696
C-EEU-HRV,rur,sfh,2070,2.8690101758326767
C-EEU-HRV,rur,sfh,2075,2.8690633673340753
C-EEU-HRV,rur,sfh,2080,2.8689146730291166
C-EEU-HRV,rur,sfh,2085,2.868583360694243
C-EEU-HRV,rur,sfh,2090,2.868099597679023
C-EEU-HRV,rur,sfh,2095,2.867511997773732
C-EEU-HRV,rur,sfh,2100,2.866826676897419
C-EEU-HRV,urb,sfh,2015,2.8630048995461337
C-EEU-HRV,urb,sfh,2020,2.8637486957092535
C-EEU-HRV,urb,sfh,2025,2.8646242494066407
C-EEU-HRV,urb,sfh,2030,2.8652814318894784
C-EEU-HRV,urb,sfh,2035,2.865869342138222
C-EEU-HRV,urb,sfh,2040,2.866433293163475
C-EEU-HRV,urb,sfh,2045,2.8670009136898207
C-EEU-HRV,urb,sfh,2050,2.867556923932383
C-EEU-HRV,urb,sfh,2055,2.8680555992973282
C-EEU-HRV,urb,sfh,2060,2.8684645309717887
C-EEU-HRV,urb,sfh,2065,2.8688015356355696
C-EEU-HRV,urb,sfh,2070,2.8690101758326767
C-EEU-HRV,urb,sfh,2075,2.8690633673340753
C-EEU-HRV,urb,sfh,2080,2.8689146730291166
C-EEU-HRV,urb,sfh,2085,2.868583360694243
C-EEU-HRV,urb,sfh,2090,2.868099597679023
C-EEU-HRV,urb,sfh,2095,2.867511997773732
C-EEU-HRV,urb,sfh,2100,2.866826676897419
C-EEU-HUN,rur,mfh,2015,1.9977219361395842
C-EEU-HUN,rur,mfh,2020,1.9977219361395842
C-EEU-HUN,rur,mfh,2025,1.999363792694269
C-EEU-HUN,rur,mfh,2030,2.0006273306906364
C-EEU-HUN,rur,mfh,2035,2.001582910552907
C-EEU-HUN,rur,mfh,2040,2.0023160440172068
C-EEU-HUN,rur,mfh,2045,2.0028784760766696
C-EEU-HUN,rur,mfh,2050,2.003279748738008
C-EEU-HUN,rur,mfh,2055,2.003518393002857
C-EEU-HUN,rur,mfh,2060,2.003614778786545
C-EEU-HUN,rur,mfh,2065,2.0036152604129427
C-EEU-HUN,rur,mfh,2070,2.0035554933896416
C-EEU-HUN,rur,mfh,2075,2.0034535761498016
C-EEU-HUN,rur,mfh,2080,2.0033194511314067
C-EEU-HUN,rur,mfh,2085,2.003168842011991
C-EEU-HUN,rur,mfh,2090,2.003007854474417
C-EEU-HUN,rur,mfh,2095,2.002833717025136
C-EEU-HUN,rur,mfh,2100,2.0026500350116745
C-EEU-HUN,urb,mfh,2015,1.9977219361395842
C-EEU-HUN,urb,mfh,2020,1.9977219361395842
C-EEU-HUN,urb,mfh,2025,1.999363792694269
C-EEU-HUN,urb,mfh,2030,2.0006273306906364
C-EEU-HUN,urb,mfh,2035,2.001582910552907
C-EEU-HUN,urb,mfh,2040,2.0023160440172068
C-EEU-HUN,urb,mfh,2045,2.0028784760766696
C-EEU-HUN,urb,mfh,2050,2.003279748738008
C-EEU-HUN,urb,mfh,2055,2.003518393002857
C-EEU-HUN,urb,mfh,2060,2.003614778786545
C-EEU-HUN,urb,mfh,2065,2.0036152604129427
C-EEU-HUN,urb,mfh,2070,2.0035554933896416
C-EEU-HUN,urb,mfh,2075,2.0034535761498016
C-EEU-HUN,urb,mfh,2080,2.0033194511314067
C-EEU-HUN,urb,mfh,2085,2.003168842011991
C-EEU-HUN,urb,mfh,2090,2.003007854474417
C-EEU-HUN,urb,mfh,2095,2.002833717025136
C-EEU-HUN,urb,mfh,2100,2.0026500350116745
C-EEU-HUN,rur,sfh,2015,2.634891847643806
C-EEU-HUN,rur,sfh,2020,2.634891847643806
C-EEU-HUN,rur,sfh,2025,2.636817518996091
C-EEU-HUN,rur,sfh,2030,2.638250394719337
C-EEU-HUN,rur,sfh,2035,2.6393113301538946
C-EEU-HUN,rur,sfh,2040,2.640135463974212
C-EEU-HUN,rur,sfh,2045,2.640803076464769
C-EEU-HUN,rur,sfh,2050,2.6412966454613334
C-EEU-HUN,rur,sfh,2055,2.6415943357736347
C-EEU-HUN,rur,sfh,2060,2.641715043242409
C-EEU-HUN,rur,sfh,2065,2.641706630314078
C-EEU-HUN,rur,sfh,2070,2.6415955648411162
C-EEU-HUN,rur,sfh,2075,2.6413896207471717
C-EEU-HUN,rur,sfh,2080,2.6411062341803793
C-EEU-HUN,rur,sfh,2085,2.6407804780603175
C-EEU-HUN,rur,sfh,2090,2.6404353931110442
C-EEU-HUN,rur,sfh,2095,2.640075802555925
C-EEU-HUN,rur,sfh,2100,2.6397055677946186
C-EEU-HUN,urb,sfh,2015,2.634891847643806
C-EEU-HUN,urb,sfh,2020,2.634891847643806
C-EEU-HUN,urb,sfh,2025,2.636817518996091
C-EEU-HUN,urb,sfh,2030,2.638250394719337
C-EEU-HUN,urb,sfh,2035,2.6393113301538946
C-EEU-HUN,urb,sfh,2040,2.640135463974212
C-EEU-HUN,urb,sfh,2045,2.640803076464769
C-EEU-HUN,urb,sfh,2050,2.6412966454613334
C-EEU-HUN,urb,sfh,2055,2.6415943357736347
C-EEU-HUN,urb,sfh,2060,2.641715043242409
C-EEU-HUN,urb,sfh,2065,2.641706630314078
C-EEU-HUN,urb,sfh,2070,2.6415955648411162
C-EEU-HUN,urb,sfh,2075,2.6413896207471717
C-EEU-HUN,urb,sfh,2080,2.6411062341803793
C-EEU-HUN,urb,sfh,2085,2.6407804780603175
C-EEU-HUN,urb,sfh,2090,2.6404353931110442
C-EEU-HUN,urb,sfh,2095,2.640075802555925
C-EEU-HUN,urb,sfh,2100,2.6397055677946186
C-EEU-LTU,rur,mfh,2015,2.1386000210194474
C-EEU-LTU,rur,mfh,2020,2.1386000210194474
C-EEU-LTU,rur,mfh,2025,2.1419452603984572
C-EEU-LTU,rur,mfh,2030,2.144752708062911
C-EEU-LTU,rur,mfh,2035,2.1472427661987097
C-EEU-LTU,rur,mfh,2040,2.1496578861510733
C-EEU-LTU,rur,mfh,2045,2.1521128221008663
C-EEU-LTU,rur,mfh,2050,2.1545950038562673
C-EEU-LTU,rur,mfh,2055,2.1570021419452
C-EEU-LTU,rur,mfh,2060,2.1592008594083976
C-EEU-LTU,rur,mfh,2065,2.1610682162518406
C-EEU-LTU,rur,mfh,2070,2.1625148381743493
C-EEU-LTU,rur,mfh,2075,2.163539314481271
C-EEU-LTU,rur,mfh,2080,2.1642518527231265
C-EEU-LTU,rur,mfh,2085,2.164840166837957
C-EEU-LTU,rur,mfh,2090,2.1654181254649605
C-EEU-LTU,rur,mfh,2095,2.165941823671035
C-EEU-LTU,rur,mfh,2100,2.1663372150016547
C-EEU-LTU,urb,mfh,2015,2.1386000210194474
C-EEU-LTU,urb,mfh,2020,2.1386000210194474
C-EEU-LTU,urb,mfh,2025,2.1419452603984572
C-EEU-LTU,urb,mfh,2030,2.144752708062911
C-EEU-LTU,urb,mfh,2035,2.1472427661987097
C-EEU-LTU,urb,mfh,2040,2.1496578861510733
C-EEU-LTU,urb,mfh,2045,2.1521128221008663
C-EEU-LTU,urb,mfh,2050,2.1545950038562673
C-EEU-LTU,urb,mfh,2055,2.1570021419452
C-EEU-LTU,urb,mfh,2060,2.1592008594083976
C-EEU-LTU,urb,mfh,2065,2.1610682162518406
C-EEU-LTU,urb,mfh,2070,2.1625148381743493
C-EEU-LTU,urb,mfh,2075,2.163539314481271
C-EEU-LTU,urb,mfh,2080,2.1642518527231265
C-EEU-LTU,urb,mfh,2085,2.164840166837957
C-EEU-LTU,urb,mfh,2090,2.1654181254649605
C-EEU-LTU,urb,mfh,2095,2.165941823671035
C-EEU-LTU,urb,mfh,2100,2.1663372150016547
C-EEU-LTU,rur,sfh,2015,2.5862832680678225
C-EEU-LTU,rur,sfh,2020,2.5862832680678225
C-EEU-LTU,rur,sfh,2025,2.5921942410641416
C-EEU-LTU,rur,sfh,2030,2.5970972784313395
C-EEU-LTU,rur,sfh,2035,2.601438715172533
C-EEU-LTU,rur,sfh,2040,2.6056454611945976
C-EEU-LTU,rur,sfh,2045,2.6099371635520234
C-EEU-LTU,rur,sfh,2050,2.6142864778668033
C-EEU-LTU,rur,sfh,2055,2.618513357744416
C-EEU-LTU,rur,sfh,2060,2.622392520049407
C-EEU-LTU,rur,sfh,2065,2.625707248732125
C-EEU-LTU,rur,sfh,2070,2.6283058535988806
C-EEU-LTU,rur,sfh,2075,2.6301709673222105
C-EEU-LTU,rur,sfh,2080,2.631464289157594
C-EEU-LTU,rur,sfh,2085,2.63251126253172
C-EEU-LTU,rur,sfh,2090,2.633503318897276
C-EEU-LTU,rur,sfh,2095,2.634383451209105
C-EEU-LTU,rur,sfh,2100,2.635066401816106
C-EEU-LTU,urb,sfh,2015,2.5862832680678225
C-EEU-LTU,urb,sfh,2020,2.5862832680678225
C-EEU-LTU,urb,sfh,2025,2.5921942410641416
C-EEU-LTU,urb,sfh,2030,2.5970972784313395
C-EEU-LTU,urb,sfh,2035,2.601438715172533
C-EEU-LTU,urb,sfh,2040,2.6056454611945976
C-EEU-LTU,urb,sfh,2045,2.6099371635520234
C-EEU-LTU,urb,sfh,2050,2.6142864778668033
C-EEU-LTU,urb,sfh,2055,2.618513357744416
C-EEU-LTU,urb,sfh,2060,2.622392520049407
C-EEU-LTU,urb,sfh,2065,2.625707248732125
C-EEU-LTU,urb,sfh,2070,2.6283058535988806
C-EEU-LTU,urb,sfh,2075,2.6301709673222105
C-EEU-LTU,urb,sfh,2080,2.631464289157594
C-EEU-LTU,urb,sfh,2085,2.63251126253172
C-EEU-LTU,urb,sfh,2090,2.633503318897276
C-EEU-LTU,urb,sfh,2095,2.634383451209105
C-EEU-LTU,urb,sfh,2100,2.635066401816106
C-EEU-LVA,rur,mfh,2015,2.0942283598113525
C-EEU-LVA,rur,mfh,2020,2.0942283598113525
C-EEU-LVA,rur,mfh,2025,2.094764116204489
C-EEU-LVA,rur,mfh,2030,2.095189725115551
C-EEU-LVA,rur,mfh,2035,2.095447684990471
C-EEU-LVA,rur,mfh,2040,2.0955922907144084
C-EEU-LVA,rur,mfh,2045,2.0956966741016405
C-EEU-LVA,rur,mfh,2050,2.0957661711572095
C-EEU-LVA,rur,mfh,2055,2.0957643584118277
C-EEU-LVA,rur,mfh,2060,2.0956756761673843
C-EEU-LVA,rur,mfh,2065,2.095473159993003
C-EEU-LVA,rur,mfh,2070,2.095206419860209
C-EEU-LVA,rur,mfh,2075,2.0949208641891657
C-EEU-LVA,rur,mfh,2080,2.094626365520998
C-EEU-LVA,rur,mfh,2085,2.09435149071248
C-EEU-LVA,rur,mfh,2090,2.0941200191813736
C-EEU-LVA,rur,mfh,2095,2.093910858834434
C-EEU-LVA,rur,mfh,2100,2.093690825231317
C-EEU-LVA,urb,mfh,2015,2.0942283598113525
C-EEU-LVA,urb,mfh,2020,2.0942283598113525
C-EEU-LVA,urb,mfh,2025,2.094764116204489
C-EEU-LVA,urb,mfh,2030,2.095189725115551
C-EEU-LVA,urb,mfh,2035,2.095447684990471
C-EEU-LVA,urb,mfh,2040,2.0955922907144084
C-EEU-LVA,urb,mfh,2045,2.0956966741016405
C-EEU-LVA,urb,mfh,2050,2.0957661711572095
C-EEU-LVA,urb,mfh,2055,2.0957643584118277
C-EEU-LVA,urb,mfh,2060,2.0956756761673843
C-EEU-LVA,urb,mfh,2065,2.095473159993003
C-EEU-LVA,urb,mfh,2070,2.095206419860209
C-EEU-LVA,urb,mfh,2075,2.0949208641891657
C-EEU-LVA,urb,mfh,2080,2.094626365520998
C-EEU-LVA,urb,mfh,2085,2.09435149071248
C-EEU-LVA,urb,mfh,2090,2.0941200191813736
C-EEU-LVA,urb,mfh,2095,2.093910858834434
C-EEU-LVA,urb,mfh,2100,2.093690825231317
C-EEU-LVA,rur,sfh,2015,2.8173796577404104
C-EEU-LVA,rur,sfh,2020,2.8173796577404104
C-EEU-LVA,rur,sfh,2025,2.820449625829203
C-EEU-LVA,rur,sfh,2030,2.822902439724366
C-EEU-LVA,rur,sfh,2035,2.8250579221515557
C-EEU-LVA,rur,sfh,2040,2.8270804104083003
C-EEU-LVA,rur,sfh,2045,2.829032346429976
C-EEU-LVA,rur,sfh,2050,2.830830378511399
C-EEU-LVA,rur,sfh,2055,2.8324274285045896
C-EEU-LVA,rur,sfh,2060,2.83379354586644
C-EEU-LVA,rur,sfh,2065,2.8348567797338107
C-EEU-LVA,rur,sfh,2070,2.8356200400658182
C-EEU-LVA,rur,sfh,2075,2.8361031026271544
C-EEU-LVA,rur,sfh,2080,2.836354981262225
C-EEU-LVA,rur,sfh,2085,2.8364397372264185
C-EEU-LVA,rur,sfh,2090,2.836413983144756
C-EEU-LVA,rur,sfh,2095,2.836299113180839
C-EEU-LVA,rur,sfh,2100,2.836127716738318
C-EEU-LVA,urb,sfh,2015,2.8173796577404104
C-EEU-LVA,urb,sfh,2020,2.8173796577404104
C-EEU-LVA,urb,sfh,2025,2.820449625829203
C-EEU-LVA,urb,sfh,2030,2.822902439724366
C-EEU-LVA,urb,sfh,2035,2.8250579221515557
C-EEU-LVA,urb,sfh,2040,2.8270804104083003
C-EEU-LVA,urb,sfh,2045,2.829032346429976
C-EEU-LVA,urb,sfh,2050,2.830830378511399
C-EEU-LVA,urb,sfh,2055,2.8324274285045896
C-EEU-LVA,urb,sfh,2060,2.83379354586644
C-EEU-LVA,urb,sfh,2065,2.8348567797338107
C-EEU-LVA,urb,sfh,2070,2.8356200400658182
C-EEU-LVA,urb,sfh,2075,2.8361031026271544
C-EEU-LVA,urb,sfh,2080,2.836354981262225
C-EEU-LVA,urb,sfh,2085,2.8364397372264185
C-EEU-LVA,urb,sfh,2090,2.836413983144756
C-EEU-LVA,urb,sfh,2095,2.836299113180839
C-EEU-LVA,urb,sfh,2100,2.836127716738318
C-EEU-POL,rur,mfh,2015,2.500072848058715
C-EEU-POL,rur,mfh,2020,2.500072848058715
C-EEU-POL,rur,mfh,2025,2.500890074809855
C-EEU-POL,rur,mfh,2030,2.5018887232171956
C-EEU-POL,rur,mfh,2035,2.5028396839839684
C-EEU-POL,rur,mfh,2040,2.503583785576939
C-EEU-POL,rur,mfh,2045,2.504075637444565
C-EEU-POL,rur,mfh,2050,2.5043368434089297
C-EEU-POL,rur,mfh,2055,2.504434770907764
C-EEU-POL,rur,mfh,2060,2.50446312929792
C-EEU-POL,rur,mfh,2065,2.504485747206364
C-EEU-POL,rur,mfh,2070,2.5045159468064884
C-EEU-POL,rur,mfh,2075,2.5045037384383346
C-EEU-POL,rur,mfh,2080,2.504388348826963
C-EEU-POL,rur,mfh,2085,2.5041141230696984
C-EEU-POL,rur,mfh,2090,2.503685481920736
C-EEU-POL,rur,mfh,2095,2.5031773924783423
C-EEU-POL,rur,mfh,2100,2.5026628091226413
C-EEU-POL,urb,mfh,2015,2.500072848058715
C-EEU-POL,urb,mfh,2020,2.500072848058715
C-EEU-POL,urb,mfh,2025,2.500890074809855
C-EEU-POL,urb,mfh,2030,2.5018887232171956
C-EEU-POL,urb,mfh,2035,2.5028396839839684
C-EEU-POL,urb,mfh,2040,2.503583785576939
C-EEU-POL,urb,mfh,2045,2.504075637444565
C-EEU-POL,urb,mfh,2050,2.5043368434089297
C-EEU-POL,urb,mfh,2055,2.504434770907764
C-EEU-POL,urb,mfh,2060,2.50446312929792
C-EEU-POL,urb,mfh,2065,2.504485747206364
C-EEU-POL,urb,mfh,2070,2.5045159468064884
C-EEU-POL,urb,mfh,2075,2.5045037384383346
C-EEU-POL,urb,mfh,2080,2.504388348826963
C-EEU-POL,urb,mfh,2085,2.5041141230696984
C-EEU-POL,urb,mfh,2090,2.503685481920736
C-EEU-POL,urb,mfh,2095,2.5031773924783423
C-EEU-POL,urb,mfh,2100,2.5026628091226413
C-EEU-POL,rur,sfh,2015,3.5215446230635425
C-EEU-POL,rur,sfh,2020,3.5215446230635425
C-EEU-POL,rur,sfh,2025,3.522775643336777
C-EEU-POL,rur,sfh,2030,3.524115588798218
C-EEU-POL,rur,sfh,2035,3.5253972481397673
C-EEU-POL,rur,sfh,2040,3.5265118231616293
C-EEU-POL,rur,sfh,2045,3.5274234198157246
C-EEU-POL,rur,sfh,2050,3.528124389200432
C-EEU-POL,rur,sfh,2055,3.528639058479027
C-EEU-POL,rur,sfh,2060,3.5290474303617096
C-EEU-POL,rur,sfh,2065,3.5294383759275663
C-EEU-POL,rur,sfh,2070,3.5298479308682866
C-EEU-POL,rur,sfh,2075,3.5302219909705097
C-EEU-POL,rur,sfh,2080,3.530474088065037
C-EEU-POL,rur,sfh,2085,3.530540146373261
C-EEU-POL,rur,sfh,2090,3.5304391045032375
C-EEU-POL,rur,sfh,2095,3.530257145395732
C-EEU-POL,rur,sfh,2100,3.530073130823568
C-EEU-POL,urb,sfh,2015,3.5215446230635425
C-EEU-POL,urb,sfh,2020,3.5215446230635425
C-EEU-POL,urb,sfh,2025,3.522775643336777
C-EEU-POL,urb,sfh,2030,3.524115588798218
C-EEU-POL,urb,sfh,2035,3.5253972481397673
C-EEU-POL,urb,sfh,2040,3.5265118231616293
C-EEU-POL,urb,sfh,2045,3.5274234198157246
C-EEU-POL,urb,sfh,2050,3.528124389200432
C-EEU-POL,urb,sfh,2055,3.528639058479027
C-EEU-POL,urb,sfh,2060,3.5290474303617096
C-EEU-POL,urb,sfh,2065,3.5294383759275663
C-EEU-POL,urb,sfh,2070,3.5298479308682866
C-EEU-POL,urb,sfh,2075,3.5302219909705097
C-EEU-POL,urb,sfh,2080,3.530474088065037
C-EEU-POL,urb,sfh,2085,3.530540146373261
C-EEU-POL,urb,sfh,2090,3.5304391045032375
C-EEU-POL,urb,sfh,2095,3.530257145395732
C-EEU-POL,urb,sfh,2100,3.530073130823568
C-EEU-ROU,rur,mfh,2015,2.45542679385392
C-EEU-ROU,rur,mfh,2020,2.45542679385392
C-EEU-ROU,rur,mfh,2025,2.4533638617699145
C-EEU-ROU,rur,mfh,2030,2.4522153886338542
C-EEU-ROU,rur,mfh,2035,2.451706287221658
C-EEU-ROU,rur,mfh,2040,2.451366119106355
C-EEU-ROU,rur,mfh,2045,2.4509794234041116
C-EEU-ROU,rur,mfh,2050,2.45052263033686
C-EEU-ROU,rur,mfh,2055,2.4501847022629435
C-EEU-ROU,rur,mfh,2060,2.4502237253796006
C-EEU-ROU,rur,mfh,2065,2.450768293253717
C-EEU-ROU,rur,mfh,2070,2.4518054073452156
C-EEU-ROU,rur,mfh,2075,2.453227698874199
C-EEU-ROU,rur,mfh,2080,2.4547971742700243
C-EEU-ROU,rur,mfh,2085,2.456138401006428
C-EEU-ROU,rur,mfh,2090,2.4570133668811676
C-EEU-ROU,rur,mfh,2095,2.457492814122237
C-EEU-ROU,rur,mfh,2100,2.457930397085108
C-EEU-ROU,urb,mfh,2015,2.45542679385392
C-EEU-ROU,urb,mfh,2020,2.45542679385392
C-EEU-ROU,urb,mfh,2025,2.4533638617699145
C-EEU-ROU,urb,mfh,2030,2.4522153886338542
C-EEU-ROU,urb,mfh,2035,2.451706287221658
C-EEU-ROU,urb,mfh,2040,2.451366119106355
C-EEU-ROU,urb,mfh,2045,2.4509794234041116
C-EEU-ROU,urb,mfh,2050,2.45052263033686
C-EEU-ROU,urb,mfh,2055,2.4501847022629435
C-EEU-ROU,urb,mfh,2060,2.4502237253796006
C-EEU-ROU,urb,mfh,2065,2.450768293253717
C-EEU-ROU,urb,mfh,2070,2.4518054073452156
C-EEU-ROU,urb,mfh,2075,2.453227698874199
C-EEU-ROU,urb,mfh,2080,2.4547971742700243
C-EEU-ROU,urb,mfh,2085,2.456138401006428
C-EEU-ROU,urb,mfh,2090,2.4570133668811676
C-EEU-ROU,urb,mfh,2095,2.457492814122237
C-EEU-ROU,urb,mfh,2100,2.457930397085108
C-EEU-ROU,rur,sfh,2015,2.6913903278515736
C-EEU-ROU,rur,sfh,2020,2.6913903278515736
C-EEU-ROU,rur,sfh,2025,2.692991318497455
C-EEU-ROU,rur,sfh,2030,2.694659015622144
C-EEU-ROU,rur,sfh,2035,2.696397704676486
C-EEU-ROU,rur,sfh,2040,2.6981133890079705
C-EEU-ROU,rur,sfh,2045,2.6997168897689394
C-EEU-ROU,rur,sfh,2050,2.7011810419308477
C-EEU-ROU,rur,sfh,2055,2.702555498305691
C-EEU-ROU,rur,sfh,2060,2.7039337265359293
C-EEU-ROU,rur,sfh,2065,2.705338143338195
C-EEU-ROU,rur,sfh,2070,2.7067181914814844
C-EEU-ROU,rur,sfh,2075,2.707992545572493
C-EEU-ROU,rur,sfh,2080,2.7090915425441113
C-EEU-ROU,rur,sfh,2085,2.709950270394639
C-EEU-ROU,rur,sfh,2090,2.7105541656843615
C-EEU-ROU,rur,sfh,2095,2.710964320402332
C-EEU-ROU,rur,sfh,2100,2.7112881856864406
C-EEU-ROU,urb,sfh,2015,2.6913903278515736
C-EEU-ROU,urb,sfh,2020,2.6913903278515736
C-EEU-ROU,urb,sfh,2025,2.692991318497455
C-EEU-ROU,urb,sfh,2030,2.694659015622144
C-EEU-ROU,urb,sfh,2035,2.696397704676486
C-EEU-ROU,urb,sfh,2040,2.6981133890079705
C-EEU-ROU,urb,sfh,2045,2.6997168897689394
C-EEU-ROU,urb,sfh,2050,2.7011810419308477
C-EEU-ROU,urb,sfh,2055,2.702555498305691
C-EEU-ROU,urb,sfh,2060,2.7039337265359293
C-EEU-ROU,urb,sfh,2065,2.705338143338195
C-EEU-ROU,urb,sfh,2070,2.7067181914814844
C-EEU-ROU,urb,sfh,2075,2.707992545572493
C-EEU-ROU,urb,sfh,2080,2.7090915425441113
C-EEU-ROU,urb,sfh,2085,2.709950270394639
C-EEU-ROU,urb,sfh,2090,2.7105541656843615
C-EEU-ROU,urb,sfh,2095,2.710964320402332
C-EEU-ROU,urb,sfh,2100,2.7112881856864406
C-EEU-SVK,rur,mfh,2015,2.58780544317722
C-EEU-SVK,rur,mfh,2020,2.58780544317722
C-EEU-SVK,rur,mfh,2025,2.587503824984598
C-EEU-SVK,rur,mfh,2030,2.5875491604844547
C-EEU-SVK,rur,mfh,2035,2.5877813923787305
C-EEU-SVK,rur,mfh,2040,2.5879528359812745
C-EEU-SVK,rur,mfh,2045,2.5879384683110915
C-EEU-SVK,rur,mfh,2050,2.58776088372293
C-EEU-SVK,rur,mfh,2055,2.587586533422691
C-EEU-SVK,rur,mfh,2060,2.587548489835373
C-EEU-SVK,rur,mfh,2065,2.5876604549918008
C-EEU-SVK,rur,mfh,2070,2.5878148612738476
C-EEU-SVK,rur,mfh,2075,2.587853240555554
C-EEU-SVK,rur,mfh,2080,2.5876798241930237
C-EEU-SVK,rur,mfh,2085,2.5873026830128856
C-EEU-SVK,rur,mfh,2090,2.586796647204874
C-EEU-SVK,rur,mfh,2095,2.5862522010017948
C-EEU-SVK,rur,mfh,2100,2.585724420127999
C-EEU-SVK,urb,mfh,2015,2.58780544317722
C-EEU-SVK,urb,mfh,2020,2.58780544317722
C-EEU-SVK,urb,mfh,2025,2.587503824984598
C-EEU-SVK,urb,mfh,2030,2.5875491604844547
C-EEU-SVK,urb,mfh,2035,2.5877813923787305
C-EEU-SVK,urb,mfh,2040,2.5879528359812745
C-EEU-SVK,urb,mfh,2045,2.5879384683110915
C-EEU-SVK,urb,mfh,2050,2.58776088372293
C-EEU-SVK,urb,mfh,2055,2.587586533422691
C-EEU-SVK,urb,mfh,2060,2.587548489835373
C-EEU-SVK,urb,mfh,2065,2.5876604549918008
C-EEU-SVK,urb,mfh,2070,2.5878148612738476
C-EEU-SVK,urb,mfh,2075,2.587853240555554
C-EEU-SVK,urb,mfh,2080,2.5876798241930237
C-EEU-SVK,urb,mfh,2085,2.5873026830128856
C-EEU-SVK,urb,mfh,2090,2.586796647204874
C-EEU-SVK,urb,mfh,2095,2.5862522010017948
C-EEU-SVK,urb,mfh,2100,2.585724420127999
C-EEU-SVK,rur,sfh,2015,3.4416396024587836
C-EEU-SVK,rur,sfh,2020,3.4416396024587836
C-EEU-SVK,rur,sfh,2025,3.4418898067179766
C-EEU-SVK,rur,sfh,2030,3.4426141381681603
C-EEU-SVK,rur,sfh,2035,3.443616140653101
C-EEU-SVK,rur,sfh,2040,3.4445548733176254
C-EEU-SVK,rur,sfh,2045,3.4452568906028773
C-EEU-SVK,rur,sfh,2050,3.4457497377155244
C-EEU-SVK,rur,sfh,2055,3.4462614210502354
C-EEU-SVK,rur,sfh,2060,3.446978396555527
C-EEU-SVK,rur,sfh,2065,3.4479238703597024
C-EEU-SVK,rur,sfh,2070,3.4489412057927145
C-EEU-SVK,rur,sfh,2075,3.4497774893141133
C-EEU-SVK,rur,sfh,2080,3.4502705028779554
C-EEU-SVK,rur,sfh,2085,3.450411866845565
C-EEU-SVK,rur,sfh,2090,3.450287659972581
C-EEU-SVK,rur,sfh,2095,3.450037286198462
C-EEU-SVK,rur,sfh,2100,3.449768365880365
C-EEU-SVK,urb,sfh,2015,3.4416396024587836
C-EEU-SVK,urb,sfh,2020,3.4416396024587836
C-EEU-SVK,urb,sfh,2025,3.4418898067179766
C-EEU-SVK,urb,sfh,2030,3.4426141381681603
C-EEU-SVK,urb,sfh,2035,3.443616140653101
C-EEU-SVK,urb,sfh,2040,3.4445548733176254
C-EEU-SVK,urb,sfh,2045,3.4452568906028773
C-EEU-SVK,urb,sfh,2050,3.4457497377155244
C-EEU-SVK,urb,sfh,2055,3.4462614210502354
C-EEU-SVK,urb,sfh,2060,3.446978396555527
C-EEU-SVK,urb,sfh,2065,3.4479238703597024
C-EEU-SVK,urb,sfh,2070,3.4489412057927145
C-EEU-SVK,urb,sfh,2075,3.4497774893141133
C-EEU-SVK,urb,sfh,2080,3.4502705028779554
C-EEU-SVK,urb,sfh,2085,3.450411866845565
C-EEU-SVK,urb,sfh,2090,3.450287659972581
C-EEU-SVK,urb,sfh,2095,3.450037286198462
C-EEU-SVK,urb,sfh,2100,3.449768365880365
C-EEU-SVN,rur,mfh,2015,2.375792605830829
C-EEU-SVN,rur,mfh,2020,2.375792605830829
C-EEU-SVN,rur,mfh,2025,2.3759462963091513
C-EEU-SVN,rur,mfh,2030,2.3760178926192737
C-EEU-SVN,rur,mfh,2035,2.3760831550226094
C-EEU-SVN,rur,mfh,2040,2.3761577278348325
C-EEU-SVN,rur,mfh,2045,2.376224319116346
C-EEU-SVN,rur,mfh,2050,2.3762640100383434
C-EEU-SVN,rur,mfh,2055,2.376295609938445
C-EEU-SVN,rur,mfh,2060,2.3763120917364997
C-EEU-SVN,rur,mfh,2065,2.3763172448986927
C-EEU-SVN,rur,mfh,2070,2.3763177269118514
C-EEU-SVN,rur,mfh,2075,2.3763217675996473
C-EEU-SVN,rur,mfh,2080,2.3763296220369203
C-EEU-SVN,rur,mfh,2085,2.376343472004194
C-EEU-SVN,rur,mfh,2090,2.376351978714357
C-EEU-SVN,rur,mfh,2095,2.376362369765142
C-EEU-SVN,rur,mfh,2100,2.3763668640147184
C-EEU-SVN,urb,mfh,2015,2.375792605830829
C-EEU-SVN,urb,mfh,2020,2.375792605830829
C-EEU-SVN,urb,mfh,2025,2.3759462963091513
C-EEU-SVN,urb,mfh,2030,2.3760178926192737
C-EEU-SVN,urb,mfh,2035,2.3760831550226094
C-EEU-SVN,urb,mfh,2040,2.3761577278348325
C-EEU-SVN,urb,mfh,2045,2.376224319116346
C-EEU-SVN,urb,mfh,2050,2.3762640100383434
C-EEU-SVN,urb,mfh,2055,2.376295609938445
C-EEU-SVN,urb,mfh,2060,2.3763120917364997
C-EEU-SVN,urb,mfh,2065,2.3763172448986927
C-EEU-SVN,urb,mfh,2070,2.3763177269118514
C-EEU-SVN,urb,mfh,2075,2.3763217675996473
C-EEU-SVN,urb,mfh,2080,2.3763296220369203
C-EEU-SVN,urb,mfh,2085,2.376343472004194
C-EEU-SVN,urb,mfh,2090,2.376351978714357
C-EEU-SVN,urb,mfh,2095,2.376362369765142
C-EEU-SVN,urb,mfh,2100,2.3763668640147184
C-EEU-SVN,rur,sfh,2015,3.3870428573650697
C-EEU-SVN,rur,sfh,2020,3.3870428573650697
C-EEU-SVN,rur,sfh,2025,3.3884644500770817
C-EEU-SVN,rur,sfh,2030,3.389702434024676
C-EEU-SVN,rur,sfh,2035,3.390776416510685
C-EEU-SVN,rur,sfh,2040,3.3917939711336467
C-EEU-SVN,rur,sfh,2045,3.3927950080044833
C-EEU-SVN,rur,sfh,2050,3.39377910221205
C-EEU-SVN,rur,sfh,2055,3.3946993021936587
C-EEU-SVN,rur,sfh,2060,3.3955395344700214
C-EEU-SVN,rur,sfh,2065,3.3962689353283753
C-EEU-SVN,rur,sfh,2070,3.396875712372109
C-EEU-SVN,rur,sfh,2075,3.3973819376083942
C-EEU-SVN,rur,sfh,2080,3.3978112822652546
C-EEU-SVN,rur,sfh,2085,3.3981560057082945
C-EEU-SVN,rur,sfh,2090,3.398433311798448
C-EEU-SVN,rur,sfh,2095,3.3986759896628143
C-EEU-SVN,rur,sfh,2100,3.3989266893882797
C-EEU-SVN,urb,sfh,2015,3.3870428573650697
C-EEU-SVN,urb,sfh,2020,3.3870428573650697
C-EEU-SVN,urb,sfh,2025,3.3884644500770817
C-EEU-SVN,urb,sfh,2030,3.389702434024676
C-EEU-SVN,urb,sfh,2035,3.390776416510685
C-EEU-SVN,urb,sfh,2040,3.3917939711336467
C-EEU-SVN,urb,sfh,2045,3.3927950080044833
C-EEU-SVN,urb,sfh,2050,3.39377910221205
C-EEU-SVN,urb,sfh,2055,3.3946993021936587
C-EEU-SVN,urb,sfh,2060,3.3955395344700214
C-EEU-SVN,urb,sfh,2065,3.3962689353283753
C-EEU-SVN,urb,sfh,2070,3.396875712372109
C-EEU-SVN,urb,sfh,2075,3.3973819376083942
C-EEU-SVN,urb,sfh,2080,3.3978112822652546
C-EEU-SVN,urb,sfh,2085,3.3981560057082945
C-EEU-SVN,urb,sfh,2090,3.398433311798448
C-EEU-SVN,urb,sfh,2095,3.3986759896628143
C-EEU-SVN,urb,sfh,2100,3.3989266893882797
C-WEU-AUT,rur,mfh,2015,2.021243163036196
C-WEU-AUT,rur,mfh,2020,2.021243163036196
C-WEU-AUT,rur,mfh,2025,2.021371364824177
C-WEU-AUT,rur,mfh,2030,2.0214634339292026
C-WEU-AUT,rur,mfh,2035,2.0215533731616375
C-WEU-AUT,rur,mfh,2040,2.021631587943211
C-WEU-AUT,rur,mfh,2045,2.0217004053579886
C-WEU-AUT,rur,mfh,2050,2.021767657944123
C-WEU-AUT,rur,mfh,2055,2.0218348539931936
C-WEU-AUT,rur,mfh,2060,2.0219025981153886
C-WEU-AUT,rur,mfh,2065,2.0219898683296518
C-WEU-AUT,rur,mfh,2070,2.0221070954099734
C-WEU-AUT,rur,mfh,2075,2.0222537424052067
C-WEU-AUT,rur,mfh,2080,2.022426542624078
C-WEU-AUT,rur,mfh,2085,2.0226205096687595
C-WEU-AUT,rur,mfh,2090,2.0228307964957013
C-WEU-AUT,rur,mfh,2095,2.023052034963301
C-WEU-AUT,rur,mfh,2100,2.023280370288401
C-WEU-AUT,urb,mfh,2015,2.021243163036196
C-WEU-AUT,urb,mfh,2020,2.021243163036196
C-WEU-AUT,urb,mfh,2025,2.021371364824177
C-WEU-AUT,urb,mfh,2030,2.0214634339292026
C-WEU-AUT,urb,mfh,2035,2.0215533731616375
C-WEU-AUT,urb,mfh,2040,2.021631587943211
C-WEU-AUT,urb,mfh,2045,2.0217004053579886
C-WEU-AUT,urb,mfh,2050,2.021767657944123
C-WEU-AUT,urb,mfh,2055,2.0218348539931936
C-WEU-AUT,urb,mfh,2060,2.0219025981153886
C-WEU-AUT,urb,mfh,2065,2.0219898683296518
C-WEU-AUT,urb,mfh,2070,2.0221070954099734
C-WEU-AUT,urb,mfh,2075,2.0222537424052067
C-WEU-AUT,urb,mfh,2080,2.022426542624078
C-WEU-AUT,urb,mfh,2085,2.0226205096687595
C-WEU-AUT,urb,mfh,2090,2.0228307964957013
C-WEU-AUT,urb,mfh,2095,2.023052034963301
C-WEU-AUT,urb,mfh,2100,2.023280370288401
C-WEU-AUT,rur,sfh,2015,2.5451677455268262
C-WEU-AUT,rur,sfh,2020,2.5451677455268262
C-WEU-AUT,rur,sfh,2025,2.5448453111975264
C-WEU-AUT,rur,sfh,2030,2.5443833494093213
C-WEU-AUT,rur,sfh,2035,2.5439491890933494
C-WEU-AUT,rur,sfh,2040,2.543510421005537
C-WEU-AUT,rur,sfh,2045,2.543058832847764
C-WEU-AUT,rur,sfh,2050,2.5425959692136377
C-WEU-AUT,rur,sfh,2055,2.5421370773736878
C-WEU-AUT,rur,sfh,2060,2.5417061940773653
C-WEU-AUT,rur,sfh,2065,2.541351736527752
C-WEU-AUT,rur,sfh,2070,2.5411037770935474
C-WEU-AUT,rur,sfh,2075,2.540946304497489
C-WEU-AUT,rur,sfh,2080,2.5408470596878123
C-WEU-AUT,rur,sfh,2085,2.5407926255656244
C-WEU-AUT,rur,sfh,2090,2.540779267964782
C-WEU-AUT,rur,sfh,2095,2.5408184459970835
C-WEU-AUT,rur,sfh,2100,2.5408995250794635
C-WEU-AUT,urb,sfh,2015,2.5451677455268262
C-WEU-AUT,urb,sfh,2020,2.5451677455268262
C-WEU-AUT,urb,sfh,2025,2.5448453111975264
C-WEU-AUT,urb,sfh,2030,2.5443833494093213
C-WEU-AUT,urb,sfh,2035,2.5439491890933494
C-WEU-AUT,urb,sfh,2040,2.543510421005537
C-WEU-AUT,urb,sfh,2045,2.543058832847764
C-WEU-AUT,urb,sfh,2050,2.5425959692136377
C-WEU-AUT,urb,sfh,2055,2.5421370773736878
C-WEU-AUT,urb,sfh,2060,2.5417061940773653
C-WEU-AUT,urb,sfh,2065,2.541351736527752
C-WEU-AUT,urb,sfh,2070,2.5411037770935474
C-WEU-AUT,urb,sfh,2075,2.540946304497489
C-WEU-AUT,urb,sfh,2080,2.5408470596878123
C-WEU-AUT,urb,sfh,2085,2.5407926255656244
C-WEU-AUT,urb,sfh,2090,2.540779267964782
C-WEU-AUT,urb,sfh,2095,2.5408184459970835
C-WEU-AUT,urb,sfh,2100,2.5408995250794635
C-WEU-BEL,rur,mfh,2015,1.7860985946285344
C-WEU-BEL,rur,mfh,2020,1.7860985946285344
C-WEU-BEL,rur,mfh,2025,1.787302754641982
C-WEU-BEL,rur,mfh,2030,1.7881219799748294
C-WEU-BEL,rur,mfh,2035,1.7889048552025126
C-WEU-BEL,rur,mfh,2040,1.789646062983396
C-WEU-BEL,rur,mfh,2045,1.7903732119792912
C-WEU-BEL,rur,mfh,2050,1.791089024727563
C-WEU-BEL,rur,mfh,2055,1.7918063587479778
C-WEU-BEL,rur,mfh,2060,1.7924909090763674
C-WEU-BEL,rur,mfh,2065,1.7931222768815551
C-WEU-BEL,rur,mfh,2070,1.7936910996448692
C-WEU-BEL,rur,mfh,2075,1.794226950034456
C-WEU-BEL,rur,mfh,2080,1.7947820778371915
C-WEU-BEL,rur,mfh,2085,1.7953891021324753
C-WEU-BEL,rur,mfh,2090,1.7960459707881835
C-WEU-BEL,rur,mfh,2095,1.7967335108494804
C-WEU-BEL,rur,mfh,2100,1.7974397926880665
C-WEU-BEL,urb,mfh,2015,1.7860985946285344
C-WEU-BEL,urb,mfh,2020,1.7860985946285344
C-WEU-BEL,urb,mfh,2025,1.787302754641982
C-WEU-BEL,urb,mfh,2030,1.7881219799748294
C-WEU-BEL,urb,mfh,2035,1.7889048552025126
C-WEU-BEL,urb,mfh,2040,1.789646062983396
C-WEU-BEL,urb,mfh,2045,1.7903732119792912
C-WEU-BEL,urb,mfh,2050,1.791089024727563
C-WEU-BEL,urb,mfh,2055,1.7918063587479778
C-WEU-BEL,urb,mfh,2060,1.7924909090763674
C-WEU-BEL,urb,mfh,2065,1.7931222768815551
C-WEU-BEL,urb,mfh,2070,1.7936910996448692
C-WEU-BEL,urb,mfh,2075,1.794226950034456
C-WEU-BEL,urb,mfh,2080,1.7947820778371915
C-WEU-BEL,urb,mfh,2085,1.7953891021324753
C-WEU-BEL,urb,mfh,2090,1.7960459707881835
C-WEU-BEL,urb,mfh,2095,1.7967335108494804
C-WEU-BEL,urb,mfh,2100,1.7974397926880665
C-WEU-BEL,rur,sfh,2015,2.556581438835287
C-WEU-BEL,rur,sfh,2020,2.556581438835287
C-WEU-BEL,rur,sfh,2025,2.558230080759027
C-WEU-BEL,rur,sfh,2030,2.559331345790004
C-WEU-BEL,rur,sfh,2035,2.5603461780970385
C-WEU-BEL,rur,sfh,2040,2.5612742025741655
C-WEU-BEL,rur,sfh,2045,2.5621437258797815
C-WEU-BEL,rur,sfh,2050,2.5629550179112406
C-WEU-BEL,rur,sfh,2055,2.5637647002654798
C-WEU-BEL,rur,sfh,2060,2.5645348284141045
C-WEU-BEL,rur,sfh,2065,2.5652596575504494
C-WEU-BEL,rur,sfh,2070,2.5659260660713374
C-WEU-BEL,rur,sfh,2075,2.5665653574308664
C-WEU-BEL,rur,sfh,2080,2.56725194166332
C-WEU-BEL,rur,sfh,2085,2.5680402756119416
C-WEU-BEL,rur,sfh,2090,2.568934274179448
C-WEU-BEL,rur,sfh,2095,2.5699050507963794
C-WEU-BEL,rur,sfh,2100,2.570927507466518
C-WEU-BEL,urb,sfh,2015,2.556581438835287
C-WEU-BEL,urb,sfh,2020,2.556581438835287
C-WEU-BEL,urb,sfh,2025,2.558230080759027
C-WEU-BEL,urb,sfh,2030,2.559331345790004
C-WEU-BEL,urb,sfh,2035,2.5603461780970385
C-WEU-BEL,urb,sfh,2040,2.5612742025741655
C-WEU-BEL,urb,sfh,2045,2.5621437258797815
C-WEU-BEL,urb,sfh,2050,2.5629550179112406
C-WEU-BEL,urb,sfh,2055,2.5637647002654798
C-WEU-BEL,urb,sfh,2060,2.5645348284141045
C-WEU-BEL,urb,sfh,2065,2.5652596575504494
C-WEU-BEL,urb,sfh,2070,2.5659260660713374
C-WEU-BEL,urb,sfh,2075,2.5665653574308664
C-WEU-BEL,urb,sfh,2080,2.56725194166332
C-WEU-BEL,urb,sfh,2085,2.5680402756119416
C-WEU-BEL,urb,sfh,2090,2.568934274179448
C-WEU-BEL,urb,sfh,2095,2.5699050507963794
C-WEU-BEL,urb,sfh,2100,2.570927507466518
C-WEU-CYP,rur,mfh,2015,2.3923093316429966
C-WEU-CYP,rur,mfh,2020,2.3923093316429966
C-WEU-CYP,rur,mfh,2025,2.392309331642996
C-WEU-CYP,rur,mfh,2030,2.392309331642997
C-WEU-CYP,rur,mfh,2035,2.3923093316429966
C-WEU-CYP,rur,mfh,2040,2.3923093316429966
C-WEU-CYP,rur,mfh,2045,2.3923093316429966
C-WEU-CYP,rur,mfh,2050,2.392309331642996
C-WEU-CYP,rur,mfh,2055,2.3923093316429966
C-WEU-CYP,rur,mfh,2060,2.3923093316429966
C-WEU-CYP,rur,mfh,2065,2.3923093316429966
C-WEU-CYP,rur,mfh,2070,2.392309331642997
C-WEU-CYP,rur,mfh,2075,2.3923093316429966
C-WEU-CYP,rur,mfh,2080,2.392309331642996
C-WEU-CYP,rur,mfh,2085,2.3923093316429966
C-WEU-CYP,rur,mfh,2090,2.3923093316429966
C-WEU-CYP,rur,mfh,2095,2.3923093316429966
C-WEU-CYP,rur,mfh,2100,2.3923093316429966
C-WEU-CYP,urb,mfh,2015,2.3923093316429966
C-WEU-CYP,urb,mfh,2020,2.3923093316429966
C-WEU-CYP,urb,mfh,2025,2.392309331642996
C-WEU-CYP,urb,mfh,2030,2.392309331642997
C-WEU-CYP,urb,mfh,2035,2.3923093316429966
C-WEU-CYP,urb,mfh,2040,2.3923093316429966
C-WEU-CYP,urb,mfh,2045,2.3923093316429966
C-WEU-CYP,urb,mfh,2050,2.392309331642996
C-WEU-CYP,urb,mfh,2055,2.3923093316429966
C-WEU-CYP,urb,mfh,2060,2.3923093316429966
C-WEU-CYP,urb,mfh,2065,2.3923093316429966
C-WEU-CYP,urb,mfh,2070,2.392309331642997
C-WEU-CYP,urb,mfh,2075,2.3923093316429966
C-WEU-CYP,urb,mfh,2080,2.392309331642996
C-WEU-CYP,urb,mfh,2085,2.3923093316429966
C-WEU-CYP,urb,mfh,2090,2.3923093316429966
C-WEU-CYP,urb,mfh,2095,2.3923093316429966
C-WEU-CYP,urb,mfh,2100,2.3923093316429966
C-WEU-CYP,rur,sfh,2015,2.801503115356183
C-WEU-CYP,rur,sfh,2020,2.801503115356183
C-WEU-CYP,rur,sfh,2025,2.8015031153561827
C-WEU-CYP,rur,sfh,2030,2.8015031153561836
C-WEU-CYP,rur,sfh,2035,2.801503115356183
C-WEU-CYP,rur,sfh,2040,2.8015031153561827
C-WEU-CYP,rur,sfh,2045,2.801503115356183
C-WEU-CYP,rur,sfh,2050,2.8015031153561827
C-WEU-CYP,rur,sfh,2055,2.801503115356183
C-WEU-CYP,rur,sfh,2060,2.8015031153561827
C-WEU-CYP,rur,sfh,2065,2.8015031153561836
C-WEU-CYP,rur,sfh,2070,2.801503115356183
C-WEU-CYP,rur,sfh,2075,2.801503115356183
C-WEU-CYP,rur,sfh,2080,2.801503115356183
C-WEU-CYP,rur,sfh,2085,2.801503115356183
C-WEU-CYP,rur,sfh,2090,2.8015031153561827
C-WEU-CYP,rur,sfh,2095,2.801503115356183
C-WEU-CYP,rur,sfh,2100,2.801503115356183
C-WEU-CYP,urb,sfh,2015,2.801503115356183
C-WEU-CYP,urb,sfh,2020,2.801503115356183
C-WEU-CYP,urb,sfh,2025,2.8015031153561827
C-WEU-CYP,urb,sfh,2030,2.8015031153561836
C-WEU-CYP,urb,sfh,2035,2.801503115356183
C-WEU-CYP,urb,sfh,2040,2.8015031153561827
C-WEU-CYP,urb,sfh,2045,2.801503115356183
C-WEU-CYP,urb,sfh,2050,2.8015031153561827
C-WEU-CYP,urb,sfh,2055,2.801503115356183
C-WEU-CYP,urb,sfh,2060,2.8015031153561827
C-WEU-CYP,urb,sfh,2065,2.8015031153561836
C-WEU-CYP,urb,sfh,2070,2.801503115356183
C-WEU-CYP,urb,sfh,2075,2.801503115356183
C-WEU-CYP,urb,sfh,2080,2.801503115356183
C-WEU-CYP,urb,sfh,2085,2.801503115356183
C-WEU-CYP,urb,sfh,2090,2.8015031153561827
C-WEU-CYP,urb,sfh,2095,2.801503115356183
C-WEU-CYP,urb,sfh,2100,2.801503115356183
C-WEU-DEU,rur,mfh,2015,1.8079265138779361
C-WEU-DEU,rur,mfh,2020,1.8079265138779361
C-WEU-DEU,rur,mfh,2025,1.8081824195569933
C-WEU-DEU,rur,mfh,2030,1.8084364404928241
C-WEU-DEU,rur,mfh,2035,1.808690918788977
C-WEU-DEU,rur,mfh,2040,1.8089030466402551
C-WEU-DEU,rur,mfh,2045,1.809045532919566
C-WEU-DEU,rur,mfh,2050,1.8091317440608619
C-WEU-DEU,rur,mfh,2055,1.809170768137214
C-WEU-DEU,rur,mfh,2060,1.809179485409423
C-WEU-DEU,rur,mfh,2065,1.809190757958667
C-WEU-DEU,rur,mfh,2070,1.8092340918568786
C-WEU-DEU,rur,mfh,2075,1.8093153314999277
C-WEU-DEU,rur,mfh,2080,1.8094273409883586
C-WEU-DEU,rur,mfh,2085,1.8095500601479864
C-WEU-DEU,rur,mfh,2090,1.8096619329104122
C-WEU-DEU,rur,mfh,2095,1.8097585983196753
C-WEU-DEU,rur,mfh,2100,1.8098501571498207
C-WEU-DEU,urb,mfh,2015,1.8079265138779361
C-WEU-DEU,urb,mfh,2020,1.8079265138779361
C-WEU-DEU,urb,mfh,2025,1.8081824195569933
C-WEU-DEU,urb,mfh,2030,1.8084364404928241
C-WEU-DEU,urb,mfh,2035,1.808690918788977
C-WEU-DEU,urb,mfh,2040,1.8089030466402551
C-WEU-DEU,urb,mfh,2045,1.809045532919566
C-WEU-DEU,urb,mfh,2050,1.8091317440608619
C-WEU-DEU,urb,mfh,2055,1.809170768137214
C-WEU-DEU,urb,mfh,2060,1.809179485409423
C-WEU-DEU,urb,mfh,2065,1.809190757958667
C-WEU-DEU,urb,mfh,2070,1.8092340918568786
C-WEU-DEU,urb,mfh,2075,1.8093153314999277
C-WEU-DEU,urb,mfh,2080,1.8094273409883586
C-WEU-DEU,urb,mfh,2085,1.8095500601479864
C-WEU-DEU,urb,mfh,2090,1.8096619329104122
C-WEU-DEU,urb,mfh,2095,1.8097585983196753
C-WEU-DEU,urb,mfh,2100,1.8098501571498207
C-WEU-DEU,rur,sfh,2015,2.5605063332332083
C-WEU-DEU,rur,sfh,2020,2.5605063332332083
C-WEU-DEU,rur,sfh,2025,2.561941629274323
C-WEU-DEU,rur,sfh,2030,2.563156284982803
C-WEU-DEU,rur,sfh,2035,2.5641763400483013
C-WEU-DEU,rur,sfh,2040,2.5650348037695045
C-WEU-DEU,rur,sfh,2045,2.565808969487822
C-WEU-DEU,rur,sfh,2050,2.5665333132398467
C-WEU-DEU,rur,sfh,2055,2.5671675942716736
C-WEU-DEU,rur,sfh,2060,2.56764960396965
C-WEU-DEU,rur,sfh,2065,2.567951576809898
C-WEU-DEU,rur,sfh,2070,2.5681205002125216
C-WEU-DEU,rur,sfh,2075,2.5682296338360002
C-WEU-DEU,rur,sfh,2080,2.568322139276717
C-WEU-DEU,rur,sfh,2085,2.5683986996327763
C-WEU-DEU,rur,sfh,2090,2.5684594584650804
C-WEU-DEU,rur,sfh,2095,2.568526211783808
C-WEU-DEU,rur,sfh,2100,2.568613503988778
C-WEU-DEU,urb,sfh,2015,2.5605063332332083
C-WEU-DEU,urb,sfh,2020,2.5605063332332083
C-WEU-DEU,urb,sfh,2025,2.561941629274323
C-WEU-DEU,urb,sfh,2030,2.563156284982803
C-WEU-DEU,urb,sfh,2035,2.5641763400483013
C-WEU-DEU,urb,sfh,2040,2.5650348037695045
C-WEU-DEU,urb,sfh,2045,2.565808969487822
C-WEU-DEU,urb,sfh,2050,2.5665333132398467
C-WEU-DEU,urb,sfh,2055,2.5671675942716736
C-WEU-DEU,urb,sfh,2060,2.56764960396965
C-WEU-DEU,urb,sfh,2065,2.567951576809898
C-WEU-DEU,urb,sfh,2070,2.5681205002125216
C-WEU-DEU,urb,sfh,2075,2.5682296338360002
C-WEU-DEU,urb,sfh,2080,2.568322139276717
C-WEU-DEU,urb,sfh,2085,2.5683986996327763
C-WEU-DEU,urb,sfh,2090,2.5684594584650804
C-WEU-DEU,urb,sfh,2095,2.568526211783808
C-WEU-DEU,urb,sfh,2100,2.568613503988778
C-WEU-DNK,rur,mfh,2015,1.7074737659485968
C-WEU-DNK,rur,mfh,2020,1.7074737659485968
C-WEU-DNK,rur,mfh,2025,1.7088226089861958
C-WEU-DNK,rur,mfh,2030,1.7099043563289615
C-WEU-DNK,rur,mfh,2035,1.7104981823226986
C-WEU-DNK,rur,mfh,2040,1.7108292238008267
C-WEU-DNK,rur,mfh,2045,1.7110283527880359
C-WEU-DNK,rur,mfh,2050,1.7110596537621923
C-WEU-DNK,rur,mfh,2055,1.7108830401071107
C-WEU-DNK,rur,mfh,2060,1.7105093943786676
C-WEU-DNK,rur,mfh,2065,1.7099543242497715
C-WEU-DNK,rur,mfh,2070,1.7092555359683157
C-WEU-DNK,rur,mfh,2075,1.7084660836221925
C-WEU-DNK,rur,mfh,2080,1.7076327458315106
C-WEU-DNK,rur,mfh,2085,1.7068028392442587
C-WEU-DNK,rur,mfh,2090,1.7059964212034573
C-WEU-DNK,rur,mfh,2095,1.7052172126511633
C-WEU-DNK,rur,mfh,2100,1.7044499068980852
C-WEU-DNK,urb,mfh,2015,1.7074737659485968
C-WEU-DNK,urb,mfh,2020,1.7074737659485968
C-WEU-DNK,urb,mfh,2025,1.7088226089861958
C-WEU-DNK,urb,mfh,2030,1.7099043563289615
C-WEU-DNK,urb,mfh,2035,1.7104981823226986
C-WEU-DNK,urb,mfh,2040,1.7108292238008267
C-WEU-DNK,urb,mfh,2045,1.7110283527880359
C-WEU-DNK,urb,mfh,2050,1.7110596537621923
C-WEU-DNK,urb,mfh,2055,1.7108830401071107
C-WEU-DNK,urb,mfh,2060,1.7105093943786676
C-WEU-DNK,urb,mfh,2065,1.7099543242497715
C-WEU-DNK,urb,mfh,2070,1.7092555359683157
C-WEU-DNK,urb,mfh,2075,1.7084660836221925
C-WEU-DNK,urb,mfh,2080,1.7076327458315106
C-WEU-DNK,urb,mfh,2085,1.7068028392442587
C-WEU-DNK,urb,mfh,2090,1.7059964212034573
C-WEU-DNK,urb,mfh,2095,1.7052172126511633
C-WEU-DNK,urb,mfh,2100,1.7044499068980852
C-WEU-DNK,rur,sfh,2015,2.5667578030681453
C-WEU-DNK,rur,sfh,2020,2.5667578030681453
C-WEU-DNK,rur,sfh,2025,2.568795713415819
C-WEU-DNK,rur,sfh,2030,2.570433549547103
C-WEU-DNK,rur,sfh,2035,2.5713256153769755
C-WEU-DNK,rur,sfh,2040,2.5718473436190505
C-WEU-DNK,rur,sfh,2045,2.5721998246402107
C-WEU-DNK,rur,sfh,2050,2.572314785736105
C-WEU-DNK,rur,sfh,2055,2.572117035094959
C-WEU-DNK,rur,sfh,2060,2.5716174830410186
C-WEU-DNK,rur,sfh,2065,2.570834934032309
C-WEU-DNK,rur,sfh,2070,2.569826289224704
C-WEU-DNK,rur,sfh,2075,2.5686766593056243
C-WEU-DNK,rur,sfh,2080,2.567468017440121
C-WEU-DNK,rur,sfh,2085,2.56627922770726
C-WEU-DNK,rur,sfh,2090,2.5651351967784457
C-WEU-DNK,rur,sfh,2095,2.5640341960867064
C-WEU-DNK,rur,sfh,2100,2.5629481929908344
C-WEU-DNK,urb,sfh,2015,2.5667578030681453
C-WEU-DNK,urb,sfh,2020,2.5667578030681453
C-WEU-DNK,urb,sfh,2025,2.568795713415819
C-WEU-DNK,urb,sfh,2030,2.570433549547103
C-WEU-DNK,urb,sfh,2035,2.5713256153769755
C-WEU-DNK,urb,sfh,2040,2.5718473436190505
C-WEU-DNK,urb,sfh,2045,2.5721998246402107
C-WEU-DNK,urb,sfh,2050,2.572314785736105
C-WEU-DNK,urb,sfh,2055,2.572117035094959
C-WEU-DNK,urb,sfh,2060,2.5716174830410186
C-WEU-DNK,urb,sfh,2065,2.570834934032309
C-WEU-DNK,urb,sfh,2070,2.569826289224704
C-WEU-DNK,urb,sfh,2075,2.5686766593056243
C-WEU-DNK,urb,sfh,2080,2.567468017440121
C-WEU-DNK,urb,sfh,2085,2.56627922770726
C-WEU-DNK,urb,sfh,2090,2.5651351967784457
C-WEU-DNK,urb,sfh,2095,2.5640341960867064
C-WEU-DNK,urb,sfh,2100,2.5629481929908344
C-WEU-ESP,rur,mfh,2015,2.507687122726056
C-WEU-ESP,rur,mfh,2020,2.507687122726056
C-WEU-ESP,rur,mfh,2025,2.5096871651274126
C-WEU-ESP,rur,mfh,2030,2.511337496568683
C-WEU-ESP,rur,mfh,2035,2.5128392487426994
C-WEU-ESP,rur,mfh,2040,2.514232909231569
C-WEU-ESP,rur,mfh,2045,2.5155438935036334
C-WEU-ESP,rur,mfh,2050,2.5167910648333827
C-WEU-ESP,rur,mfh,2055,2.5179929383256114
C-WEU-ESP,rur,mfh,2060,2.5191469565920146
C-WEU-ESP,rur,mfh,2065,2.5202327308094397
C-WEU-ESP,rur,mfh,2070,2.521223151444009
C-WEU-ESP,rur,mfh,2075,2.522088877042254
C-WEU-ESP,rur,mfh,2080,2.5228062208140085
C-WEU-ESP,rur,mfh,2085,2.5233942063094705
C-WEU-ESP,rur,mfh,2090,2.5239094672427753
C-WEU-ESP,rur,mfh,2095,2.5243999771873264
C-WEU-ESP,rur,mfh,2100,2.524884922394029
C-WEU-ESP,urb,mfh,2015,2.507687122726056
C-WEU-ESP,urb,mfh,2020,2.507687122726056
C-WEU-ESP,urb,mfh,2025,2.5096871651274126
C-WEU-ESP,urb,mfh,2030,2.511337496568683
C-WEU-ESP,urb,mfh,2035,2.5128392487426994
C-WEU-ESP,urb,mfh,2040,2.514232909231569
C-WEU-ESP,urb,mfh,2045,2.5155438935036334
C-WEU-ESP,urb,mfh,2050,2.5167910648333827
C-WEU-ESP,urb,mfh,2055,2.5179929383256114
C-WEU-ESP,urb,mfh,2060,2.5191469565920146
C-WEU-ESP,urb,mfh,2065,2.5202327308094397
C-WEU-ESP,urb,mfh,2070,2.521223151444009
C-WEU-ESP,urb,mfh,2075,2.522088877042254
C-WEU-ESP,urb,mfh,2080,2.5228062208140085
C-WEU-ESP,urb,mfh,2085,2.5233942063094705
C-WEU-ESP,urb,mfh,2090,2.5239094672427753
C-WEU-ESP,urb,mfh,2095,2.5243999771873264
C-WEU-ESP,urb,mfh,2100,2.524884922394029
C-WEU-ESP,rur,sfh,2015,2.6797393777167025
C-WEU-ESP,rur,sfh,2020,2.6797393777167025
C-WEU-ESP,rur,sfh,2025,2.6846209253807616
C-WEU-ESP,rur,sfh,2030,2.6885637323111116
C-WEU-ESP,rur,sfh,2035,2.692162596545999
C-WEU-ESP,rur,sfh,2040,2.6955015815841943
C-WEU-ESP,rur,sfh,2045,2.6986605063811426
C-WEU-ESP,rur,sfh,2050,2.701718982624838
C-WEU-ESP,rur,sfh,2055,2.704715513481644
C-WEU-ESP,rur,sfh,2060,2.707614440148027
C-WEU-ESP,rur,sfh,2065,2.7103449659368906
C-WEU-ESP,rur,sfh,2070,2.7128452995447696
C-WEU-ESP,rur,sfh,2075,2.715067207631975
C-WEU-ESP,rur,sfh,2080,2.716971381664149
C-WEU-ESP,rur,sfh,2085,2.718569891066222
C-WEU-ESP,rur,sfh,2090,2.7199477410656607
C-WEU-ESP,rur,sfh,2095,2.7211938516488785
C-WEU-ESP,rur,sfh,2100,2.722364884525308
C-WEU-ESP,urb,sfh,2015,2.6797393777167025
C-WEU-ESP,urb,sfh,2020,2.6797393777167025
C-WEU-ESP,urb,sfh,2025,2.6846209253807616
C-WEU-ESP,urb,sfh,2030,2.6885637323111116
C-WEU-ESP,urb,sfh,2035,2.692162596545999
C-WEU-ESP,urb,sfh,2040,2.6955015815841943
C-WEU-ESP,urb,sfh,2045,2.6986605063811426
C-WEU-ESP,urb,sfh,2050,2.701718982624838
C-WEU-ESP,urb,sfh,2055,2.704715513481644
C-WEU-ESP,urb,sfh,2060,2.707614440148027
C-WEU-ESP,urb,sfh,2065,2.7103449659368906
C-WEU-ESP,urb,sfh,2070,2.7128452995447696
C-WEU-ESP,urb,sfh,2075,2.715067207631975
C-WEU-ESP,urb,sfh,2080,2.716971381664149
C-WEU-ESP,urb,sfh,2085,2.718569891066222
C-WEU-ESP,urb,sfh,2090,2.7199477410656607
C-WEU-ESP,urb,sfh,2095,2.7211938516488785
C-WEU-ESP,urb,sfh,2100,2.722364884525308
C-WEU-FIN,rur,mfh,2015,1.6753809708847085
C-WEU-FIN,rur,mfh,2020,1.6753809708847085
C-WEU-FIN,rur,mfh,2025,1.6788675182040642
C-WEU-FIN,rur,mfh,2030,1.6819084020068282
C-WEU-FIN,rur,mfh,2035,1.6846854218053344
C-WEU-FIN,rur,mfh,2040,1.687249893195376
C-WEU-FIN,rur,mfh,2045,1.6896182247502618
C-WEU-FIN,rur,mfh,2050,1.6917668980336673
C-WEU-FIN,rur,mfh,2055,1.6936492676031973
C-WEU-FIN,rur,mfh,2060,1.6952702047776447
C-WEU-FIN,rur,mfh,2065,1.6966613242162576
C-WEU-FIN,rur,mfh,2070,1.6979001628993715
C-WEU-FIN,rur,mfh,2075,1.6990595539135365
C-WEU-FIN,rur,mfh,2080,1.7001630038035587
C-WEU-FIN,rur,mfh,2085,1.7012076324224046
C-WEU-FIN,rur,mfh,2090,1.7021931006081752
C-WEU-FIN,rur,mfh,2095,1.703127701316037
C-WEU-FIN,rur,mfh,2100,1.7040071783704616
C-WEU-FIN,urb,mfh,2015,1.6753809708847085
C-WEU-FIN,urb,mfh,2020,1.6753809708847085
C-WEU-FIN,urb,mfh,2025,1.6788675182040642
C-WEU-FIN,urb,mfh,2030,1.6819084020068282
C-WEU-FIN,urb,mfh,2035,1.6846854218053344
C-WEU-FIN,urb,mfh,2040,1.687249893195376
C-WEU-FIN,urb,mfh,2045,1.6896182247502618
C-WEU-FIN,urb,mfh,2050,1.6917668980336673
C-WEU-FIN,urb,mfh,2055,1.6936492676031973
C-WEU-FIN,urb,mfh,2060,1.6952702047776447
C-WEU-FIN,urb,mfh,2065,1.6966613242162576
C-WEU-FIN,urb,mfh,2070,1.6979001628993715
C-WEU-FIN,urb,mfh,2075,1.6990595539135365
C-WEU-FIN,urb,mfh,2080,1.7001630038035587
C-WEU-FIN,urb,mfh,2085,1.7012076324224046
C-WEU-FIN,urb,mfh,2090,1.7021931006081752
C-WEU-FIN,urb,mfh,2095,1.703127701316037
C-WEU-FIN,urb,mfh,2100,1.7040071783704616
C-WEU-FIN,rur,sfh,2015,2.5055073187287245
C-WEU-FIN,rur,sfh,2020,2.5055073187287245
C-WEU-FIN,rur,sfh,2025,2.5088674798768165
C-WEU-FIN,rur,sfh,2030,2.5117641632620225
C-WEU-FIN,rur,sfh,2035,2.5144010929280443
C-WEU-FIN,rur,sfh,2040,2.51684745644054
C-WEU-FIN,rur,sfh,2045,2.519104847429383
C-WEU-FIN,rur,sfh,2050,2.52112975735562
C-WEU-FIN,rur,sfh,2055,2.5228800445847184
C-WEU-FIN,rur,sfh,2060,2.524363983200376
C-WEU-FIN,rur,sfh,2065,2.525612290719309
C-WEU-FIN,rur,sfh,2070,2.526703546044381
C-WEU-FIN,rur,sfh,2075,2.527709035986032
C-WEU-FIN,rur,sfh,2080,2.5286611982732423
C-WEU-FIN,rur,sfh,2085,2.529565816198241
C-WEU-FIN,rur,sfh,2090,2.5304207300236983
C-WEU-FIN,rur,sfh,2095,2.531227244718763
C-WEU-FIN,rur,sfh,2100,2.5319780849353553
C-WEU-FIN,urb,sfh,2015,2.5055073187287245
C-WEU-FIN,urb,sfh,2020,2.5055073187287245
C-WEU-FIN,urb,sfh,2025,2.5088674798768165
C-WEU-FIN,urb,sfh,2030,2.5117641632620225
C-WEU-FIN,urb,sfh,2035,2.5144010929280443
C-WEU-FIN,urb,sfh,2040,2.51684745644054
C-WEU-FIN,urb,sfh,2045,2.519104847429383
C-WEU-FIN,urb,sfh,2050,2.52112975735562
C-WEU-FIN,urb,sfh,2055,2.5228800445847184
C-WEU-FIN,urb,sfh,2060,2.524363983200376
C-WEU-FIN,urb,sfh,2065,2.525612290719309
C-WEU-FIN,urb,sfh,2070,2.526703546044381
C-WEU-FIN,urb,sfh,2075,2.527709035986032
C-WEU-FIN,urb,sfh,2080,2.5286611982732423
C-WEU-FIN,urb,sfh,2085,2.529565816198241
C-WEU-FIN,urb,sfh,2090,2.5304207300236983
C-WEU-FIN,urb,sfh,2095,2.531227244718763
C-WEU-FIN,urb,sfh,2100,2.5319780849353553
C-WEU-FRA,rur,mfh,2015,1.8573226415902844
C-WEU-FRA,rur,mfh,2020,1.8573226415902844
C-WEU-FRA,rur,mfh,2025,1.860224754522654
C-WEU-FRA,rur,mfh,2030,1.8626005940664812
C-WEU-FRA,rur,mfh,2035,1.864198428873372
C-WEU-FRA,rur,mfh,2040,1.8652793264389895
C-WEU-FRA,rur,mfh,2045,1.8662177221376404
C-WEU-FRA,rur,mfh,2050,1.8671988934659864
C-WEU-FRA,rur,mfh,2055,1.86809875536794
C-WEU-FRA,rur,mfh,2060,1.8687877673522988
C-WEU-FRA,rur,mfh,2065,1.8692251982789214
C-WEU-FRA,rur,mfh,2070,1.8694685733920327
C-WEU-FRA,rur,mfh,2075,1.8696153063132548
C-WEU-FRA,rur,mfh,2080,1.8697739189644147
C-WEU-FRA,rur,mfh,2085,1.8700139425733817
C-WEU-FRA,rur,mfh,2090,1.8703949653891914
C-WEU-FRA,rur,mfh,2095,1.8709653955251861
C-WEU-FRA,rur,mfh,2100,1.8716875088642075
C-WEU-FRA,urb,mfh,2015,1.8573226415902844
C-WEU-FRA,urb,mfh,2020,1.8573226415902844
C-WEU-FRA,urb,mfh,2025,1.860224754522654
C-WEU-FRA,urb,mfh,2030,1.8626005940664812
C-WEU-FRA,urb,mfh,2035,1.864198428873372
C-WEU-FRA,urb,mfh,2040,1.8652793264389895
C-WEU-FRA,urb,mfh,2045,1.8662177221376404
C-WEU-FRA,urb,mfh,2050,1.8671988934659864
C-WEU-FRA,urb,mfh,2055,1.86809875536794
C-WEU-FRA,urb,mfh,2060,1.8687877673522988
C-WEU-FRA,urb,mfh,2065,1.8692251982789214
C-WEU-FRA,urb,mfh,2070,1.8694685733920327
C-WEU-FRA,urb,mfh,2075,1.8696153063132548
C-WEU-FRA,urb,mfh,2080,1.8697739189644147
C-WEU-FRA,urb,mfh,2085,1.8700139425733817
C-WEU-FRA,urb,mfh,2090,1.8703949653891914
C-WEU-FRA,urb,mfh,2095,1.8709653955251861
C-WEU-FRA,urb,mfh,2100,1.8716875088642075
C-WEU-FRA,rur,sfh,2015,2.4358875441134455
C-WEU-FRA,rur,sfh,2020,2.4358875441134455
C-WEU-FRA,rur,sfh,2025,2.4387702353941414
C-WEU-FRA,rur,sfh,2030,2.441460012779649
C-WEU-FRA,rur,sfh,2035,2.4433673232653854
C-WEU-FRA,rur,sfh,2040,2.444637312559205
C-WEU-FRA,rur,sfh,2045,2.4456393176118953
C-WEU-FRA,rur,sfh,2050,2.446614575019208
C-WEU-FRA,rur,sfh,2055,2.4475262390113692
C-WEU-FRA,rur,sfh,2060,2.4482609198032512
C-WEU-FRA,rur,sfh,2065,2.4487223449881825
C-WEU-FRA,rur,sfh,2070,2.4489111575869282
C-WEU-FRA,rur,sfh,2075,2.4489057975815447
C-WEU-FRA,rur,sfh,2080,2.44882528141189
C-WEU-FRA,rur,sfh,2085,2.448765587525439
C-WEU-FRA,rur,sfh,2090,2.4488168025458052
C-WEU-FRA,rur,sfh,2095,2.449059930626928
C-WEU-FRA,rur,sfh,2100,2.449476903565689
C-WEU-FRA,urb,sfh,2015,2.4358875441134455
C-WEU-FRA,urb,sfh,2020,2.4358875441134455
C-WEU-FRA,urb,sfh,2025,2.4387702353941414
C-WEU-FRA,urb,sfh,2030,2.441460012779649
C-WEU-FRA,urb,sfh,2035,2.4433673232653854
C-WEU-FRA,urb,sfh,2040,2.444637312559205
C-WEU-FRA,urb,sfh,2045,2.4456393176118953
C-WEU-FRA,urb,sfh,2050,2.446614575019208
C-WEU-FRA,urb,sfh,2055,2.4475262390113692
C-WEU-FRA,urb,sfh,2060,2.4482609198032512
C-WEU-FRA,urb,sfh,2065,2.4487223449881825
C-WEU-FRA,urb,sfh,2070,2.4489111575869282
C-WEU-FRA,urb,sfh,2075,2.4489057975815447
C-WEU-FRA,urb,sfh,2080,2.44882528141189
C-WEU-FRA,urb,sfh,2085,2.448765587525439
C-WEU-FRA,urb,sfh,2090,2.4488168025458052
C-WEU-FRA,urb,sfh,2095,2.449059930626928
C-WEU-FRA,urb,sfh,2100,2.449476903565689
C-WEU-GRC,rur,mfh,2015,2.3481834364261314
C-WEU-GRC,rur,mfh,2020,2.3481834364261314
C-WEU-GRC,rur,mfh,2025,2.350671084904375
C-WEU-GRC,rur,mfh,2030,2.352858231256414
C-WEU-GRC,rur,mfh,2035,2.35490525556285
C-WEU-GRC,rur,mfh,2040,2.3568437848039108
C-WEU-GRC,rur,mfh,2045,2.358607983452248
C-WEU-GRC,rur,mfh,2050,2.360159281281612
C-WEU-GRC,rur,mfh,2055,2.3615464377270965
C-WEU-GRC,rur,mfh,2060,2.3628359343181065
C-WEU-GRC,rur,mfh,2065,2.3640522874974064
C-WEU-GRC,rur,mfh,2070,2.365165347811691
C-WEU-GRC,rur,mfh,2075,2.3661153681631206
C-WEU-GRC,rur,mfh,2080,2.3668532347564435
C-WEU-GRC,rur,mfh,2085,2.367375908545373
C-WEU-GRC,rur,mfh,2090,2.367714988349031
C-WEU-GRC,rur,mfh,2095,2.3679171496184956
C-WEU-GRC,rur,mfh,2100,2.3680329199984143
C-WEU-GRC,urb,mfh,2015,2.3481834364261314
C-WEU-GRC,urb,mfh,2020,2.3481834364261314
C-WEU-GRC,urb,mfh,2025,2.350671084904375
C-WEU-GRC,urb,mfh,2030,2.352858231256414
C-WEU-GRC,urb,mfh,2035,2.35490525556285
C-WEU-GRC,urb,mfh,2040,2.3568437848039108
C-WEU-GRC,urb,mfh,2045,2.358607983452248
C-WEU-GRC,urb,mfh,2050,2.360159281281612
C-WEU-GRC,urb,mfh,2055,2.3615464377270965
C-WEU-GRC,urb,mfh,2060,2.3628359343181065
C-WEU-GRC,urb,mfh,2065,2.3640522874974064
C-WEU-GRC,urb,mfh,2070,2.365165347811691
C-WEU-GRC,urb,mfh,2075,2.3661153681631206
C-WEU-GRC,urb,mfh,2080,2.3668532347564435
C-WEU-GRC,urb,mfh,2085,2.367375908545373
C-WEU-GRC,urb,mfh,2090,2.367714988349031
C-WEU-GRC,urb,mfh,2095,2.3679171496184956
C-WEU-GRC,urb,mfh,2100,2.3680329199984143
C-WEU-GRC,rur,sfh,2015,2.4869309941131124
C-WEU-GRC,rur,sfh,2020,2.4869309941131124
C-WEU-GRC,rur,sfh,2025,2.488559694182458
C-WEU-GRC,rur,sfh,2030,2.489957810930401
C-WEU-GRC,rur,sfh,2035,2.4911241727058404
C-WEU-GRC,rur,sfh,2040,2.4920818418609163
C-WEU-GRC,rur,sfh,2045,2.4928530027064078
C-WEU-GRC,rur,sfh,2050,2.4934189789975223
C-WEU-GRC,rur,sfh,2055,2.4938118884211766
C-WEU-GRC,rur,sfh,2060,2.494086066141428
C-WEU-GRC,rur,sfh,2065,2.4942610845835027
C-WEU-GRC,rur,sfh,2070,2.494348216465029
C-WEU-GRC,rur,sfh,2075,2.49436536482252
C-WEU-GRC,rur,sfh,2080,2.4942991450215297
C-WEU-GRC,rur,sfh,2085,2.4941235627966027
C-WEU-GRC,rur,sfh,2090,2.4938386343941725
C-WEU-GRC,rur,sfh,2095,2.493483996846918
C-WEU-GRC,rur,sfh,2100,2.4931177770399913
C-WEU-GRC,urb,sfh,2015,2.4869309941131124
C-WEU-GRC,urb,sfh,2020,2.4869309941131124
C-WEU-GRC,urb,sfh,2025,2.488559694182458
C-WEU-GRC,urb,sfh,2030,2.489957810930401
C-WEU-GRC,urb,sfh,2035,2.4911241727058404
C-WEU-GRC,urb,sfh,2040,2.4920818418609163
C-WEU-GRC,urb,sfh,2045,2.4928530027064078
C-WEU-GRC,urb,sfh,2050,2.4934189789975223
C-WEU-GRC,urb,sfh,2055,2.4938118884211766
C-WEU-GRC,urb,sfh,2060,2.494086066141428
C-WEU-GRC,urb,sfh,2065,2.4942610845835027
C-WEU-GRC,urb,sfh,2070,2.494348216465029
C-WEU-GRC,urb,sfh,2075,2.49436536482252
C-WEU-GRC,urb,sfh,2080,2.4942991450215297
C-WEU-GRC,urb,sfh,2085,2.4941235627966027
C-WEU-GRC,urb,sfh,2090,2.4938386343941725
C-WEU-GRC,urb,sfh,2095,2.493483996846918
C-WEU-GRC,urb,sfh,2100,2.4931177770399913
C-WEU-IRL,rur,mfh,2015,2.161104664518644
C-WEU-IRL,rur,mfh,2020,2.161104664518644
C-WEU-IRL,rur,mfh,2025,2.1616650772044426
C-WEU-IRL,rur,mfh,2030,2.1619775213058654
C-WEU-IRL,rur,mfh,2035,2.1621625432388467
C-WEU-IRL,rur,mfh,2040,2.162249696082795
C-WEU-IRL,rur,mfh,2045,2.162283000724567
C-WEU-IRL,rur,mfh,2050,2.1622802264946364
C-WEU-IRL,rur,mfh,2055,2.1622364790775244
C-WEU-IRL,rur,mfh,2060,2.1621326048443743
C-WEU-IRL,rur,mfh,2065,2.161950557594084
C-WEU-IRL,rur,mfh,2070,2.161687779777569
C-WEU-IRL,rur,mfh,2075,2.1613650918766423
C-WEU-IRL,rur,mfh,2080,2.1610084747162492
C-WEU-IRL,rur,mfh,2085,2.1606538946939025
C-WEU-IRL,rur,mfh,2090,2.1603289969554407
C-WEU-IRL,rur,mfh,2095,2.160041696313558
C-WEU-IRL,rur,mfh,2100,2.159771345164837
C-WEU-IRL,urb,mfh,2015,2.161104664518644
C-WEU-IRL,urb,mfh,2020,2.161104664518644
C-WEU-IRL,urb,mfh,2025,2.1616650772044426
C-WEU-IRL,urb,mfh,2030,2.1619775213058654
C-WEU-IRL,urb,mfh,2035,2.1621625432388467
C-WEU-IRL,urb,mfh,2040,2.162249696082795
C-WEU-IRL,urb,mfh,2045,2.162283000724567
C-WEU-IRL,urb,mfh,2050,2.1622802264946364
C-WEU-IRL,urb,mfh,2055,2.1622364790775244
C-WEU-IRL,urb,mfh,2060,2.1621326048443743
C-WEU-IRL,urb,mfh,2065,2.161950557594084
C-WEU-IRL,urb,mfh,2070,2.161687779777569
C-WEU-IRL,urb,mfh,2075,2.1613650918766423
C-WEU-IRL,urb,mfh,2080,2.1610084747162492
C-WEU-IRL,urb,mfh,2085,2.1606538946939025
C-WEU-IRL,urb,mfh,2090,2.1603289969554407
C-WEU-IRL,urb,mfh,2095,2.160041696313558
C-WEU-IRL,urb,mfh,2100,2.159771345164837
C-WEU-IRL,rur,sfh,2015,2.8403278061754476
C-WEU-IRL,rur,sfh,2020,2.8403278061754476
C-WEU-IRL,rur,sfh,2025,2.841145099037082
C-WEU-IRL,rur,sfh,2030,2.8416377057529414
C-WEU-IRL,rur,sfh,2035,2.841971395680078
C-WEU-IRL,rur,sfh,2040,2.8421916381672263
C-WEU-IRL,rur,sfh,2045,2.8423483408484764
C-WEU-IRL,rur,sfh,2050,2.8424560018614877
C-WEU-IRL,rur,sfh,2055,2.8425043813026867
C-WEU-IRL,rur,sfh,2060,2.8424729833217324
C-WEU-IRL,rur,sfh,2065,2.8423431981659144
C-WEU-IRL,rur,sfh,2070,2.842113929303376
C-WEU-IRL,rur,sfh,2075,2.8418073463478457
C-WEU-IRL,rur,sfh,2080,2.841455170349343
C-WEU-IRL,rur,sfh,2085,2.841100494179803
C-WEU-IRL,rur,sfh,2090,2.8407777583495006
C-WEU-IRL,rur,sfh,2095,2.8404955980736197
C-WEU-IRL,rur,sfh,2100,2.8402304916604586
C-WEU-IRL,urb,sfh,2015,2.8403278061754476
C-WEU-IRL,urb,sfh,2020,2.8403278061754476
C-WEU-IRL,urb,sfh,2025,2.841145099037082
C-WEU-IRL,urb,sfh,2030,2.8416377057529414
C-WEU-IRL,urb,sfh,2035,2.841971395680078
C-WEU-IRL,urb,sfh,2040,2.8421916381672263
C-WEU-IRL,urb,sfh,2045,2.8423483408484764
C-WEU-IRL,urb,sfh,2050,2.8424560018614877
C-WEU-IRL,urb,sfh,2055,2.8425043813026867
C-WEU-IRL,urb,sfh,2060,2.8424729833217324
C-WEU-IRL,urb,sfh,2065,2.8423431981659144
C-WEU-IRL,urb,sfh,2070,2.842113929303376
C-WEU-IRL,urb,sfh,2075,2.8418073463478457
C-WEU-IRL,urb,sfh,2080,2.841455170349343
C-WEU-IRL,urb,sfh,2085,2.841100494179803
C-WEU-IRL,urb,sfh,2090,2.8407777583495006
C-WEU-IRL,urb,sfh,2095,2.8404955980736197
C-WEU-IRL,urb,sfh,2100,2.8402304916604586
C-WEU-ITA,rur,mfh,2015,2.2336302520281146
C-WEU-ITA,rur,mfh,2020,2.2336302520281146
C-WEU-ITA,rur,mfh,2025,2.233190709034502
C-WEU-ITA,rur,mfh,2030,2.2326694670797305
C-WEU-ITA,rur,mfh,2035,2.2320867959845905
C-WEU-ITA,rur,mfh,2040,2.2314361567749574
C-WEU-ITA,rur,mfh,2045,2.2307512740253497
C-WEU-ITA,rur,mfh,2050,2.230088014551716
C-WEU-ITA,rur,mfh,2055,2.229476164260457
C-WEU-ITA,rur,mfh,2060,2.228902843458122
C-WEU-ITA,rur,mfh,2065,2.228324984316376
C-WEU-ITA,rur,mfh,2070,2.2277081823686458
C-WEU-ITA,rur,mfh,2075,2.227055596424454
C-WEU-ITA,rur,mfh,2080,2.2264132126673726
C-WEU-ITA,rur,mfh,2085,2.225832095375801
C-WEU-ITA,rur,mfh,2090,2.2253371289924164
C-WEU-ITA,rur,mfh,2095,2.224932003828596
C-WEU-ITA,rur,mfh,2100,2.2246036815445276
C-WEU-ITA,urb,mfh,2015,2.2336302520281146
C-WEU-ITA,urb,mfh,2020,2.2336302520281146
C-WEU-ITA,urb,mfh,2025,2.233190709034502
C-WEU-ITA,urb,mfh,2030,2.2326694670797305
C-WEU-ITA,urb,mfh,2035,2.2320867959845905
C-WEU-ITA,urb,mfh,2040,2.2314361567749574
C-WEU-ITA,urb,mfh,2045,2.2307512740253497
C-WEU-ITA,urb,mfh,2050,2.230088014551716
C-WEU-ITA,urb,mfh,2055,2.229476164260457
C-WEU-ITA,urb,mfh,2060,2.228902843458122
C-WEU-ITA,urb,mfh,2065,2.228324984316376
C-WEU-ITA,urb,mfh,2070,2.2277081823686458
C-WEU-ITA,urb,mfh,2075,2.227055596424454
C-WEU-ITA,urb,mfh,2080,2.2264132126673726
C-WEU-ITA,urb,mfh,2085,2.225832095375801
C-WEU-ITA,urb,mfh,2090,2.2253371289924164
C-WEU-ITA,urb,mfh,2095,2.224932003828596
C-WEU-ITA,urb,mfh,2100,2.2246036815445276
C-WEU-ITA,rur,sfh,2015,2.36905925535054
C-WEU-ITA,rur,sfh,2020,2.36905925535054
C-WEU-ITA,rur,sfh,2025,2.369725850634951
C-WEU-ITA,rur,sfh,2030,2.3702854817179424
C-WEU-ITA,rur,sfh,2035,2.3707700194024053
C-WEU-ITA,rur,sfh,2040,2.3712028866834136
C-WEU-ITA,rur,sfh,2045,2.3715971305061725
C-WEU-ITA,rur,sfh,2050,2.37194919624012
C-WEU-ITA,rur,sfh,2055,2.372268605389175
C-WEU-ITA,rur,sfh,2060,2.3725572687650236
C-WEU-ITA,rur,sfh,2065,2.372814218867488
C-WEU-ITA,rur,sfh,2070,2.3730327916948837
C-WEU-ITA,rur,sfh,2075,2.373214449746822
C-WEU-ITA,rur,sfh,2080,2.373368809693567
C-WEU-ITA,rur,sfh,2085,2.3735097411899537
C-WEU-ITA,rur,sfh,2090,2.3736470971676695
C-WEU-ITA,rur,sfh,2095,2.373782429662111
C-WEU-ITA,rur,sfh,2100,2.373919131270046
C-WEU-ITA,urb,sfh,2015,2.36905925535054
C-WEU-ITA,urb,sfh,2020,2.36905925535054
C-WEU-ITA,urb,sfh,2025,2.369725850634951
C-WEU-ITA,urb,sfh,2030,2.3702854817179424
C-WEU-ITA,urb,sfh,2035,2.3707700194024053
C-WEU-ITA,urb,sfh,2040,2.3712028866834136
C-WEU-ITA,urb,sfh,2045,2.3715971305061725
C-WEU-ITA,urb,sfh,2050,2.37194919624012
C-WEU-ITA,urb,sfh,2055,2.372268605389175
C-WEU-ITA,urb,sfh,2060,2.3725572687650236
C-WEU-ITA,urb,sfh,2065,2.372814218867488
C-WEU-ITA,urb,sfh,2070,2.3730327916948837
C-WEU-ITA,urb,sfh,2075,2.373214449746822
C-WEU-ITA,urb,sfh,2080,2.373368809693567
C-WEU-ITA,urb,sfh,2085,2.3735097411899537
C-WEU-ITA,urb,sfh,2090,2.3736470971676695
C-WEU-ITA,urb,sfh,2095,2.373782429662111
C-WEU-ITA,urb,sfh,2100,2.373919131270046
C-WEU-LUX,rur,mfh,2015,2.121600888183002
C-WEU-LUX,rur,mfh,2020,2.121600888183002
C-WEU-LUX,rur,mfh,2025,2.121600888183002
C-WEU-LUX,rur,mfh,2030,2.121600888183002
C-WEU-LUX,rur,mfh,2035,2.1216008881830017
C-WEU-LUX,rur,mfh,2040,2.1216008881830026
C-WEU-LUX,rur,mfh,2045,2.121600888183002
C-WEU-LUX,rur,mfh,2050,2.121600888183002
C-WEU-LUX,rur,mfh,2055,2.1216008881830017
C-WEU-LUX,rur,mfh,2060,2.121600888183002
C-WEU-LUX,rur,mfh,2065,2.1216008881830017
C-WEU-LUX,rur,mfh,2070,2.1216008881830026
C-WEU-LUX,rur,mfh,2075,2.121600888183002
C-WEU-LUX,rur,mfh,2080,2.121600888183002
C-WEU-LUX,rur,mfh,2085,2.1216008881830026
C-WEU-LUX,rur,mfh,2090,2.121600888183002
C-WEU-LUX,rur,mfh,2095,2.121600888183002
C-WEU-LUX,rur,mfh,2100,2.121600888183002
C-WEU-LUX,urb,mfh,2015,2.121600888183002
C-WEU-LUX,urb,mfh,2020,2.121600888183002
C-WEU-LUX,urb,mfh,2025,2.121600888183002
C-WEU-LUX,urb,mfh,2030,2.121600888183002
C-WEU-LUX,urb,mfh,2035,2.1216008881830017
C-WEU-LUX,urb,mfh,2040,2.1216008881830026
C-WEU-LUX,urb,mfh,2045,2.121600888183002
C-WEU-LUX,urb,mfh,2050,2.121600888183002
C-WEU-LUX,urb,mfh,2055,2.1216008881830017
C-WEU-LUX,urb,mfh,2060,2.121600888183002
C-WEU-LUX,urb,mfh,2065,2.1216008881830017
C-WEU-LUX,urb,mfh,2070,2.1216008881830026
C-WEU-LUX,urb,mfh,2075,2.121600888183002
C-WEU-LUX,urb,mfh,2080,2.121600888183002
C-WEU-LUX,urb,mfh,2085,2.1216008881830026
C-WEU-LUX,urb,mfh,2090,2.121600888183002
C-WEU-LUX,urb,mfh,2095,2.121600888183002
C-WEU-LUX,urb,mfh,2100,2.121600888183002
C-WEU-LUX,rur,sfh,2015,2.97296112371108
C-WEU-LUX,rur,sfh,2020,2.97296112371108
C-WEU-LUX,rur,sfh,2025,2.97296112371108
C-WEU-LUX,rur,sfh,2030,2.97296112371108
C-WEU-LUX,rur,sfh,2035,2.9729611237110793
C-WEU-LUX,rur,sfh,2040,2.97296112371108
C-WEU-LUX,rur,sfh,2045,2.97296112371108
C-WEU-LUX,rur,sfh,2050,2.97296112371108
C-WEU-LUX,rur,sfh,2055,2.9729611237110793
C-WEU-LUX,rur,sfh,2060,2.9729611237110802
C-WEU-LUX,rur,sfh,2065,2.9729611237110793
C-WEU-LUX,rur,sfh,2070,2.9729611237110802
C-WEU-LUX,rur,sfh,2075,2.97296112371108
C-WEU-LUX,rur,sfh,2080,2.9729611237110802
C-WEU-LUX,rur,sfh,2085,2.9729611237110802
C-WEU-LUX,rur,sfh,2090,2.97296112371108
C-WEU-LUX,rur,sfh,2095,2.9729611237110793
C-WEU-LUX,rur,sfh,2100,2.97296112371108
C-WEU-LUX,urb,sfh,2015,2.97296112371108
C-WEU-LUX,urb,sfh,2020,2.97296112371108
C-WEU-LUX,urb,sfh,2025,2.97296112371108
C-WEU-LUX,urb,sfh,2030,2.97296112371108
C-WEU-LUX,urb,sfh,2035,2.9729611237110793
C-WEU-LUX,urb,sfh,2040,2.97296112371108
C-WEU-LUX,urb,sfh,2045,2.97296112371108
C-WEU-LUX,urb,sfh,2050,2.97296112371108
C-WEU-LUX,urb,sfh,2055,2.9729611237110793
C-WEU-LUX,urb,sfh,2060,2.9729611237110802
C-WEU-LUX,urb,sfh,2065,2.9729611237110793
C-WEU-LUX,urb,sfh,2070,2.9729611237110802
C-WEU-LUX,urb,sfh,2075,2.97296112371108
C-WEU-LUX,urb,sfh,2080,2.9729611237110802
C-WEU-LUX,urb,sfh,2085,2.9729611237110802
C-WEU-LUX,urb,sfh,2090,2.97296112371108
C-WEU-LUX,urb,sfh,2095,2.9729611237110793
C-WEU-LUX,urb,sfh,2100,2.97296112371108
C-WEU-MLT,rur,mfh,2015,2.264872938440451
C-WEU-MLT,rur,mfh,2020,2.264872938440451
C-WEU-MLT,rur,mfh,2025,2.2654005609646717
C-WEU-MLT,rur,mfh,2030,2.2658441199891977
C-WEU-MLT,rur,mfh,2035,2.2662450268287637
C-WEU-MLT,rur,mfh,2040,2.266610240988805
C-WEU-MLT,rur,mfh,2045,2.266953167607374
C-WEU-MLT,rur,mfh,2050,2.2672666865470665
C-WEU-MLT,rur,mfh,2055,2.267545987615767
C-WEU-MLT,rur,mfh,2060,2.267782558291976
C-WEU-MLT,rur,mfh,2065,2.267974428656072
C-WEU-MLT,rur,mfh,2070,2.268119762823095
C-WEU-MLT,rur,mfh,2075,2.2682742383825922
C-WEU-MLT,rur,mfh,2080,2.268421327252315
C-WEU-MLT,rur,mfh,2085,2.2685573994888193
C-WEU-MLT,rur,mfh,2090,2.268690311006913
C-WEU-MLT,rur,mfh,2095,2.268816134258676
C-WEU-MLT,rur,mfh,2100,2.2689264008205385
C-WEU-MLT,urb,mfh,2015,2.264872938440451
C-WEU-MLT,urb,mfh,2020,2.264872938440451
C-WEU-MLT,urb,mfh,2025,2.2654005609646717
C-WEU-MLT,urb,mfh,2030,2.2658441199891977
C-WEU-MLT,urb,mfh,2035,2.2662450268287637
C-WEU-MLT,urb,mfh,2040,2.266610240988805
C-WEU-MLT,urb,mfh,2045,2.266953167607374
C-WEU-MLT,urb,mfh,2050,2.2672666865470665
C-WEU-MLT,urb,mfh,2055,2.267545987615767
C-WEU-MLT,urb,mfh,2060,2.267782558291976
C-WEU-MLT,urb,mfh,2065,2.267974428656072
C-WEU-MLT,urb,mfh,2070,2.268119762823095
C-WEU-MLT,urb,mfh,2075,2.2682742383825922
C-WEU-MLT,urb,mfh,2080,2.268421327252315
C-WEU-MLT,urb,mfh,2085,2.2685573994888193
C-WEU-MLT,urb,mfh,2090,2.268690311006913
C-WEU-MLT,urb,mfh,2095,2.268816134258676
C-WEU-MLT,urb,mfh,2100,2.2689264008205385
C-WEU-MLT,rur,sfh,2015,2.5453672913492866
C-WEU-MLT,rur,sfh,2020,2.5453672913492866
C-WEU-MLT,rur,sfh,2025,2.545358430103078
C-WEU-MLT,rur,sfh,2030,2.5453509806756096
C-WEU-MLT,rur,sfh,2035,2.5453442475775154
C-WEU-MLT,rur,sfh,2040,2.545338113926197
C-WEU-MLT,rur,sfh,2045,2.545332354586784
C-WEU-MLT,rur,sfh,2050,2.545327089139636
C-WEU-MLT,rur,sfh,2055,2.5453223983703395
C-WEU-MLT,rur,sfh,2060,2.545318425243887
C-WEU-MLT,rur,sfh,2065,2.545315202844429
C-WEU-MLT,rur,sfh,2070,2.5453127620050453
C-WEU-MLT,rur,sfh,2075,2.545310167638992
C-WEU-MLT,rur,sfh,2080,2.545307697329956
C-WEU-MLT,rur,sfh,2085,2.5453054120416403
C-WEU-MLT,rur,sfh,2090,2.5453031798365466
C-WEU-MLT,rur,sfh,2095,2.545301066676548
C-WEU-MLT,rur,sfh,2100,2.5452992147860227
C-WEU-MLT,urb,sfh,2015,2.5453672913492866
C-WEU-MLT,urb,sfh,2020,2.5453672913492866
C-WEU-MLT,urb,sfh,2025,2.545358430103078
C-WEU-MLT,urb,sfh,2030,2.5453509806756096
C-WEU-MLT,urb,sfh,2035,2.5453442475775154
C-WEU-MLT,urb,sfh,2040,2.545338113926197
C-WEU-MLT,urb,sfh,2045,2.545332354586784
C-WEU-MLT,urb,sfh,2050,2.545327089139636
C-WEU-MLT,urb,sfh,2055,2.5453223983703395
C-WEU-MLT,urb,sfh,2060,2.545318425243887
C-WEU-MLT,urb,sfh,2065,2.545315202844429
C-WEU-MLT,urb,sfh,2070,2.5453127620050453
C-WEU-MLT,urb,sfh,2075,2.545310167638992
C-WEU-MLT,urb,sfh,2080,2.545307697329956
C-WEU-MLT,urb,sfh,2085,2.5453054120416403
C-WEU-MLT,urb,sfh,2090,2.5453031798365466
C-WEU-MLT,urb,sfh,2095,2.545301066676548
C-WEU-MLT,urb,sfh,2100,2.5452992147860227
C-WEU-NLD,rur,mfh,2015,1.6292012751013893
C-WEU-NLD,rur,mfh,2020,1.6292012751013893
C-WEU-NLD,rur,mfh,2025,1.6312082021407939
C-WEU-NLD,rur,mfh,2030,1.6326630295344906
C-WEU-NLD,rur,mfh,2035,1.6338768097409908
C-WEU-NLD,rur,mfh,2040,1.6349622832562527
C-WEU-NLD,rur,mfh,2045,1.6359741326563135
C-WEU-NLD,rur,mfh,2050,1.6369176555369642
C-WEU-NLD,rur,mfh,2055,1.6377588049606044
C-WEU-NLD,rur,mfh,2060,1.638449578778908
C-WEU-NLD,rur,mfh,2065,1.6389647056972045
C-WEU-NLD,rur,mfh,2070,1.6393100382223054
C-WEU-NLD,rur,mfh,2075,1.6395461920321075
C-WEU-NLD,rur,mfh,2080,1.6397470909938217
C-WEU-NLD,rur,mfh,2085,1.63995218159653
C-WEU-NLD,rur,mfh,2090,1.6401679959830913
C-WEU-NLD,rur,mfh,2095,1.6403793717489863
C-WEU-NLD,rur,mfh,2100,1.6405619757084415
C-WEU-NLD,urb,mfh,2015,1.6292012751013893
C-WEU-NLD,urb,mfh,2020,1.6292012751013893
C-WEU-NLD,urb,mfh,2025,1.6312082021407939
C-WEU-NLD,urb,mfh,2030,1.6326630295344906
C-WEU-NLD,urb,mfh,2035,1.6338768097409908
C-WEU-NLD,urb,mfh,2040,1.6349622832562527
C-WEU-NLD,urb,mfh,2045,1.6359741326563135
C-WEU-NLD,urb,mfh,2050,1.6369176555369642
C-WEU-NLD,urb,mfh,2055,1.6377588049606044
C-WEU-NLD,urb,mfh,2060,1.638449578778908
C-WEU-NLD,urb,mfh,2065,1.6389647056972045
C-WEU-NLD,urb,mfh,2070,1.6393100382223054
C-WEU-NLD,urb,mfh,2075,1.6395461920321075
C-WEU-NLD,urb,mfh,2080,1.6397470909938217
C-WEU-NLD,urb,mfh,2085,1.63995218159653
C-WEU-NLD,urb,mfh,2090,1.6401679959830913
C-WEU-NLD,urb,mfh,2095,1.6403793717489863
C-WEU-NLD,urb,mfh,2100,1.6405619757084415
C-WEU-NLD,rur,sfh,2015,2.567858555660419
C-WEU-NLD,rur,sfh,2020,2.567858555660419
C-WEU-NLD,rur,sfh,2025,2.5697650640143723
C-WEU-NLD,rur,sfh,2030,2.5712173663442286
C-WEU-NLD,rur,sfh,2035,2.572425047888532
C-WEU-NLD,rur,sfh,2040,2.573479887542963
C-WEU-NLD,rur,sfh,2045,2.5744177854691443
C-WEU-NLD,rur,sfh,2050,2.5752492948472745
C-WEU-NLD,rur,sfh,2055,2.575958357181664
C-WEU-NLD,rur,sfh,2060,2.576511816302909
C-WEU-NLD,rur,sfh,2065,2.5768971811978214
C-WEU-NLD,rur,sfh,2070,2.5771228421594805
C-WEU-NLD,rur,sfh,2075,2.5772452876867002
C-WEU-NLD,rur,sfh,2080,2.5773293516555005
C-WEU-NLD,rur,sfh,2085,2.5774106724469723
C-WEU-NLD,rur,sfh,2090,2.577500691247379
C-WEU-NLD,rur,sfh,2095,2.5775885341550526
C-WEU-NLD,rur,sfh,2100,2.577654871453554
C-WEU-NLD,urb,sfh,2015,2.567858555660419
C-WEU-NLD,urb,sfh,2020,2.567858555660419
C-WEU-NLD,urb,sfh,2025,2.5697650640143723
C-WEU-NLD,urb,sfh,2030,2.5712173663442286
C-WEU-NLD,urb,sfh,2035,2.572425047888532
C-WEU-NLD,urb,sfh,2040,2.573479887542963
C-WEU-NLD,urb,sfh,2045,2.5744177854691443
C-WEU-NLD,urb,sfh,2050,2.5752492948472745
C-WEU-NLD,urb,sfh,2055,2.575958357181664
C-WEU-NLD,urb,sfh,2060,2.576511816302909
C-WEU-NLD,urb,sfh,2065,2.5768971811978214
C-WEU-NLD,urb,sfh,2070,2.5771228421594805
C-WEU-NLD,urb,sfh,2075,2.5772452876867002
C-WEU-NLD,urb,sfh,2080,2.5773293516555005
C-WEU-NLD,urb,sfh,2085,2.5774106724469723
C-WEU-NLD,urb,sfh,2090,2.577500691247379
C-WEU-NLD,urb,sfh,2095,2.5775885341550526
C-WEU-NLD,urb,sfh,2100,2.577654871453554
C-WEU-PRT,rur,mfh,2015,2.383389072465299
C-WEU-PRT,rur,mfh,2020,2.383389072465299
C-WEU-PRT,rur,mfh,2025,2.383160747565253
C-WEU-PRT,rur,mfh,2030,2.382974476023508
C-WEU-PRT,rur,mfh,2035,2.382736604825938
C-WEU-PRT,rur,mfh,2040,2.382383101480861
C-WEU-PRT,rur,mfh,2045,2.3818877346395966
C-WEU-PRT,rur,mfh,2050,2.381273948035657
C-WEU-PRT,rur,mfh,2055,2.380581461221426
C-WEU-PRT,rur,mfh,2060,2.379862613608981
C-WEU-PRT,rur,mfh,2065,2.379142171710284
C-WEU-PRT,rur,mfh,2070,2.378428567614336
C-WEU-PRT,rur,mfh,2075,2.377692864985721
C-WEU-PRT,rur,mfh,2080,2.3769123968804857
C-WEU-PRT,rur,mfh,2085,2.3761021015106825
C-WEU-PRT,rur,mfh,2090,2.375291426186303
C-WEU-PRT,rur,mfh,2095,2.3745052880867616
C-WEU-PRT,rur,mfh,2100,2.3737537974347678
C-WEU-PRT,urb,mfh,2015,2.383389072465299
C-WEU-PRT,urb,mfh,2020,2.383389072465299
C-WEU-PRT,urb,mfh,2025,2.383160747565253
C-WEU-PRT,urb,mfh,2030,2.382974476023508
C-WEU-PRT,urb,mfh,2035,2.382736604825938
C-WEU-PRT,urb,mfh,2040,2.382383101480861
C-WEU-PRT,urb,mfh,2045,2.3818877346395966
C-WEU-PRT,urb,mfh,2050,2.381273948035657
C-WEU-PRT,urb,mfh,2055,2.380581461221426
C-WEU-PRT,urb,mfh,2060,2.379862613608981
C-WEU-PRT,urb,mfh,2065,2.379142171710284
C-WEU-PRT,urb,mfh,2070,2.378428567614336
C-WEU-PRT,urb,mfh,2075,2.377692864985721
C-WEU-PRT,urb,mfh,2080,2.3769123968804857
C-WEU-PRT,urb,mfh,2085,2.3761021015106825
C-WEU-PRT,urb,mfh,2090,2.375291426186303
C-WEU-PRT,urb,mfh,2095,2.3745052880867616
C-WEU-PRT,urb,mfh,2100,2.3737537974347678
C-WEU-PRT,rur,sfh,2015,2.5773897286426393
C-WEU-PRT,rur,sfh,2020,2.5773897286426393
C-WEU-PRT,rur,sfh,2025,2.579030700616007
C-WEU-PRT,rur,sfh,2030,2.5804054051911542
C-WEU-PRT,rur,sfh,2035,2.5814567454690867
C-WEU-PRT,rur,sfh,2040,2.5822277691703457
C-WEU-PRT,rur,sfh,2045,2.5827957361567337
C-WEU-PRT,rur,sfh,2050,2.583215240448899
C-WEU-PRT,rur,sfh,2055,2.5834963212163498
C-WEU-PRT,rur,sfh,2060,2.5836418597268223
C-WEU-PRT,rur,sfh,2065,2.5836762217659763
C-WEU-PRT,rur,sfh,2070,2.5836477289938076
C-WEU-PRT,rur,sfh,2075,2.5835857294254834
C-WEU-PRT,rur,sfh,2080,2.583494359576548
C-WEU-PRT,rur,sfh,2085,2.583374893150342
C-WEU-PRT,rur,sfh,2090,2.583245710284257
C-WEU-PRT,rur,sfh,2095,2.583116721436474
C-WEU-PRT,rur,sfh,2100,2.5829811903508464
C-WEU-PRT,urb,sfh,2015,2.5773897286426393
C-WEU-PRT,urb,sfh,2020,2.5773897286426393
C-WEU-PRT,urb,sfh,2025,2.579030700616007
C-WEU-PRT,urb,sfh,2030,2.5804054051911542
C-WEU-PRT,urb,sfh,2035,2.5814567454690867
C-WEU-PRT,urb,sfh,2040,2.5822277691703457
C-WEU-PRT,urb,sfh,2045,2.5827957361567337
C-WEU-PRT,urb,sfh,2050,2.583215240448899
C-WEU-PRT,urb,sfh,2055,2.5834963212163498
C-WEU-PRT,urb,sfh,2060,2.5836418597268223
C-WEU-PRT,urb,sfh,2065,2.5836762217659763
C-WEU-PRT,urb,sfh,2070,2.5836477289938076
C-WEU-PRT,urb,sfh,2075,2.5835857294254834
C-WEU-PRT,urb,sfh,2080,2.583494359576548
C-WEU-PRT,urb,sfh,2085,2.583374893150342
C-WEU-PRT,urb,sfh,2090,2.583245710284257
C-WEU-PRT,urb,sfh,2095,2.583116721436474
C-WEU-PRT,urb,sfh,2100,2.5829811903508464
C-WEU-SWE,rur,mfh,2015,1.8442631113059857
C-WEU-SWE,rur,mfh,2020,1.8442631113059857
C-WEU-SWE,rur,mfh,2025,1.8459073885210473
C-WEU-SWE,rur,mfh,2030,1.847265206384454
C-WEU-SWE,rur,mfh,2035,1.8484515361152618
C-WEU-SWE,rur,mfh,2040,1.849542810814954
C-WEU-SWE,rur,mfh,2045,1.8505281907022677
C-WEU-SWE,rur,mfh,2050,1.8513526151081845
C-WEU-SWE,rur,mfh,2055,1.8520157425728363
C-WEU-SWE,rur,mfh,2060,1.8525392432399683
C-WEU-SWE,rur,mfh,2065,1.8529498899780823
C-WEU-SWE,rur,mfh,2070,1.853274466494253
C-WEU-SWE,rur,mfh,2075,1.853560604530971
C-WEU-SWE,rur,mfh,2080,1.8538561463561976
C-WEU-SWE,rur,mfh,2085,1.8541794716117812
C-WEU-SWE,rur,mfh,2090,1.8545089302210553
C-WEU-SWE,rur,mfh,2095,1.8548112168389375
C-WEU-SWE,rur,mfh,2100,1.8550735999272792
C-WEU-SWE,urb,mfh,2015,1.8442631113059857
C-WEU-SWE,urb,mfh,2020,1.8442631113059857
C-WEU-SWE,urb,mfh,2025,1.8459073885210473
C-WEU-SWE,urb,mfh,2030,1.847265206384454
C-WEU-SWE,urb,mfh,2035,1.8484515361152618
C-WEU-SWE,urb,mfh,2040,1.849542810814954
C-WEU-SWE,urb,mfh,2045,1.8505281907022677
C-WEU-SWE,urb,mfh,2050,1.8513526151081845
C-WEU-SWE,urb,mfh,2055,1.8520157425728363
C-WEU-SWE,urb,mfh,2060,1.8525392432399683
C-WEU-SWE,urb,mfh,2065,1.8529498899780823
C-WEU-SWE,urb,mfh,2070,1.853274466494253
C-WEU-SWE,urb,mfh,2075,1.853560604530971
C-WEU-SWE,urb,mfh,2080,1.8538561463561976
C-WEU-SWE,urb,mfh,2085,1.8541794716117812
C-WEU-SWE,urb,mfh,2090,1.8545089302210553
C-WEU-SWE,urb,mfh,2095,1.8548112168389375
C-WEU-SWE,urb,mfh,2100,1.8550735999272792
C-WEU-SWE,rur,sfh,2015,2.6528172531408214
C-WEU-SWE,rur,sfh,2020,2.6528172531408214
C-WEU-SWE,rur,sfh,2025,2.6550477570081177
C-WEU-SWE,rur,sfh,2030,2.6568993263714535
C-WEU-SWE,rur,sfh,2035,2.6585309950443023
C-WEU-SWE,rur,sfh,2040,2.6600437699418626
C-WEU-SWE,rur,sfh,2045,2.6614071273993583
C-WEU-SWE,rur,sfh,2050,2.66253509044195
C-WEU-SWE,rur,sfh,2055,2.663428939384939
C-WEU-SWE,rur,sfh,2060,2.6641262951340914
C-WEU-SWE,rur,sfh,2065,2.6646673066428552
C-WEU-SWE,rur,sfh,2070,2.6650887871800006
C-WEU-SWE,rur,sfh,2075,2.665460304452256
C-WEU-SWE,rur,sfh,2080,2.665852930232595
C-WEU-SWE,rur,sfh,2085,2.666289747020924
C-WEU-SWE,rur,sfh,2090,2.6667386361492906
C-WEU-SWE,rur,sfh,2095,2.667149944416188
C-WEU-SWE,rur,sfh,2100,2.667501952785894
C-WEU-SWE,urb,sfh,2015,2.6528172531408214
C-WEU-SWE,urb,sfh,2020,2.6528172531408214
C-WEU-SWE,urb,sfh,2025,2.6550477570081177
C-WEU-SWE,urb,sfh,2030,2.6568993263714535
C-WEU-SWE,urb,sfh,2035,2.6585309950443023
C-WEU-SWE,urb,sfh,2040,2.6600437699418626
C-WEU-SWE,urb,sfh,2045,2.6614071273993583
C-WEU-SWE,urb,sfh,2050,2.66253509044195
C-WEU-SWE,urb,sfh,2055,2.663428939384939
C-WEU-SWE,urb,sfh,2060,2.6641262951340914
C-WEU-SWE,urb,sfh,2065,2.6646673066428552
C-WEU-SWE,urb,sfh,2070,2.6650887871800006
C-WEU-SWE,urb,sfh,2075,2.665460304452256
C-WEU-SWE,urb,sfh,2080,2.665852930232595
C-WEU-SWE,urb,sfh,2085,2.666289747020924
C-WEU-SWE,urb,sfh,2090,2.6667386361492906
C-WEU-SWE,urb,sfh,2095,2.667149944416188
C-WEU-SWE,urb,sfh,2100,2.667501952785894
