region_bld,arch,year,value
C-EEU-BGR,mfh,2015,2.2994825231312492
C-EEU-BGR,mfh,2020,2.298619117522862
C-EEU-BGR,mfh,2025,2.298163725895321
C-EEU-BGR,mfh,2030,2.2981076998608945
C-EEU-BGR,mfh,2035,2.298434341996895
C-EEU-BGR,mfh,2040,2.299118114613811
C-EEU-BGR,mfh,2045,2.3001239548088988
C-EEU-BGR,mfh,2050,2.3014067254012933
C-EEU-BGR,mfh,2055,2.3029108261672135
C-EEU-BGR,mfh,2060,2.30456998185439
C-EEU-BGR,mfh,2065,2.3063072129263023
C-EEU-BGR,mfh,2070,2.308034982303245
C-EEU-BGR,mfh,2075,2.3096554971967214
C-EEU-BGR,mfh,2080,2.311061130308898
C-EEU-BGR,mfh,2085,2.3121349100798527
C-EEU-BGR,mfh,2090,2.3127510161243583
C-EEU-BGR,mfh,2095,2.31277520409764
C-EEU-BGR,mfh,2100,2.3120650741990447
C-EEU-BGR,sfh,2015,2.6525848741766427
C-EEU-BGR,sfh,2020,2.6541266985883216
C-EEU-BGR,sfh,2025,2.655499233681526
C-EEU-BGR,sfh,2030,2.656702043830748
C-EEU-BGR,sfh,2035,2.657737976583468
C-EEU-BGR,sfh,2040,2.6586135825829955
C-EEU-BGR,sfh,2045,2.659339503258799
C-EEU-BGR,sfh,2050,2.6599308119511624
C-EEU-BGR,sfh,2055,2.660407295632217
C-EEU-BGR,sfh,2060,2.660793667148085
C-EEU-BGR,sfh,2065,2.661119701934143
C-EEU-BGR,sfh,2070,2.661420298328674
C-EEU-BGR,sfh,2075,2.661735466697683
C-EEU-BGR,sfh,2080,2.6621102592628954
C-EEU-BGR,sfh,2085,2.662594659423364
C-EEU-BGR,sfh,2090,2.6632434561120357
C-EEU-BGR,sfh,2095,2.6641161350360134
C-EEU-BGR,sfh,2100,2.665276824352795
C-EEU-CZE,mfh,2015,2.1145802901895436
C-EEU-CZE,mfh,2020,2.1154048683058115
C-EEU-CZE,mfh,2025,2.116082077886116
C-EEU-CZE,mfh,2030,2.1166396154162097
C-EEU-CZE,mfh,2035,2.1170999807128825
C-EEU-CZE,mfh,2040,2.1174821995355257
C-EEU-CZE,mfh,2045,2.117803073264651
C-EEU-CZE,mfh,2050,2.118078112507854
C-EEU-CZE,mfh,2055,2.1183222437389277
C-EEU-CZE,mfh,2060,2.118550332761486
C-EEU-CZE,mfh,2065,2.1187775358387038
C-EEU-CZE,mfh,2070,2.119019464275081
C-EEU-CZE,mfh,2075,2.1192921305352064
C-EEU-CZE,mfh,2080,2.119611636295929
C-EEU-CZE,mfh,2085,2.119993570225339
C-EEU-CZE,mfh,2090,2.1204521115336274
C-EEU-CZE,mfh,2095,2.120998887596138
C-EEU-CZE,mfh,2100,2.121641706008202
C-EEU-CZE,sfh,2015,2.7382358677251895
C-EEU-CZE,sfh,2020,2.73899479795032
C-EEU-CZE,sfh,2025,2.739541134028769
C-EEU-CZE,sfh,2030,2.7399096432184575
C-EEU-CZE,sfh,2035,2.7401286290512985
C-EEU-CZE,sfh,2040,2.7402222859874934
C-EEU-CZE,sfh,2045,2.7402124781449007
C-EEU-CZE,sfh,2050,2.740120148413357
C-EEU-CZE,sfh,2055,2.739966473554554
C-EEU-CZE,sfh,2060,2.739773816596793
C-EEU-CZE,sfh,2065,2.7395664761131266
C-EEU-CZE,sfh,2070,2.739371186534101
C-EEU-CZE,sfh,2075,2.7392172841871614
C-EEU-CZE,sfh,2080,2.739136425832909
C-EEU-CZE,sfh,2085,2.739161741368219
C-EEU-CZE,sfh,2090,2.739326335231039
C-EEU-CZE,sfh,2095,2.7396611355164535
C-EEU-CZE,sfh,2100,2.7401922285208626
C-EEU-EST,mfh,2015,2.2329411887774615
C-EEU-EST,mfh,2020,2.233089997568513
C-EEU-EST,mfh,2025,2.233727219070639
C-EEU-EST,mfh,2030,2.2347841500408223
C-EEU-EST,mfh,2035,2.2361995635468124
C-EEU-EST,mfh,2040,2.237914040380811
C-EEU-EST,mfh,2045,2.2398650393597257
C-EEU-EST,mfh,2050,2.2419823935238443
C-EEU-EST,mfh,2055,2.24418415852707
C-EEU-EST,mfh,2060,2.2463729766081313
C-EEU-EST,mfh,2065,2.248433378818089
C-EEU-EST,mfh,2070,2.250230722749931
C-EEU-EST,mfh,2075,2.251612702484397
C-EEU-EST,mfh,2080,2.2524144658033936
C-EEU-EST,mfh,2085,2.25246817423791
C-EEU-EST,mfh,2090,2.251617183388221
C-EEU-EST,mfh,2095,2.2497338443361183
C-EEU-EST,mfh,2100,2.246738414088944
C-EEU-EST,sfh,2015,2.531727682417554
C-EEU-EST,sfh,2020,2.531893561234133
C-EEU-EST,sfh,2025,2.5328549206497324
C-EEU-EST,sfh,2030,2.5345013637652887
C-EEU-EST,sfh,2035,2.536735007410218
C-EEU-EST,sfh,2040,2.539461329861446
C-EEU-EST,sfh,2045,2.54258121939594
C-EEU-EST,sfh,2050,2.5459837061385975
C-EEU-EST,sfh,2055,2.549539243791086
C-EEU-EST,sfh,2060,2.5530937873247193
C-EEU-EST,sfh,2065,2.5564643281376265
C-EEU-EST,sfh,2070,2.559436990331055
C-EEU-EST,sfh,2075,2.561769182241456
C-EEU-EST,sfh,2080,2.5631974685674526
C-EEU-EST,sfh,2085,2.5634525302504123
C-EEU-EST,sfh,2090,2.5622815516127657
C-EEU-EST,sfh,2095,2.5594765135070814
C-EEU-EST,sfh,2100,2.5549044563979466
C-EEU-HRV,mfh,2015,2.4538534324703467
C-EEU-HRV,mfh,2020,2.45284063946472
C-EEU-HRV,mfh,2025,2.4521070047874294
C-EEU-HRV,mfh,2030,2.4516350175417587
C-EEU-HRV,mfh,2035,2.4514059788840825
C-EEU-HRV,mfh,2040,2.4513991598236333
C-EEU-HRV,mfh,2045,2.4515909024195364
C-EEU-HRV,mfh,2050,2.451953678226591
C-EEU-HRV,mfh,2055,2.4524551363045153
C-EEU-HRV,mfh,2060,2.4530571973165674
C-EEU-HRV,mfh,2065,2.4537152799156288
C-EEU-HRV,mfh,2070,2.4543777787547953
C-EEU-HRV,mfh,2075,2.454985945467826
C-EEU-HRV,mfh,2080,2.455474346876611
C-EEU-HRV,mfh,2085,2.4557720770442812
C-EEU-HRV,mfh,2090,2.4558048679291944
C-EEU-HRV,mfh,2095,2.455498164808388
C-EEU-HRV,mfh,2100,2.4547811017531664
C-EEU-HRV,sfh,2015,3.003504451089472
C-EEU-HRV,sfh,2020,3.0051127290891904
C-EEU-HRV,sfh,2025,3.0065531576881397
C-EEU-HRV,sfh,2030,3.0078324460942913
C-EEU-HRV,sfh,2035,3.0089565689623403
C-EEU-HRV,sfh,2040,3.0099310597195386
C-EEU-HRV,sfh,2045,3.0107613301327985
C-EEU-HRV,sfh,2050,3.01145302360189
C-EEU-HRV,sfh,2055,3.0120124061063045
C-EEU-HRV,sfh,2060,3.0124467931565406
C-EEU-HRV,sfh,2065,3.0127650029259208
C-EEU-HRV,sfh,2070,3.0129778146272264
C-EEU-HRV,sfh,2075,3.013098397362177
C-EEU-HRV,sfh,2080,3.0131426592874027
C-EEU-HRV,sfh,2085,3.0131294525637866
C-EEU-HRV,sfh,2090,3.013080560338446
C-EEU-HRV,sfh,2095,3.0130203933979476
C-EEU-HRV,sfh,2100,3.0129753417234872
C-EEU-HUN,mfh,2015,2.0060605723864846
C-EEU-HUN,mfh,2020,2.0048792884925937
C-EEU-HUN,mfh,2025,2.0034977511880694
C-EEU-HUN,mfh,2030,2.001927462679355
C-EEU-HUN,mfh,2035,2.0001802005269522
C-EEU-HUN,mfh,2040,1.9982686509498067
C-EEU-HUN,mfh,2045,1.9962070691080094
C-EEU-HUN,mfh,2050,1.9940119775990663
C-EEU-HUN,mfh,2055,1.9917029078678297
C-EEU-HUN,mfh,2060,1.9893031808144783
C-EEU-HUN,mfh,2065,1.9868407117865665
C-EEU-HUN,mfh,2070,1.9843488106655367
C-EEU-HUN,mfh,2075,1.9818669294957598
C-EEU-HUN,mfh,2080,1.9794412882215748
C-EEU-HUN,mfh,2085,1.97712528474854
C-EEU-HUN,mfh,2090,1.9749795713679155
C-EEU-HUN,mfh,2095,1.9730716601799985
C-EEU-HUN,mfh,2100,1.971474912327686
C-EEU-HUN,sfh,2015,2.645421731334034
C-EEU-HUN,sfh,2020,2.644355571289849
C-EEU-HUN,sfh,2025,2.6430825610069655
C-EEU-HUN,sfh,2030,2.6416141612116606
C-EEU-HUN,sfh,2035,2.6399619440816684
C-EEU-HUN,sfh,2040,2.6381382258120456
C-EEU-HUN,sfh,2045,2.6361567239586168
C-EEU-HUN,sfh,2050,2.634033251861512
C-EEU-HUN,sfh,2055,2.631786456092178
C-EEU-HUN,sfh,2060,2.6294385947214884
C-EEU-HUN,sfh,2065,2.6270163434607596
C-EEU-HUN,sfh,2070,2.624551602663065
C-EEU-HUN,sfh,2075,2.622082260334391
C-EEU-HUN,sfh,2080,2.6196528447826313
C-EEU-HUN,sfh,2085,2.617314976363398
C-EEU-HUN,sfh,2090,2.615127503442046
C-EEU-HUN,sfh,2095,2.6131561875836473
C-EEU-HUN,sfh,2100,2.6114727937029345
C-EEU-LTU,mfh,2015,2.150824098202577
C-EEU-LTU,mfh,2020,2.149260169459929
C-EEU-LTU,mfh,2025,2.1474445143674545
C-EEU-LTU,mfh,2030,2.1453854416321247
C-EEU-LTU,mfh,2035,2.1430970339375164
C-EEU-LTU,mfh,2040,2.140600776256118
C-EEU-LTU,mfh,2045,2.137927386068331
C-EEU-LTU,mfh,2050,2.135118770592035
C-EEU-LTU,mfh,2055,2.1322299717600077
C-EEU-LTU,mfh,2060,2.1293308762912453
C-EEU-LTU,mfh,2065,2.1265073715640166
C-EEU-LTU,mfh,2070,2.123861533403397
C-EEU-LTU,mfh,2075,2.1215103673208935
C-EEU-LTU,mfh,2080,2.119582631044075
C-EEU-LTU,mfh,2085,2.118213390708968
C-EEU-LTU,mfh,2090,2.117536243571372
C-EEU-LTU,mfh,2095,2.1176735790792853
C-EEU-LTU,mfh,2100,2.118725788174556
C-EEU-LTU,sfh,2015,2.600854762300191
C-EEU-LTU,sfh,2020,2.601312107692822
C-EEU-LTU,sfh,2025,2.601060421135157
C-EEU-LTU,sfh,2030,2.6001186573823976
C-EEU-LTU,sfh,2035,2.5985178856796898
C-EEU-LTU,sfh,2040,2.596304991935122
C-EEU-LTU,sfh,2045,2.593546879896718
C-EEU-LTU,sfh,2050,2.590335020959181
C-EEU-LTU,sfh,2055,2.586790059408742
C-EEU-LTU,sfh,2060,2.583065991894257
C-EEU-LTU,sfh,2065,2.579353217851225
C-EEU-LTU,sfh,2070,2.5758795337921057
C-EEU-LTU,sfh,2075,2.5729079799639707
C-EEU-LTU,sfh,2080,2.5707304343834037
C-EEU-LTU,sfh,2085,2.56965609568435
C-EEU-LTU,sfh,2090,2.5699945940249953
C-EEU-LTU,sfh,2095,2.572034435244233
C-EEU-LTU,sfh,2100,2.5760186970409613
C-EEU-LVA,mfh,2015,2.0715713069131487
C-EEU-LVA,mfh,2020,2.068016931934907
C-EEU-LVA,mfh,2025,2.064506954699917
C-EEU-LVA,mfh,2030,2.0610557247223333
C-EEU-LVA,mfh,2035,2.057680941893438
C-EEU-LVA,mfh,2040,2.05440398542002
C-EEU-LVA,mfh,2045,2.051250167452776
C-EEU-LVA,mfh,2050,2.048248857976217
C-EEU-LVA,mfh,2055,2.0454334148742412
C-EEU-LVA,mfh,2060,2.042840843060366
C-EEU-LVA,mfh,2065,2.0405111028542184
C-EEU-LVA,mfh,2070,2.03848599515273
C-EEU-LVA,mfh,2075,2.0368075745682543
C-EEU-LVA,mfh,2080,2.035516085837813
C-EEU-LVA,mfh,2085,2.0346474846715754
C-EEU-LVA,mfh,2090,2.034230687521597
C-EEU-LVA,mfh,2095,2.0342847837562648
C-EEU-LVA,mfh,2100,2.0348165190878746
C-EEU-LVA,sfh,2015,2.81661698045436
C-EEU-LVA,sfh,2020,2.8154261836874923
C-EEU-LVA,sfh,2025,2.81428068444904
C-EEU-LVA,sfh,2030,2.813180462378702
C-EEU-LVA,sfh,2035,2.8121254211671287
C-EEU-LVA,sfh,2040,2.8111153243592963
C-EEU-LVA,sfh,2045,2.8101497181588773
C-EEU-LVA,sfh,2050,2.8092278415195144
C-EEU-LVA,sfh,2055,2.8083485253947877
C-EEU-LVA,sfh,2060,2.8075100852384076
C-EEU-LVA,sfh,2065,2.8067102136749607
C-EEU-LVA,sfh,2070,2.8059458835039446
C-EEU-LVA,sfh,2075,2.805213274416171
C-EEU-LVA,sfh,2080,2.8045077392654654
C-EEU-LVA,sfh,2085,2.8038238264729998
C-EEU-LVA,sfh,2090,2.8031553730849654
C-EEU-LVA,sfh,2095,2.8024956773311143
C-EEU-LVA,sfh,2100,2.8018377500846885
C-EEU-POL,mfh,2015,2.515227342521446
C-EEU-POL,mfh,2020,2.515394975568339
C-EEU-POL,mfh,2025,2.516094474414363
C-EEU-POL,mfh,2030,2.517246694669374
C-EEU-POL,mfh,2035,2.518782031474815
C-EEU-POL,mfh,2040,2.520633570136461
C-EEU-POL,mfh,2045,2.5227310927450213
C-EEU-POL,mfh,2050,2.524995450738723
C-EEU-POL,mfh,2055,2.527333094744029
C-EEU-POL,mfh,2060,2.5296308343603604
C-EEU-POL,mfh,2065,2.5317512368951447
C-EEU-POL,mfh,2070,2.5335294917640754
C-EEU-POL,mfh,2075,2.5347730441155045
C-EEU-POL,mfh,2080,2.5352657300388395
C-EEU-POL,mfh,2085,2.5347782967286157
C-EEU-POL,mfh,2090,2.533086713511732
C-EEU-POL,mfh,2095,2.5299982105410153
C-EEU-POL,mfh,2100,2.525382415698716
C-EEU-POL,sfh,2015,3.5405531387568456
C-EEU-POL,sfh,2020,3.5407698016334224
C-EEU-POL,sfh,2025,3.5416480810228186
C-EEU-POL,sfh,2030,3.5430883991179534
C-EEU-POL,sfh,2035,3.545002941315378
C-EEU-POL,sfh,2040,3.5473070791443946
C-EEU-POL,sfh,2045,3.549911864544895
C-EEU-POL,sfh,2050,3.5527169876092204
C-EEU-POL,sfh,2055,3.5556039436516937
C-EEU-POL,sfh,2060,3.558429509735139
C-EEU-POL,sfh,2065,3.5610200539891887
C-EEU-POL,sfh,2070,3.563167725201586
C-EEU-POL,sfh,2075,3.564630165703745
C-EEU-POL,sfh,2080,3.5651359208772253
C-EEU-POL,sfh,2085,3.5643978934453444
C-EEU-POL,sfh,2090,3.562136569915181
C-EEU-POL,sfh,2095,3.558112878562735
C-EEU-POL,sfh,2100,3.552167301239169
C-EEU-ROU,mfh,2015,2.459258013379091
C-EEU-ROU,mfh,2020,2.4618624853843225
C-EEU-ROU,mfh,2025,2.464575217443638
C-EEU-ROU,mfh,2030,2.467394146989417
C-EEU-ROU,mfh,2035,2.470313737296273
C-EEU-ROU,mfh,2040,2.4733239142361403
C-EEU-ROU,mfh,2045,2.4764087573249554
C-EEU-ROU,mfh,2050,2.4795449286823934
C-EEU-ROU,mfh,2055,2.4826998472859723
C-EEU-ROU,mfh,2060,2.4858296584126123
C-EEU-ROU,mfh,2065,2.488877116610982
C-EEU-ROU,mfh,2070,2.4917696014052293
C-EEU-ROU,mfh,2075,2.4944176202590347
C-EEU-ROU,mfh,2080,2.496714314330571
C-EEU-ROU,mfh,2085,2.498536640378208
C-EEU-ROU,mfh,2090,2.499748998372399
C-EEU-ROU,mfh,2095,2.500210017498307
C-EEU-ROU,mfh,2100,2.4997828933746025
C-EEU-ROU,sfh,2015,2.6870175847587294
C-EEU-ROU,sfh,2020,2.6884279642895055
C-EEU-ROU,sfh,2025,2.689869455677678
C-EEU-ROU,sfh,2030,2.691342901959024
C-EEU-ROU,sfh,2035,2.692847331871009
C-EEU-ROU,sfh,2040,2.6943795209908052
C-EEU-ROU,sfh,2045,2.695933434965742
C-EEU-ROU,sfh,2050,2.6974995492442027
C-EEU-ROU,sfh,2055,2.699064050076355
C-EEU-ROU,sfh,2060,2.700607940460654
C-EEU-ROU,sfh,2065,2.7021061053600315
C-EEU-ROU,sfh,2070,2.7035264357729245
C-EEU-ROU,sfh,2075,2.704829172001126
C-EEU-ROU,sfh,2080,2.7059666986921127
C-EEU-ROU,sfh,2085,2.7068840949019437
C-EEU-ROU,sfh,2090,2.707520785161236
C-EEU-ROU,sfh,2095,2.7078136111730307
C-EEU-ROU,sfh,2100,2.707701498946175
C-EEU-SVK,mfh,2015,2.6670654942488117
C-EEU-SVK,mfh,2020,2.667728163769784
C-EEU-SVK,mfh,2025,2.6678463924378835
C-EEU-SVK,mfh,2030,2.6675132111785684
C-EEU-SVK,mfh,2035,2.666810616707004
C-EEU-SVK,mfh,2040,2.665815060194394
C-EEU-SVK,mfh,2045,2.6646019025453858
C-EEU-SVK,mfh,2050,2.663249199711852
C-EEU-SVK,mfh,2055,2.6618410072272916
C-EEU-SVK,mfh,2060,2.6604702537054825
C-EEU-SVK,mfh,2065,2.6592411045480517
C-EEU-SVK,mfh,2070,2.6582706076851736
C-EEU-SVK,mfh,2075,2.657689282273016
C-EEU-SVK,mfh,2080,2.6576401919968737
C-EEU-SVK,mfh,2085,2.6582759672611926
C-EEU-SVK,mfh,2090,2.6597532541533107
C-EEU-SVK,mfh,2095,2.662224235346267
C-EEU-SVK,mfh,2100,2.665825247536034
C-EEU-SVK,sfh,2015,3.5463841311255533
C-EEU-SVK,sfh,2020,3.5472420067816977
C-EEU-SVK,sfh,2025,3.5473626273632908
C-EEU-SVK,sfh,2030,3.5468706365567457
C-EEU-SVK,sfh,2035,3.5458757790160287
C-EEU-SVK,sfh,2040,3.544480290615743
C-EEU-SVK,sfh,2045,3.5427849024396787
C-EEU-SVK,sfh,2050,3.5408939492963416
C-EEU-SVK,sfh,2055,3.538919839425689
C-EEU-SVK,sfh,2060,3.536986954689168
C-EEU-SVK,sfh,2065,3.5352348776788385
C-EEU-SVK,sfh,2070,3.5338206676756094
C-EEU-SVK,sfh,2075,3.5329197302070727
C-EEU-SVK,sfh,2080,3.532724662422859
C-EEU-SVK,sfh,2085,3.533441349093201
C-EEU-SVK,sfh,2090,3.535281597702406
C-EEU-SVK,sfh,2095,3.5384518206099145
C-EEU-SVK,sfh,2100,3.5431377773877455
C-EEU-SVN,mfh,2015,2.4319317965711775
C-EEU-SVN,mfh,2020,2.4318113273847035
C-EEU-SVN,mfh,2025,2.4317226208281553
C-EEU-SVN,mfh,2030,2.4316558803203963
C-EEU-SVN,mfh,2035,2.4316022026010518
C-EEU-SVN,mfh,2040,2.4315531006095337
C-EEU-SVN,mfh,2045,2.4315001467110027
C-EEU-SVN,mfh,2050,2.4314347052177654
C-EEU-SVN,mfh,2055,2.431347740984807
C-EEU-SVN,mfh,2060,2.431229703887734
C-EEU-SVN,mfh,2065,2.43107049918061
C-EEU-SVN,mfh,2070,2.4308595616174147
C-EEU-SVN,mfh,2075,2.4305860562164567
C-EEU-SVN,mfh,2080,2.4302392290779458
C-EEU-SVN,mfh,2085,2.429808925391798
C-EEU-SVN,mfh,2090,2.4292862761372933
C-EEU-SVN,mfh,2095,2.4286645282745534
C-EEU-SVN,mfh,2100,2.4279399562402615
C-EEU-SVN,sfh,2015,3.463260064426955
C-EEU-SVN,sfh,2020,3.4631745844560564
C-EEU-SVN,sfh,2025,3.462987955387073
C-EEU-SVN,sfh,2030,3.4627079676223937
C-EEU-SVN,sfh,2035,3.4623403189037307
C-EEU-SVN,sfh,2040,3.461889366302193
C-EEU-SVN,sfh,2045,3.461358743819451
C-EEU-SVN,sfh,2050,3.460751912454035
C-EEU-SVN,sfh,2055,3.460072686211501
C-EEU-SVN,sfh,2060,3.459325760498036
C-EEU-SVN,sfh,2065,3.458517254235517
C-EEU-SVN,sfh,2070,3.4576552610113445
C-EEU-SVN,sfh,2075,3.4567503859061124
C-EEU-SVN,sfh,2080,3.4558162229013987
C-EEU-SVN,sfh,2085,3.4548697043695697
C-EEU-SVN,sfh,2090,3.4539312330191434
C-EEU-SVN,sfh,2095,3.4530244946624498
C-EEU-SVN,sfh,2100,3.452175856488811
C-WEU-AUT,mfh,2015,2.0394593311247147
C-WEU-AUT,mfh,2020,2.040475287666634
C-WEU-AUT,mfh,2025,2.0412295515496104
C-WEU-AUT,mfh,2030,2.0417665674097716
C-WEU-AUT,mfh,2035,2.042121321969227
C-WEU-AUT,mfh,2040,2.0423222314278697
C-WEU-AUT,mfh,2045,2.0423931864417195
C-WEU-AUT,mfh,2050,2.042355050624354
C-WEU-AUT,mfh,2055,2.0422267946720485
C-WEU-AUT,mfh,2060,2.04202637890456
C-WEU-AUT,mfh,2065,2.0417714526453565
C-WEU-AUT,mfh,2070,2.041479908768177
C-WEU-AUT,mfh,2075,2.041170310030564
C-WEU-AUT,mfh,2080,2.040862187381195
C-WEU-AUT,mfh,2085,2.04057619790672
C-WEU-AUT,mfh,2090,2.0403341213632102
C-WEU-AUT,mfh,2095,2.0401586701397063
C-WEU-AUT,mfh,2100,2.0400730894751766
C-WEU-AUT,sfh,2015,2.570629198737468
C-WEU-AUT,sfh,2020,2.5721989903016
C-WEU-AUT,sfh,2025,2.573366469693073
C-WEU-AUT,sfh,2030,2.5742005905572722
C-WEU-AUT,sfh,2035,2.5747557305605975
C-WEU-AUT,sfh,2040,2.575076153223965
C-WEU-AUT,sfh,2045,2.5751991675623254
C-WEU-AUT,sfh,2050,2.5751574422757173
C-WEU-AUT,sfh,2055,2.5749807552906603
C-WEU-AUT,sfh,2060,2.574697352286657
C-WEU-AUT,sfh,2065,2.5743350192181658
C-WEU-AUT,sfh,2070,2.5739219272973584
C-WEU-AUT,sfh,2075,2.573487275383477
C-WEU-AUT,sfh,2080,2.573061729453191
C-WEU-AUT,sfh,2085,2.5726776397483824
C-WEU-AUT,sfh,2090,2.572369003184959
C-WEU-AUT,sfh,2095,2.5721711329605523
C-WEU-AUT,sfh,2100,2.5721200012557737
C-WEU-BEL,mfh,2015,1.7932669730709887
C-WEU-BEL,mfh,2020,1.793412415243291
C-WEU-BEL,mfh,2025,1.7935250415348423
C-WEU-BEL,mfh,2030,1.7936099302080022
C-WEU-BEL,mfh,2035,1.793671385576697
C-WEU-BEL,mfh,2040,1.793713126592799
C-WEU-BEL,mfh,2045,1.7937384298420955
C-WEU-BEL,mfh,2050,1.7937502396457168
C-WEU-BEL,mfh,2055,1.7937512539841907
C-WEU-BEL,mfh,2060,1.7937439922935345
C-WEU-BEL,mfh,2065,1.7937308493557194
C-WEU-BEL,mfh,2070,1.793714138228245
C-WEU-BEL,mfh,2075,1.7936961242459466
C-WEU-BEL,mfh,2080,1.7936790514652785
C-WEU-BEL,mfh,2085,1.7936651624319795
C-WEU-BEL,mfh,2090,1.7936567117890796
C-WEU-BEL,mfh,2095,1.7936559739735976
C-WEU-BEL,mfh,2100,1.7936652450593096
C-WEU-BEL,sfh,2015,2.579515891800978
C-WEU-BEL,sfh,2020,2.580010261590259
C-WEU-BEL,sfh,2025,2.580425216252107
C-WEU-BEL,sfh,2030,2.5807716940036958
C-WEU-BEL,sfh,2035,2.5810587556314104
C-WEU-BEL,sfh,2040,2.58129401508153
C-WEU-BEL,sfh,2045,2.5814839648129224
C-WEU-BEL,sfh,2050,2.5816342254868085
C-WEU-BEL,sfh,2055,2.5817497404058267
C-WEU-BEL,sfh,2060,2.581834928989744
C-WEU-BEL,sfh,2065,2.5818938093991814
C-WEU-BEL,sfh,2070,2.581930097516169
C-WEU-BEL,sfh,2075,2.5819472874340827
C-WEU-BEL,sfh,2080,2.58194871712485
C-WEU-BEL,sfh,2085,2.581937621859526
C-WEU-BEL,sfh,2090,2.581917177142093
C-WEU-BEL,sfh,2095,2.5818905322989347
C-WEU-BEL,sfh,2100,2.5818608353985066
C-WEU-CYP,mfh,2015,2.3548721307523524
C-WEU-CYP,mfh,2020,2.357473872384408
C-WEU-CYP,mfh,2025,2.3597100381847222
C-WEU-CYP,mfh,2030,2.3616284886423857
C-WEU-CYP,mfh,2035,2.363264968562323
C-WEU-CYP,mfh,2040,2.364645921522004
C-WEU-CYP,mfh,2045,2.365790427194284
C-WEU-CYP,mfh,2050,2.36671153318525
C-WEU-CYP,mfh,2055,2.3674171529601304
C-WEU-CYP,mfh,2060,2.367910638362593
C-WEU-CYP,mfh,2065,2.368191093631742
C-WEU-CYP,mfh,2070,2.3682534686290144
C-WEU-CYP,mfh,2075,2.3680884465970653
C-WEU-CYP,mfh,2080,2.3676821223680564
C-WEU-CYP,mfh,2085,2.367015447495142
C-WEU-CYP,mfh,2090,2.366063396353562
C-WEU-CYP,mfh,2095,2.3647937783143216
C-WEU-CYP,mfh,2100,2.363165580680481
C-WEU-CYP,sfh,2015,2.7576624491270696
C-WEU-CYP,sfh,2020,2.7607092069986985
C-WEU-CYP,sfh,2025,2.763327858931863
C-WEU-CYP,sfh,2030,2.765574451737698
C-WEU-CYP,sfh,2035,2.767490844209725
C-WEU-CYP,sfh,2040,2.769108002980765
C-WEU-CYP,sfh,2045,2.770448271216158
C-WEU-CYP,sfh,2050,2.771526928256505
C-WEU-CYP,sfh,2055,2.772353241129777
C-WEU-CYP,sfh,2060,2.77293113499747
C-WEU-CYP,sfh,2065,2.773259560882804
C-WEU-CYP,sfh,2070,2.7733326048436613
C-WEU-CYP,sfh,2075,2.7731393565331306
C-WEU-CYP,sfh,2080,2.7726635323667663
C-WEU-CYP,sfh,2085,2.771882825746308
C-WEU-CYP,sfh,2090,2.770767930526097
C-WEU-CYP,sfh,2095,2.769281150014397
C-WEU-CYP,sfh,2100,2.767374456476364
C-WEU-DEU,mfh,2015,1.7993088911828383
C-WEU-DEU,mfh,2020,1.7999700734806208
C-WEU-DEU,mfh,2025,1.8005815773151785
C-WEU-DEU,mfh,2030,1.801152227720384
C-WEU-DEU,mfh,2035,1.8016891055869835
C-WEU-DEU,mfh,2040,1.8021979037579254
C-WEU-DEU,mfh,2045,1.8026831771184963
C-WEU-DEU,mfh,2050,1.8031485162831518
C-WEU-DEU,mfh,2055,1.8035966652947917
C-WEU-DEU,mfh,2060,1.8040295981415677
C-WEU-DEU,mfh,2065,1.8044485656480613
C-WEU-DEU,mfh,2070,1.8048541226722945
C-WEU-DEU,mfh,2075,1.8052461450388377
C-WEU-DEU,mfh,2080,1.80562384585384
C-WEU-DEU,mfh,2085,1.8059858013623251
C-WEU-DEU,mfh,2090,1.8063299968303734
C-WEU-DEU,mfh,2095,1.806653902485805
C-WEU-DEU,mfh,2100,1.806954587716953
C-WEU-DEU,sfh,2015,2.543510491680821
C-WEU-DEU,sfh,2020,2.544272659082714
C-WEU-DEU,sfh,2025,2.5449447991025522
C-WEU-DEU,sfh,2030,2.54554104617389
C-WEU-DEU,sfh,2035,2.5460730362285653
C-WEU-DEU,sfh,2040,2.546550527181699
C-WEU-DEU,sfh,2045,2.5469818608641477
C-WEU-DEU,sfh,2050,2.5473743121013084
C-WEU-DEU,sfh,2055,2.547734355013408
C-WEU-DEU,sfh,2060,2.5480678661773184
C-WEU-DEU,sfh,2065,2.5483802771023494
C-WEU-DEU,sfh,2070,2.5486766834136674
C-WEU-DEU,sfh,2075,2.5489619145977986
C-WEU-DEU,sfh,2080,2.5492405658710617
C-WEU-DEU,sfh,2085,2.5495169926340138
C-WEU-DEU,sfh,2090,2.5497952681556977
C-WEU-DEU,sfh,2095,2.5500791067013
C-WEU-DEU,sfh,2100,2.5503717572836155
C-WEU-DNK,mfh,2015,1.7103795873310428
C-WEU-DNK,mfh,2020,1.711217826802851
C-WEU-DNK,mfh,2025,1.7119263961983346
C-WEU-DNK,mfh,2030,1.7125292557934486
C-WEU-DNK,mfh,2035,1.7130462285795984
C-WEU-DNK,mfh,2040,1.7134941261209486
C-WEU-DNK,mfh,2045,1.713887554321186
C-WEU-DNK,mfh,2050,1.71423949363575
C-WEU-DNK,mfh,2055,1.7145617142239604
C-WEU-DNK,mfh,2060,1.71486506513834
C-WEU-DNK,mfh,2065,1.71515966309462
C-WEU-DNK,mfh,2070,1.7154549979292963
C-WEU-DNK,mfh,2075,1.715759966956875
C-WEU-DNK,mfh,2080,1.716082848142296
C-WEU-DNK,mfh,2085,1.7164312216812472
C-WEU-DNK,mfh,2090,1.716811850728051
C-WEU-DNK,mfh,2095,1.7172305341151364
C-WEU-DNK,mfh,2100,1.7176919463790197
C-WEU-DNK,sfh,2015,2.571870404827663
C-WEU-DNK,sfh,2020,2.573276732626805
C-WEU-DNK,sfh,2025,2.574463144816091
C-WEU-DNK,sfh,2030,2.5754701869333205
C-WEU-DNK,sfh,2035,2.5763314136713498
C-WEU-DNK,sfh,2040,2.577075295253323
C-WEU-DNK,sfh,2045,2.577726582339841
C-WEU-DNK,sfh,2050,2.578307289340885
C-WEU-DNK,sfh,2055,2.578837398386662
C-WEU-DNK,sfh,2060,2.5793353499831126
C-WEU-DNK,sfh,2065,2.5798183634193155
C-WEU-DNK,sfh,2070,2.5803026156972453
C-WEU-DNK,sfh,2075,2.5808032994592884
C-WEU-DNK,sfh,2080,2.581334576504937
C-WEU-DNK,sfh,2085,2.581909442965476
C-WEU-DNK,sfh,2090,2.582539524196655
C-WEU-DNK,sfh,2095,2.583234821089856
C-WEU-DNK,sfh,2100,2.584003433790553
C-WEU-ESP,mfh,2015,2.501508892873857
C-WEU-ESP,mfh,2020,2.5012094750120264
C-WEU-ESP,mfh,2025,2.500968500545907
C-WEU-ESP,mfh,2030,2.500776751523534
C-WEU-ESP,mfh,2035,2.5006263024078637
C-WEU-ESP,mfh,2040,2.5005102170839297
C-WEU-ESP,mfh,2045,2.5004223127664176
C-WEU-ESP,mfh,2050,2.500356972462322
C-WEU-ESP,mfh,2055,2.500308992937356
C-WEU-ESP,mfh,2060,2.5002734587433717
C-WEU-ESP,mfh,2065,2.500245635361348
C-WEU-ESP,mfh,2070,2.500220876266794
C-WEU-ESP,mfh,2075,2.500194539970218
C-WEU-ESP,mfh,2080,2.5001619139825273
C-WEU-ESP,mfh,2085,2.5001181433105955
C-WEU-ESP,mfh,2090,2.500058161575351
C-WEU-ESP,mfh,2095,2.4999766232157206
C-WEU-ESP,mfh,2100,2.4998678355346162
C-WEU-ESP,sfh,2015,2.6768010959605504
C-WEU-ESP,sfh,2020,2.676332985536036
C-WEU-ESP,sfh,2025,2.675948697736698
C-WEU-ESP,sfh,2030,2.675637778442796
C-WEU-ESP,sfh,2035,2.675391520735557
C-WEU-ESP,sfh,2040,2.675202594755113
C-WEU-ESP,sfh,2045,2.675064763182594
C-WEU-ESP,sfh,2050,2.6749726593330436
C-WEU-ESP,sfh,2055,2.674921611531411
C-WEU-ESP,sfh,2060,2.6749075020033617
C-WEU-ESP,sfh,2065,2.674926651669384
C-WEU-ESP,sfh,2070,2.6749757244460874
C-WEU-ESP,sfh,2075,2.67505164623237
C-WEU-ESP,sfh,2080,2.6751515348883053
C-WEU-ESP,sfh,2085,2.6752726383340275
C-WEU-ESP,sfh,2090,2.6754122784952923
C-WEU-ESP,sfh,2095,2.675567799264666
C-WEU-ESP,sfh,2100,2.6757365169768708
C-WEU-FIN,mfh,2015,1.6912035739425395
C-WEU-FIN,mfh,2020,1.6913627339237196
C-WEU-FIN,mfh,2025,1.6914171942451153
C-WEU-FIN,mfh,2030,1.6913834189621673
C-WEU-FIN,mfh,2035,1.6912759710708594
C-WEU-FIN,mfh,2040,1.691108303515532
C-WEU-FIN,mfh,2045,1.6908933705272025
C-WEU-FIN,mfh,2050,1.6906441034011015
C-WEU-FIN,mfh,2055,1.6903737729330202
C-WEU-FIN,mfh,2060,1.6900962451244805
C-WEU-FIN,mfh,2065,1.68982612551744
C-WEU-FIN,mfh,2070,1.689578780048808
C-WEU-FIN,mfh,2075,1.6893702169357658
C-WEU-FIN,mfh,2080,1.6892168156565304
C-WEU-FIN,mfh,2085,1.6891348965220057
C-WEU-FIN,mfh,2090,1.689140138135783
C-WEU-FIN,mfh,2095,1.6892468696144167
C-WEU-FIN,mfh,2100,1.689467287526297
C-WEU-FIN,sfh,2015,2.532022098194885
C-WEU-FIN,sfh,2020,2.5322608927831047
C-WEU-FIN,sfh,2025,2.5323630209581967
C-WEU-FIN,sfh,2030,2.5323498061992655
C-WEU-FIN,sfh,2035,2.532240035870133
C-WEU-FIN,sfh,2040,2.5320509900232664
C-WEU-FIN,sfh,2045,2.5317992358049963
C-WEU-FIN,sfh,2050,2.531501245808726
C-WEU-FIN,sfh,2055,2.5311738702751394
C-WEU-FIN,sfh,2060,2.530834672795341
C-WEU-FIN,sfh,2065,2.5305021245863917
C-WEU-FIN,sfh,2070,2.5301956426655163
C-WEU-FIN,sfh,2075,2.529935452692981
C-WEU-FIN,sfh,2080,2.5297422589183625
C-WEU-FIN,sfh,2085,2.529636712735499
C-WEU-FIN,sfh,2090,2.5296386884672417
C-WEU-FIN,sfh,2095,2.5297663994455606
C-WEU-FIN,sfh,2100,2.530035416429601
C-WEU-FRA,mfh,2015,1.8596016095540095
C-WEU-FRA,mfh,2020,1.8596727011571377
C-WEU-FRA,mfh,2025,1.8597560947777179
C-WEU-FRA,mfh,2030,1.8598495441762224
C-WEU-FRA,mfh,2035,1.8599509510351708
C-WEU-FRA,mfh,2040,1.8600583468211436
C-WEU-FRA,mfh,2045,1.8601698762841963
C-WEU-FRA,mfh,2050,1.8602837823526936
C-WEU-FRA,mfh,2055,1.86039839220953
C-WEU-FRA,mfh,2060,1.860512104358607
C-WEU-FRA,mfh,2065,1.8606233765090232
C-WEU-FRA,mfh,2070,1.8607307141191958
C-WEU-FRA,mfh,2075,1.8608326594545497
C-WEU-FRA,mfh,2080,1.8609277810207143
C-WEU-FRA,mfh,2085,1.8610146632396334
C-WEU-FRA,mfh,2090,1.8610918962386829
C-WEU-FRA,mfh,2095,1.861158065622866
C-WEU-FRA,mfh,2100,1.8612117420973415
C-WEU-FRA,sfh,2015,2.4445346029562525
C-WEU-FRA,sfh,2020,2.4446159506045513
C-WEU-FRA,sfh,2025,2.444700979474785
C-WEU-FRA,sfh,2030,2.444788618880959
C-WEU-FRA,sfh,2035,2.444877864824149
C-WEU-FRA,sfh,2040,2.44496777122005
C-WEU-FRA,sfh,2045,2.445057441884062
C-WEU-FRA,sfh,2050,2.4451460231566453
C-WEU-FRA,sfh,2055,2.445232697064676
C-WEU-FRA,sfh,2060,2.4453166749250794
C-WEU-FRA,sfh,2065,2.4453971913054606
C-WEU-FRA,sfh,2070,2.4454734982629978
C-WEU-FRA,sfh,2075,2.4455448597877583
C-WEU-FRA,sfh,2080,2.445610546379911
C-WEU-FRA,sfh,2085,2.445669829692154
C-WEU-FRA,sfh,2090,2.445721977169099
C-WEU-FRA,sfh,2095,2.4457662466142946
C-WEU-FRA,sfh,2100,2.44580188061306
C-WEU-GRC,mfh,2015,2.2882677478286326
C-WEU-GRC,mfh,2020,2.289993473441734
C-WEU-GRC,mfh,2025,2.2914851953050652
C-WEU-GRC,mfh,2030,2.2927488952715684
C-WEU-GRC,mfh,2035,2.2937984559932847
C-WEU-GRC,mfh,2040,2.2946547527730274
C-WEU-GRC,mfh,2045,2.2953445478037655
C-WEU-GRC,mfh,2050,2.295899348652658
C-WEU-GRC,mfh,2055,2.2963543800089536
C-WEU-GRC,mfh,2060,2.296747793997645
C-WEU-GRC,mfh,2065,2.2971202194545297
C-WEU-GRC,mfh,2070,2.297514733473737
C-WEU-GRC,mfh,2075,2.2979773371732906
C-WEU-GRC,mfh,2080,2.298558039760547
C-WEU-GRC,mfh,2085,2.299312710822783
C-WEU-GRC,mfh,2090,2.300305967589216
C-WEU-GRC,mfh,2095,2.301615554579591
C-WEU-GRC,mfh,2100,2.3033390130520948
C-WEU-GRC,sfh,2015,2.427860909338794
C-WEU-GRC,sfh,2020,2.42961805115741
C-WEU-GRC,sfh,2025,2.431116869092517
C-WEU-GRC,sfh,2030,2.432365280699119
C-WEU-GRC,sfh,2035,2.4333796853720373
C-WEU-GRC,sfh,2040,2.4341839173613495
C-WEU-GRC,sfh,2045,2.4348079983077473
C-WEU-GRC,sfh,2050,2.4352868656502973
C-WEU-GRC,sfh,2055,2.4356592372105856
C-WEU-GRC,sfh,2060,2.4359667448840017
C-WEU-GRC,sfh,2065,2.4362534422363358
C-WEU-GRC,sfh,2070,2.436565771572736
C-WEU-GRC,sfh,2075,2.4369530740441028
C-WEU-GRC,sfh,2080,2.4374687496894407
C-WEU-GRC,sfh,2085,2.438172233606599
C-WEU-GRC,sfh,2090,2.4391320677919386
C-WEU-GRC,sfh,2095,2.44043055019825
C-WEU-GRC,sfh,2100,2.442170802332248
C-WEU-IRL,mfh,2015,2.1437214485505547
C-WEU-IRL,mfh,2020,2.1435948907939144
C-WEU-IRL,mfh,2025,2.143489556134287
C-WEU-IRL,mfh,2030,2.143402271414534
C-WEU-IRL,mfh,2035,2.143330309242095
C-WEU-IRL,mfh,2040,2.143271323929562
C-WEU-IRL,mfh,2045,2.143223295068022
C-WEU-IRL,mfh,2050,2.143184478268342
C-WEU-IRL,mfh,2055,2.143153362380274
C-WEU-IRL,mfh,2060,2.143128632404887
C-WEU-IRL,mfh,2065,2.14310913729708
C-WEU-IRL,mfh,2070,2.14309386187536
C-WEU-IRL,mfh,2075,2.143081902091614
C-WEU-IRL,mfh,2080,2.1430724429480255
C-WEU-IRL,mfh,2085,2.1430647383694414
C-WEU-IRL,mfh,2090,2.1430580923370064
C-WEU-IRL,mfh,2095,2.1430518405513683
C-WEU-IRL,mfh,2100,2.1430453318063356
C-WEU-IRL,sfh,2015,2.817213678821624
C-WEU-IRL,sfh,2020,2.8170466660215885
C-WEU-IRL,sfh,2025,2.816906978437537
C-WEU-IRL,sfh,2030,2.8167905819287706
C-WEU-IRL,sfh,2035,2.8166940061046493
C-WEU-IRL,sfh,2040,2.8166142640432037
C-WEU-IRL,sfh,2045,2.816548781454186
C-WEU-IRL,sfh,2050,2.816495334760802
C-WEU-IRL,sfh,2055,2.8164519972754554
C-WEU-IRL,sfh,2060,2.816417092515102
C-WEU-IRL,sfh,2065,2.8163891536707157
C-WEU-IRL,sfh,2070,2.8163668882663764
C-WEU-IRL,sfh,2075,2.8163491470858633
C-WEU-IRL,sfh,2080,2.8163348964876476
C-WEU-IRL,sfh,2085,2.816323193257574
C-WEU-IRL,sfh,2090,2.816313161149415
C-WEU-IRL,sfh,2095,2.816303968223162
C-WEU-IRL,sfh,2100,2.816294803991585
C-WEU-ITA,mfh,2015,2.2377763221129228
C-WEU-ITA,mfh,2020,2.2377824033750615
C-WEU-ITA,mfh,2025,2.2377817689878023
C-WEU-ITA,mfh,2030,2.237774482077736
C-WEU-ITA,mfh,2035,2.2377605775416405
C-WEU-ITA,mfh,2040,2.2377400628350563
C-WEU-ITA,mfh,2045,2.2377129184798785
C-WEU-ITA,mfh,2050,2.237679098305686
C-WEU-ITA,mfh,2055,2.2376385294345287
C-WEU-ITA,mfh,2060,2.237591112014313
C-WEU-ITA,mfh,2065,2.2375367187015636
C-WEU-ITA,mfh,2070,2.237475193890139
C-WEU-ITA,mfh,2075,2.237406352678289
C-WEU-ITA,mfh,2080,2.2373299795621593
C-WEU-ITA,mfh,2085,2.237245826839381
C-WEU-ITA,mfh,2090,2.237153612701594
C-WEU-ITA,mfh,2095,2.2370530189895423
C-WEU-ITA,mfh,2100,2.2369436885786205
C-WEU-ITA,sfh,2015,2.375443415974052
C-WEU-ITA,sfh,2020,2.3750499377526575
C-WEU-ITA,sfh,2025,2.3746153643748666
C-WEU-ITA,sfh,2030,2.3741419842125473
C-WEU-ITA,sfh,2035,2.373632025217344
C-WEU-ITA,sfh,2040,2.373087679030763
C-WEU-ITA,sfh,2045,2.3725111248101576
C-WEU-ITA,sfh,2050,2.371904553151149
C-WEU-ITA,sfh,2055,2.3712701904832474
C-WEU-ITA,sfh,2060,2.3706103243207695
C-WEU-ITA,sfh,2065,2.3699273297655448
C-WEU-ITA,sfh,2070,2.3692236976815177
C-WEU-ITA,sfh,2075,2.368502064994792
C-WEU-ITA,sfh,2080,2.367765247616746
C-WEU-ITA,sfh,2085,2.367016276543807
C-WEU-ITA,sfh,2090,2.3662584377569
C-WEU-ITA,sfh,2095,2.365495316628535
C-WEU-ITA,sfh,2100,2.3647308476485978
C-WEU-LUX,mfh,2015,2.164009078534833
C-WEU-LUX,mfh,2020,2.171506540452615
C-WEU-LUX,mfh,2025,2.177262267184767
C-WEU-LUX,mfh,2030,2.181771861929313
C-WEU-LUX,mfh,2035,2.185353617999848
C-WEU-LUX,mfh,2040,2.188220919795753
C-WEU-LUX,mfh,2045,2.190521935283358
C-WEU-LUX,mfh,2050,2.192362683807051
C-WEU-LUX,mfh,2055,2.193821131212398
C-WEU-LUX,mfh,2060,2.19495620004378
C-WEU-LUX,mfh,2065,2.1958137796967465
C-WEU-LUX,mfh,2070,2.196430903994222
C-WEU-LUX,mfh,2075,2.1968387701921657
C-WEU-LUX,mfh,2080,2.197064992973806
C-WEU-LUX,mfh,2085,2.197135318200872
C-WEU-LUX,mfh,2090,2.1970749138958023
C-WEU-LUX,mfh,2095,2.1969092856436525
C-WEU-LUX,mfh,2100,2.1966648196334417
C-WEU-LUX,sfh,2015,3.0323869572621334
C-WEU-LUX,sfh,2020,3.0428930156505043
C-WEU-LUX,sfh,2025,3.0509584118844058
C-WEU-LUX,sfh,2030,3.0572776258015484
C-WEU-LUX,sfh,2035,3.062296676091179
C-WEU-LUX,sfh,2040,3.0663145744700175
C-WEU-LUX,sfh,2045,3.0695389460414138
C-WEU-LUX,sfh,2050,3.072118353803708
C-WEU-LUX,sfh,2055,3.0741620498924602
C-WEU-LUX,sfh,2060,3.0757526014081717
C-WEU-LUX,sfh,2065,3.0769543123345557
C-WEU-LUX,sfh,2070,3.0778190775008563
C-WEU-LUX,sfh,2075,3.0783906130601197
C-WEU-LUX,sfh,2080,3.0787076149707335
C-WEU-LUX,sfh,2085,3.078806160445167
C-WEU-LUX,sfh,2090,3.0787215169800946
C-WEU-LUX,sfh,2095,3.0784894250926085
C-WEU-LUX,sfh,2100,3.0781468592742804
C-WEU-MLT,mfh,2015,2.3123765880062495
C-WEU-MLT,mfh,2020,2.3124844175412287
C-WEU-MLT,mfh,2025,2.3125688181144706
C-WEU-MLT,mfh,2030,2.3126499540885064
C-WEU-MLT,mfh,2035,2.3127444314570633
C-WEU-MLT,mfh,2040,2.3128679903821583
C-WEU-MLT,mfh,2045,2.31303710985692
C-WEU-MLT,mfh,2050,2.3132700683934186
C-WEU-MLT,mfh,2055,2.313587637015762
C-WEU-MLT,mfh,2060,2.3140133810627694
C-WEU-MLT,mfh,2065,2.3145733967320856
C-WEU-MLT,mfh,2070,2.3152951742408545
C-WEU-MLT,mfh,2075,2.316205182945844
C-WEU-MLT,mfh,2080,2.317324793753908
C-WEU-MLT,mfh,2085,2.3186644293473266
C-WEU-MLT,mfh,2090,2.320216512280816
C-WEU-MLT,mfh,2095,2.3219488688667846
C-WEU-MLT,mfh,2100,2.323801356205362
C-WEU-MLT,sfh,2015,2.6648462061642206
C-WEU-MLT,sfh,2020,2.664410283939837
C-WEU-MLT,sfh,2025,2.6641786414768287
C-WEU-MLT,sfh,2030,2.664120644325677
C-WEU-MLT,sfh,2035,2.6642261643422964
C-WEU-MLT,sfh,2040,2.664498445361308
C-WEU-MLT,sfh,2045,2.664950621742879
C-WEU-MLT,sfh,2050,2.6656038345879276
C-WEU-MLT,sfh,2055,2.6664858831717337
C-WEU-MLT,sfh,2060,2.66762967926894
C-WEU-MLT,sfh,2065,2.669070831603877
C-WEU-MLT,sfh,2070,2.670843655463795
C-WEU-MLT,sfh,2075,2.6729749294480114
C-WEU-MLT,sfh,2080,2.6754750067940805
C-WEU-MLT,sfh,2085,2.678326681591942
C-WEU-MLT,sfh,2090,2.681473680328686
C-WEU-MLT,sfh,2095,2.6848125744604125
C-WEU-MLT,sfh,2100,2.6881933022300513
C-WEU-NLD,mfh,2015,1.6103609278093498
C-WEU-NLD,mfh,2020,1.6112549733261234
C-WEU-NLD,mfh,2025,1.6119190878349778
C-WEU-NLD,mfh,2030,1.612390544743126
C-WEU-NLD,mfh,2035,1.6126994222243949
C-WEU-NLD,mfh,2040,1.6128708553439057
C-WEU-NLD,mfh,2045,1.612926672736658
C-WEU-NLD,mfh,2050,1.6128866218167643
C-WEU-NLD,mfh,2055,1.6127693065614308
C-WEU-NLD,mfh,2060,1.6125929109798693
C-WEU-NLD,mfh,2065,1.6123757471801092
C-WEU-NLD,mfh,2070,1.61213664298998
C-WEU-NLD,mfh,2075,1.611895167212313
C-WEU-NLD,mfh,2080,1.611671679724291
C-WEU-NLD,mfh,2085,1.611487189035176
C-WEU-NLD,mfh,2090,1.6113630025991263
C-WEU-NLD,mfh,2095,1.6113201661972245
C-WEU-NLD,mfh,2100,1.6113787083313986
C-WEU-NLD,sfh,2015,2.538332259556913
C-WEU-NLD,sfh,2020,2.5394751123375907
C-WEU-NLD,sfh,2025,2.540320372260036
C-WEU-NLD,sfh,2030,2.5409164524884806
C-WEU-NLD,sfh,2035,2.5413024759852427
C-WEU-NLD,sfh,2040,2.5415111949730798
C-WEU-NLD,sfh,2045,2.541571113056975
C-WEU-NLD,sfh,2050,2.541508073827232
C-WEU-NLD,sfh,2055,2.5413464761544566
C-WEU-NLD,sfh,2060,2.5411102103264342
C-WEU-NLD,sfh,2065,2.540823364803479
C-WEU-NLD,sfh,2070,2.540510722294068
C-WEU-NLD,sfh,2075,2.5401980420171406
C-WEU-NLD,sfh,2080,2.539912111069254
C-WEU-NLD,sfh,2085,2.5396805421406037
C-WEU-NLD,sfh,2090,2.5395312987506773
C-WEU-NLD,sfh,2095,2.5394919440687085
C-WEU-NLD,sfh,2100,2.5395886355542836
C-WEU-PRT,mfh,2015,2.397576139054447
C-WEU-PRT,mfh,2020,2.3974623601204756
C-WEU-PRT,mfh,2025,2.3973072155171162
C-WEU-PRT,mfh,2030,2.397116179165238
C-WEU-PRT,mfh,2035,2.3968944505857444
C-WEU-PRT,mfh,2040,2.396647191560928
C-WEU-PRT,mfh,2045,2.396379730658261
C-WEU-PRT,mfh,2050,2.3960977427258587
C-WEU-PRT,mfh,2055,2.3958074055806735
C-WEU-PRT,mfh,2060,2.395515531812099
C-WEU-PRT,mfh,2065,2.395229669640753
C-WEU-PRT,mfh,2070,2.394958163086316
C-WEU-PRT,mfh,2075,2.394710158544496
C-WEU-PRT,mfh,2080,2.394495542747741
C-WEU-PRT,mfh,2085,2.3943247967272625
C-WEU-PRT,mfh,2090,2.3942087527089795
C-WEU-PRT,mfh,2095,2.394158246747185
C-WEU-PRT,mfh,2100,2.394183669886396
C-WEU-PRT,sfh,2015,2.592619931912815
C-WEU-PRT,sfh,2020,2.592267323076175
C-WEU-PRT,sfh,2025,2.5919886939059666
C-WEU-PRT,sfh,2030,2.5917715159677366
C-WEU-PRT,sfh,2035,2.5916044604682904
C-WEU-PRT,sfh,2040,2.5914769493140724
C-WEU-PRT,sfh,2045,2.5913787979140235
C-WEU-PRT,sfh,2050,2.5912999300144137
C-WEU-PRT,sfh,2055,2.591230154313248
C-WEU-PRT,sfh,2060,2.5911589999115963
C-WEU-PRT,sfh,2065,2.5910756134898785
C-WEU-PRT,sfh,2070,2.5909687256551854
C-WEU-PRT,sfh,2075,2.5908266970197897
C-WEU-PRT,sfh,2080,2.590637655753266
C-WEU-PRT,sfh,2085,2.5903897368840716
C-WEU-PRT,sfh,2090,2.5900714287230526
C-WEU-PRT,sfh,2095,2.5896720228455417
C-WEU-PRT,sfh,2100,2.5891821510642394
C-WEU-SWE,mfh,2015,1.8441058020590178
C-WEU-SWE,mfh,2020,1.8462116928087293
C-WEU-SWE,mfh,2025,1.8480298408627116
C-WEU-SWE,mfh,2030,1.8496142095955497
C-WEU-SWE,mfh,2035,1.8510065630548518
C-WEU-SWE,mfh,2040,1.8522398211041071
C-WEU-SWE,mfh,2045,1.853340372080264
C-WEU-SWE,mfh,2050,1.8543297008751884
C-WEU-SWE,mfh,2055,1.8552255558457642
C-WEU-SWE,mfh,2060,1.856042797676807
C-WEU-SWE,mfh,2065,1.856794024038919
C-WEU-SWE,mfh,2070,1.8574900328831139
C-WEU-SWE,mfh,2075,1.8581401673078302
C-WEU-SWE,mfh,2080,1.8587525719409779
C-WEU-SWE,mfh,2085,1.8593343822026782
C-WEU-SWE,mfh,2090,1.8598918621216518
C-WEU-SWE,mfh,2095,1.8604305026029357
C-WEU-SWE,mfh,2100,1.8609550895547284
C-WEU-SWE,sfh,2015,2.6541048333139323
C-WEU-SWE,sfh,2020,2.657356610121458
C-WEU-SWE,sfh,2025,2.6601595510200813
C-WEU-SWE,sfh,2030,2.6625976264343185
C-WEU-SWE,sfh,2035,2.664735834921732
C-WEU-SWE,sfh,2040,2.666625425842841
C-WEU-SWE,sfh,2045,2.668307499983668
C-WEU-SWE,sfh,2050,2.669815545008661
C-WEU-SWE,sfh,2055,2.6711772533081835
C-WEU-SWE,sfh,2060,2.6724158448640387
C-WEU-SWE,sfh,2065,2.6735510410498935
C-WEU-SWE,sfh,2070,2.674599787024569
C-WEU-SWE,sfh,2075,2.6755767893828364
C-WEU-SWE,sfh,2080,2.676494915497703
C-WEU-SWE,sfh,2085,2.6773654876376356
C-WEU-SWE,sfh,2090,2.678198496091843
C-WEU-SWE,sfh,2095,2.679002749685282
C-WEU-SWE,sfh,2100,2.6797859782315085
