region_gea,arch,material,year,value
AFR,mfh,aluminum,2015,2.0570446735
AFR,mfh,aluminum,2020,2.0570446735
AFR,mfh,aluminum,2025,2.0570446735
AFR,mfh,aluminum,2030,2.0570446735
AFR,mfh,aluminum,2035,2.0570446735
AFR,mfh,aluminum,2040,2.0570446735
AFR,mfh,aluminum,2045,2.0570446735
AFR,mfh,aluminum,2050,2.0570446735
AFR,mfh,aluminum,2055,2.0570446735
AFR,mfh,aluminum,2060,2.0570446735
AFR,mfh,aluminum,2065,2.0570446735
AFR,mfh,aluminum,2070,2.0570446735
AFR,mfh,aluminum,2075,2.0570446735
AFR,mfh,aluminum,2080,2.0570446735
AFR,mfh,aluminum,2085,2.0570446735
AFR,mfh,aluminum,2090,2.0570446735
AFR,mfh,aluminum,2095,2.0570446735
AFR,mfh,aluminum,2100,2.0570446735
AFR,mfh,concrete,2015,957.3357732
AFR,mfh,concrete,2020,957.3357732
AFR,mfh,concrete,2025,957.3357732
AFR,mfh,concrete,2030,957.3357732
AFR,mfh,concrete,2035,957.3357732
AFR,mfh,concrete,2040,957.3357732
AFR,mfh,concrete,2045,957.3357732
AFR,mfh,concrete,2050,957.3357732
AFR,mfh,concrete,2055,957.3357732
AFR,mfh,concrete,2060,957.3357732
AFR,mfh,concrete,2065,957.3357732
AFR,mfh,concrete,2070,957.3357732
AFR,mfh,concrete,2075,957.3357732
AFR,mfh,concrete,2080,957.3357732
AFR,mfh,concrete,2085,957.3357732
AFR,mfh,concrete,2090,957.3357732
AFR,mfh,concrete,2095,957.3357732
AFR,mfh,concrete,2100,957.3357732
AFR,mfh,copper,2015,0.17588433150000002
AFR,mfh,copper,2020,0.17588433150000002
AFR,mfh,copper,2025,0.17588433150000002
AFR,mfh,copper,2030,0.17588433150000002
AFR,mfh,copper,2035,0.17588433150000002
AFR,mfh,copper,2040,0.17588433150000002
AFR,mfh,copper,2045,0.17588433150000002
AFR,mfh,copper,2050,0.17588433150000002
AFR,mfh,copper,2055,0.17588433150000002
AFR,mfh,copper,2060,0.17588433150000002
AFR,mfh,copper,2065,0.17588433150000002
AFR,mfh,copper,2070,0.17588433150000002
AFR,mfh,copper,2075,0.17588433150000002
AFR,mfh,copper,2080,0.17588433150000002
AFR,mfh,copper,2085,0.17588433150000002
AFR,mfh,copper,2090,0.17588433150000002
AFR,mfh,copper,2095,0.17588433150000002
AFR,mfh,copper,2100,0.17588433150000002
AFR,mfh,glass,2015,5.481168385
AFR,mfh,glass,2020,5.481168385
AFR,mfh,glass,2025,5.481168385
AFR,mfh,glass,2030,5.481168385
AFR,mfh,glass,2035,5.481168385
AFR,mfh,glass,2040,5.481168385
AFR,mfh,glass,2045,5.481168385
AFR,mfh,glass,2050,5.481168385
AFR,mfh,glass,2055,5.481168385
AFR,mfh,glass,2060,5.481168385
AFR,mfh,glass,2065,5.481168385
AFR,mfh,glass,2070,5.481168385
AFR,mfh,glass,2075,5.481168385
AFR,mfh,glass,2080,5.481168385
AFR,mfh,glass,2085,5.481168385
AFR,mfh,glass,2090,5.481168385
AFR,mfh,glass,2095,5.481168385
AFR,mfh,glass,2100,5.481168385
AFR,mfh,steel,2015,87.188320535
AFR,mfh,steel,2020,87.188320535
AFR,mfh,steel,2025,87.188320535
AFR,mfh,steel,2030,87.188320535
AFR,mfh,steel,2035,87.188320535
AFR,mfh,steel,2040,87.188320535
AFR,mfh,steel,2045,87.188320535
AFR,mfh,steel,2050,87.188320535
AFR,mfh,steel,2055,87.188320535
AFR,mfh,steel,2060,87.188320535
AFR,mfh,steel,2065,87.188320535
AFR,mfh,steel,2070,87.188320535
AFR,mfh,steel,2075,87.188320535
AFR,mfh,steel,2080,87.188320535
AFR,mfh,steel,2085,87.188320535
AFR,mfh,steel,2090,87.188320535
AFR,mfh,steel,2095,87.188320535
AFR,mfh,steel,2100,87.188320535
AFR,mfh,wood,2015,46.27820136
AFR,mfh,wood,2020,46.27820136
AFR,mfh,wood,2025,46.27820136
AFR,mfh,wood,2030,46.27820136
AFR,mfh,wood,2035,46.27820136
AFR,mfh,wood,2040,46.27820136
AFR,mfh,wood,2045,46.27820136
AFR,mfh,wood,2050,46.27820136
AFR,mfh,wood,2055,46.27820136
AFR,mfh,wood,2060,46.27820136
AFR,mfh,wood,2065,46.27820136
AFR,mfh,wood,2070,46.27820136
AFR,mfh,wood,2075,46.27820136
AFR,mfh,wood,2080,46.27820136
AFR,mfh,wood,2085,46.27820136
AFR,mfh,wood,2090,46.27820136
AFR,mfh,wood,2095,46.27820136
AFR,mfh,wood,2100,46.27820136
AFR,sfh,aluminum,2015,2.606161014
AFR,sfh,aluminum,2020,2.606161014
AFR,sfh,aluminum,2025,2.606161014
AFR,sfh,aluminum,2030,2.606161014
AFR,sfh,aluminum,2035,2.606161014
AFR,sfh,aluminum,2040,2.606161014
AFR,sfh,aluminum,2045,2.606161014
AFR,sfh,aluminum,2050,2.606161014
AFR,sfh,aluminum,2055,2.606161014
AFR,sfh,aluminum,2060,2.606161014
AFR,sfh,aluminum,2065,2.606161014
AFR,sfh,aluminum,2070,2.606161014
AFR,sfh,aluminum,2075,2.606161014
AFR,sfh,aluminum,2080,2.606161014
AFR,sfh,aluminum,2085,2.606161014
AFR,sfh,aluminum,2090,2.606161014
AFR,sfh,aluminum,2095,2.606161014
AFR,sfh,aluminum,2100,2.606161014
AFR,sfh,concrete,2015,855.6631412
AFR,sfh,concrete,2020,855.6631412
AFR,sfh,concrete,2025,855.6631412
AFR,sfh,concrete,2030,855.6631412
AFR,sfh,concrete,2035,855.6631412
AFR,sfh,concrete,2040,855.6631412
AFR,sfh,concrete,2045,855.6631412
AFR,sfh,concrete,2050,855.6631412
AFR,sfh,concrete,2055,855.6631412
AFR,sfh,concrete,2060,855.6631412
AFR,sfh,concrete,2065,855.6631412
AFR,sfh,concrete,2070,855.6631412
AFR,sfh,concrete,2075,855.6631412
AFR,sfh,concrete,2080,855.6631412
AFR,sfh,concrete,2085,855.6631412
AFR,sfh,concrete,2090,855.6631412
AFR,sfh,concrete,2095,855.6631412
AFR,sfh,concrete,2100,855.6631412
AFR,sfh,copper,2015,1.355200154
AFR,sfh,copper,2020,1.355200154
AFR,sfh,copper,2025,1.355200154
AFR,sfh,copper,2030,1.355200154
AFR,sfh,copper,2035,1.355200154
AFR,sfh,copper,2040,1.355200154
AFR,sfh,copper,2045,1.355200154
AFR,sfh,copper,2050,1.355200154
AFR,sfh,copper,2055,1.355200154
AFR,sfh,copper,2060,1.355200154
AFR,sfh,copper,2065,1.355200154
AFR,sfh,copper,2070,1.355200154
AFR,sfh,copper,2075,1.355200154
AFR,sfh,copper,2080,1.355200154
AFR,sfh,copper,2085,1.355200154
AFR,sfh,copper,2090,1.355200154
AFR,sfh,copper,2095,1.355200154
AFR,sfh,copper,2100,1.355200154
AFR,sfh,glass,2015,1.321761922
AFR,sfh,glass,2020,1.321761922
AFR,sfh,glass,2025,1.321761922
AFR,sfh,glass,2030,1.321761922
AFR,sfh,glass,2035,1.321761922
AFR,sfh,glass,2040,1.321761922
AFR,sfh,glass,2045,1.321761922
AFR,sfh,glass,2050,1.321761922
AFR,sfh,glass,2055,1.321761922
AFR,sfh,glass,2060,1.321761922
AFR,sfh,glass,2065,1.321761922
AFR,sfh,glass,2070,1.321761922
AFR,sfh,glass,2075,1.321761922
AFR,sfh,glass,2080,1.321761922
AFR,sfh,glass,2085,1.321761922
AFR,sfh,glass,2090,1.321761922
AFR,sfh,glass,2095,1.321761922
AFR,sfh,glass,2100,1.321761922
AFR,sfh,steel,2015,23.504585000000002
AFR,sfh,steel,2020,23.504585000000002
AFR,sfh,steel,2025,23.504585000000002
AFR,sfh,steel,2030,23.504585000000002
AFR,sfh,steel,2035,23.504585000000002
AFR,sfh,steel,2040,23.504585000000002
AFR,sfh,steel,2045,23.504585000000002
AFR,sfh,steel,2050,23.504585000000002
AFR,sfh,steel,2055,23.504585000000002
AFR,sfh,steel,2060,23.504585000000002
AFR,sfh,steel,2065,23.504585000000002
AFR,sfh,steel,2070,23.504585000000002
AFR,sfh,steel,2075,23.504585000000002
AFR,sfh,steel,2080,23.504585000000002
AFR,sfh,steel,2085,23.504585000000002
AFR,sfh,steel,2090,23.504585000000002
AFR,sfh,steel,2095,23.504585000000002
AFR,sfh,steel,2100,23.504585000000002
AFR,sfh,wood,2015,31.409294935000002
AFR,sfh,wood,2020,31.409294935000002
AFR,sfh,wood,2025,31.409294935000002
AFR,sfh,wood,2030,31.409294935000002
AFR,sfh,wood,2035,31.409294935000002
AFR,sfh,wood,2040,31.409294935000002
AFR,sfh,wood,2045,31.409294935000002
AFR,sfh,wood,2050,31.409294935000002
AFR,sfh,wood,2055,31.409294935000002
AFR,sfh,wood,2060,31.409294935000002
AFR,sfh,wood,2065,31.409294935000002
AFR,sfh,wood,2070,31.409294935000002
AFR,sfh,wood,2075,31.409294935000002
AFR,sfh,wood,2080,31.409294935000002
AFR,sfh,wood,2085,31.409294935000002
AFR,sfh,wood,2090,31.409294935000002
AFR,sfh,wood,2095,31.409294935000002
AFR,sfh,wood,2100,31.409294935000002
CPA,mfh,aluminum,2015,1.8292439859999998
CPA,mfh,aluminum,2020,1.8292439859999998
CPA,mfh,aluminum,2025,1.8292439859999998
CPA,mfh,aluminum,2030,1.8292439859999998
CPA,mfh,aluminum,2035,1.8292439859999998
CPA,mfh,aluminum,2040,1.8292439859999998
CPA,mfh,aluminum,2045,1.8292439859999998
CPA,mfh,aluminum,2050,1.8292439859999998
CPA,mfh,aluminum,2055,1.8292439859999998
CPA,mfh,aluminum,2060,1.8292439859999998
CPA,mfh,aluminum,2065,1.8292439859999998
CPA,mfh,aluminum,2070,1.8292439859999998
CPA,mfh,aluminum,2075,1.8292439859999998
CPA,mfh,aluminum,2080,1.8292439859999998
CPA,mfh,aluminum,2085,1.8292439859999998
CPA,mfh,aluminum,2090,1.8292439859999998
CPA,mfh,aluminum,2095,1.8292439859999998
CPA,mfh,aluminum,2100,1.8292439859999998
CPA,mfh,concrete,2015,1034.1759279999999
CPA,mfh,concrete,2020,1034.1759279999999
CPA,mfh,concrete,2025,1034.1759279999999
CPA,mfh,concrete,2030,1034.1759279999999
CPA,mfh,concrete,2035,1034.1759279999999
CPA,mfh,concrete,2040,1034.1759279999999
CPA,mfh,concrete,2045,1034.1759279999999
CPA,mfh,concrete,2050,1034.1759279999999
CPA,mfh,concrete,2055,1034.1759279999999
CPA,mfh,concrete,2060,1034.1759279999999
CPA,mfh,concrete,2065,1034.1759279999999
CPA,mfh,concrete,2070,1034.1759279999999
CPA,mfh,concrete,2075,1034.1759279999999
CPA,mfh,concrete,2080,1034.1759279999999
CPA,mfh,concrete,2085,1034.1759279999999
CPA,mfh,concrete,2090,1034.1759279999999
CPA,mfh,concrete,2095,1034.1759279999999
CPA,mfh,concrete,2100,1034.1759279999999
CPA,mfh,copper,2015,0.2024398625
CPA,mfh,copper,2020,0.2024398625
CPA,mfh,copper,2025,0.2024398625
CPA,mfh,copper,2030,0.2024398625
CPA,mfh,copper,2035,0.2024398625
CPA,mfh,copper,2040,0.2024398625
CPA,mfh,copper,2045,0.2024398625
CPA,mfh,copper,2050,0.2024398625
CPA,mfh,copper,2055,0.2024398625
CPA,mfh,copper,2060,0.2024398625
CPA,mfh,copper,2065,0.2024398625
CPA,mfh,copper,2070,0.2024398625
CPA,mfh,copper,2075,0.2024398625
CPA,mfh,copper,2080,0.2024398625
CPA,mfh,copper,2085,0.2024398625
CPA,mfh,copper,2090,0.2024398625
CPA,mfh,copper,2095,0.2024398625
CPA,mfh,copper,2100,0.2024398625
CPA,mfh,glass,2015,3.9446449025
CPA,mfh,glass,2020,3.9446449025
CPA,mfh,glass,2025,3.9446449025
CPA,mfh,glass,2030,3.9446449025
CPA,mfh,glass,2035,3.9446449025
CPA,mfh,glass,2040,3.9446449025
CPA,mfh,glass,2045,3.9446449025
CPA,mfh,glass,2050,3.9446449025
CPA,mfh,glass,2055,3.9446449025
CPA,mfh,glass,2060,3.9446449025
CPA,mfh,glass,2065,3.9446449025
CPA,mfh,glass,2070,3.9446449025
CPA,mfh,glass,2075,3.9446449025
CPA,mfh,glass,2080,3.9446449025
CPA,mfh,glass,2085,3.9446449025
CPA,mfh,glass,2090,3.9446449025
CPA,mfh,glass,2095,3.9446449025
CPA,mfh,glass,2100,3.9446449025
CPA,mfh,steel,2015,138.12442729999998
CPA,mfh,steel,2020,138.12442729999998
CPA,mfh,steel,2025,138.12442729999998
CPA,mfh,steel,2030,138.12442729999998
CPA,mfh,steel,2035,138.12442729999998
CPA,mfh,steel,2040,138.12442729999998
CPA,mfh,steel,2045,138.12442729999998
CPA,mfh,steel,2050,138.12442729999998
CPA,mfh,steel,2055,138.12442729999998
CPA,mfh,steel,2060,138.12442729999998
CPA,mfh,steel,2065,138.12442729999998
CPA,mfh,steel,2070,138.12442729999998
CPA,mfh,steel,2075,138.12442729999998
CPA,mfh,steel,2080,138.12442729999998
CPA,mfh,steel,2085,138.12442729999998
CPA,mfh,steel,2090,138.12442729999998
CPA,mfh,steel,2095,138.12442729999998
CPA,mfh,steel,2100,138.12442729999998
CPA,mfh,wood,2015,34.895475375
CPA,mfh,wood,2020,34.895475375
CPA,mfh,wood,2025,34.895475375
CPA,mfh,wood,2030,34.895475375
CPA,mfh,wood,2035,34.895475375
CPA,mfh,wood,2040,34.895475375
CPA,mfh,wood,2045,34.895475375
CPA,mfh,wood,2050,34.895475375
CPA,mfh,wood,2055,34.895475375
CPA,mfh,wood,2060,34.895475375
CPA,mfh,wood,2065,34.895475375
CPA,mfh,wood,2070,34.895475375
CPA,mfh,wood,2075,34.895475375
CPA,mfh,wood,2080,34.895475375
CPA,mfh,wood,2085,34.895475375
CPA,mfh,wood,2090,34.895475375
CPA,mfh,wood,2095,34.895475375
CPA,mfh,wood,2100,34.895475375
CPA,sfh,aluminum,2015,4.620144119
CPA,sfh,aluminum,2020,4.620144119
CPA,sfh,aluminum,2025,4.620144119
CPA,sfh,aluminum,2030,4.620144119
CPA,sfh,aluminum,2035,4.620144119
CPA,sfh,aluminum,2040,4.620144119
CPA,sfh,aluminum,2045,4.620144119
CPA,sfh,aluminum,2050,4.620144119
CPA,sfh,aluminum,2055,4.620144119
CPA,sfh,aluminum,2060,4.620144119
CPA,sfh,aluminum,2065,4.620144119
CPA,sfh,aluminum,2070,4.620144119
CPA,sfh,aluminum,2075,4.620144119
CPA,sfh,aluminum,2080,4.620144119
CPA,sfh,aluminum,2085,4.620144119
CPA,sfh,aluminum,2090,4.620144119
CPA,sfh,aluminum,2095,4.620144119
CPA,sfh,aluminum,2100,4.620144119
CPA,sfh,concrete,2015,1546.7276945
CPA,sfh,concrete,2020,1546.7276945
CPA,sfh,concrete,2025,1546.7276945
CPA,sfh,concrete,2030,1546.7276945
CPA,sfh,concrete,2035,1546.7276945
CPA,sfh,concrete,2040,1546.7276945
CPA,sfh,concrete,2045,1546.7276945
CPA,sfh,concrete,2050,1546.7276945
CPA,sfh,concrete,2055,1546.7276945
CPA,sfh,concrete,2060,1546.7276945
CPA,sfh,concrete,2065,1546.7276945
CPA,sfh,concrete,2070,1546.7276945
CPA,sfh,concrete,2075,1546.7276945
CPA,sfh,concrete,2080,1546.7276945
CPA,sfh,concrete,2085,1546.7276945
CPA,sfh,concrete,2090,1546.7276945
CPA,sfh,concrete,2095,1546.7276945
CPA,sfh,concrete,2100,1546.7276945
CPA,sfh,copper,2015,1.3713668065000002
CPA,sfh,copper,2020,1.3713668065000002
CPA,sfh,copper,2025,1.3713668065000002
CPA,sfh,copper,2030,1.3713668065000002
CPA,sfh,copper,2035,1.3713668065000002
CPA,sfh,copper,2040,1.3713668065000002
CPA,sfh,copper,2045,1.3713668065000002
CPA,sfh,copper,2050,1.3713668065000002
CPA,sfh,copper,2055,1.3713668065000002
CPA,sfh,copper,2060,1.3713668065000002
CPA,sfh,copper,2065,1.3713668065000002
CPA,sfh,copper,2070,1.3713668065000002
CPA,sfh,copper,2075,1.3713668065000002
CPA,sfh,copper,2080,1.3713668065000002
CPA,sfh,copper,2085,1.3713668065000002
CPA,sfh,copper,2090,1.3713668065000002
CPA,sfh,copper,2095,1.3713668065000002
CPA,sfh,copper,2100,1.3713668065000002
CPA,sfh,glass,2015,3.7003928409999998
CPA,sfh,glass,2020,3.7003928409999998
CPA,sfh,glass,2025,3.7003928409999998
CPA,sfh,glass,2030,3.7003928409999998
CPA,sfh,glass,2035,3.7003928409999998
CPA,sfh,glass,2040,3.7003928409999998
CPA,sfh,glass,2045,3.7003928409999998
CPA,sfh,glass,2050,3.7003928409999998
CPA,sfh,glass,2055,3.7003928409999998
CPA,sfh,glass,2060,3.7003928409999998
CPA,sfh,glass,2065,3.7003928409999998
CPA,sfh,glass,2070,3.7003928409999998
CPA,sfh,glass,2075,3.7003928409999998
CPA,sfh,glass,2080,3.7003928409999998
CPA,sfh,glass,2085,3.7003928409999998
CPA,sfh,glass,2090,3.7003928409999998
CPA,sfh,glass,2095,3.7003928409999998
CPA,sfh,glass,2100,3.7003928409999998
CPA,sfh,steel,2015,31.407687125
CPA,sfh,steel,2020,31.407687125
CPA,sfh,steel,2025,31.407687125
CPA,sfh,steel,2030,31.407687125
CPA,sfh,steel,2035,31.407687125
CPA,sfh,steel,2040,31.407687125
CPA,sfh,steel,2045,31.407687125
CPA,sfh,steel,2050,31.407687125
CPA,sfh,steel,2055,31.407687125
CPA,sfh,steel,2060,31.407687125
CPA,sfh,steel,2065,31.407687125
CPA,sfh,steel,2070,31.407687125
CPA,sfh,steel,2075,31.407687125
CPA,sfh,steel,2080,31.407687125
CPA,sfh,steel,2085,31.407687125
CPA,sfh,steel,2090,31.407687125
CPA,sfh,steel,2095,31.407687125
CPA,sfh,steel,2100,31.407687125
CPA,sfh,wood,2015,47.0868596
CPA,sfh,wood,2020,47.0868596
CPA,sfh,wood,2025,47.0868596
CPA,sfh,wood,2030,47.0868596
CPA,sfh,wood,2035,47.0868596
CPA,sfh,wood,2040,47.0868596
CPA,sfh,wood,2045,47.0868596
CPA,sfh,wood,2050,47.0868596
CPA,sfh,wood,2055,47.0868596
CPA,sfh,wood,2060,47.0868596
CPA,sfh,wood,2065,47.0868596
CPA,sfh,wood,2070,47.0868596
CPA,sfh,wood,2075,47.0868596
CPA,sfh,wood,2080,47.0868596
CPA,sfh,wood,2085,47.0868596
CPA,sfh,wood,2090,47.0868596
CPA,sfh,wood,2095,47.0868596
CPA,sfh,wood,2100,47.0868596
EEU,mfh,aluminum,2015,2.1281857145000003
EEU,mfh,aluminum,2020,2.1281857145000003
EEU,mfh,aluminum,2025,2.1281857145000003
EEU,mfh,aluminum,2030,2.1281857145000003
EEU,mfh,aluminum,2035,2.1281857145000003
EEU,mfh,aluminum,2040,2.1281857145000003
EEU,mfh,aluminum,2045,2.1281857145000003
EEU,mfh,aluminum,2050,2.1281857145000003
EEU,mfh,aluminum,2055,2.1281857145000003
EEU,mfh,aluminum,2060,2.1281857145000003
EEU,mfh,aluminum,2065,2.1281857145000003
EEU,mfh,aluminum,2070,2.1281857145000003
EEU,mfh,aluminum,2075,2.1281857145000003
EEU,mfh,aluminum,2080,2.1281857145000003
EEU,mfh,aluminum,2085,2.1281857145000003
EEU,mfh,aluminum,2090,2.1281857145000003
EEU,mfh,aluminum,2095,2.1281857145000003
EEU,mfh,aluminum,2100,2.1281857145000003
EEU,mfh,concrete,2015,877.2533675999999
EEU,mfh,concrete,2020,877.2533675999999
EEU,mfh,concrete,2025,877.2533675999999
EEU,mfh,concrete,2030,877.2533675999999
EEU,mfh,concrete,2035,877.2533675999999
EEU,mfh,concrete,2040,877.2533675999999
EEU,mfh,concrete,2045,877.2533675999999
EEU,mfh,concrete,2050,877.2533675999999
EEU,mfh,concrete,2055,877.2533675999999
EEU,mfh,concrete,2060,877.2533675999999
EEU,mfh,concrete,2065,877.2533675999999
EEU,mfh,concrete,2070,877.2533675999999
EEU,mfh,concrete,2075,877.2533675999999
EEU,mfh,concrete,2080,877.2533675999999
EEU,mfh,concrete,2085,877.2533675999999
EEU,mfh,concrete,2090,877.2533675999999
EEU,mfh,concrete,2095,877.2533675999999
EEU,mfh,concrete,2100,877.2533675999999
EEU,mfh,copper,2015,0.0928626375
EEU,mfh,copper,2020,0.0928626375
EEU,mfh,copper,2025,0.0928626375
EEU,mfh,copper,2030,0.0928626375
EEU,mfh,copper,2035,0.0928626375
EEU,mfh,copper,2040,0.0928626375
EEU,mfh,copper,2045,0.0928626375
EEU,mfh,copper,2050,0.0928626375
EEU,mfh,copper,2055,0.0928626375
EEU,mfh,copper,2060,0.0928626375
EEU,mfh,copper,2065,0.0928626375
EEU,mfh,copper,2070,0.0928626375
EEU,mfh,copper,2075,0.0928626375
EEU,mfh,copper,2080,0.0928626375
EEU,mfh,copper,2085,0.0928626375
EEU,mfh,copper,2090,0.0928626375
EEU,mfh,copper,2095,0.0928626375
EEU,mfh,copper,2100,0.0928626375
EEU,mfh,glass,2015,4.953082967
EEU,mfh,glass,2020,4.953082967
EEU,mfh,glass,2025,4.953082967
EEU,mfh,glass,2030,4.953082967
EEU,mfh,glass,2035,4.953082967
EEU,mfh,glass,2040,4.953082967
EEU,mfh,glass,2045,4.953082967
EEU,mfh,glass,2050,4.953082967
EEU,mfh,glass,2055,4.953082967
EEU,mfh,glass,2060,4.953082967
EEU,mfh,glass,2065,4.953082967
EEU,mfh,glass,2070,4.953082967
EEU,mfh,glass,2075,4.953082967
EEU,mfh,glass,2080,4.953082967
EEU,mfh,glass,2085,4.953082967
EEU,mfh,glass,2090,4.953082967
EEU,mfh,glass,2095,4.953082967
EEU,mfh,glass,2100,4.953082967
EEU,mfh,steel,2015,111.56078355
EEU,mfh,steel,2020,111.56078355
EEU,mfh,steel,2025,111.56078355
EEU,mfh,steel,2030,111.56078355
EEU,mfh,steel,2035,111.56078355
EEU,mfh,steel,2040,111.56078355
EEU,mfh,steel,2045,111.56078355
EEU,mfh,steel,2050,111.56078355
EEU,mfh,steel,2055,111.56078355
EEU,mfh,steel,2060,111.56078355
EEU,mfh,steel,2065,111.56078355
EEU,mfh,steel,2070,111.56078355
EEU,mfh,steel,2075,111.56078355
EEU,mfh,steel,2080,111.56078355
EEU,mfh,steel,2085,111.56078355
EEU,mfh,steel,2090,111.56078355
EEU,mfh,steel,2095,111.56078355
EEU,mfh,steel,2100,111.56078355
EEU,mfh,wood,2015,8.111131317
EEU,mfh,wood,2020,8.111131317
EEU,mfh,wood,2025,8.111131317
EEU,mfh,wood,2030,8.111131317
EEU,mfh,wood,2035,8.111131317
EEU,mfh,wood,2040,8.111131317
EEU,mfh,wood,2045,8.111131317
EEU,mfh,wood,2050,8.111131317
EEU,mfh,wood,2055,8.111131317
EEU,mfh,wood,2060,8.111131317
EEU,mfh,wood,2065,8.111131317
EEU,mfh,wood,2070,8.111131317
EEU,mfh,wood,2075,8.111131317
EEU,mfh,wood,2080,8.111131317
EEU,mfh,wood,2085,8.111131317
EEU,mfh,wood,2090,8.111131317
EEU,mfh,wood,2095,8.111131317
EEU,mfh,wood,2100,8.111131317
EEU,sfh,aluminum,2015,3.1781041549999998
EEU,sfh,aluminum,2020,3.1781041549999998
EEU,sfh,aluminum,2025,3.1781041549999998
EEU,sfh,aluminum,2030,3.1781041549999998
EEU,sfh,aluminum,2035,3.1781041549999998
EEU,sfh,aluminum,2040,3.1781041549999998
EEU,sfh,aluminum,2045,3.1781041549999998
EEU,sfh,aluminum,2050,3.1781041549999998
EEU,sfh,aluminum,2055,3.1781041549999998
EEU,sfh,aluminum,2060,3.1781041549999998
EEU,sfh,aluminum,2065,3.1781041549999998
EEU,sfh,aluminum,2070,3.1781041549999998
EEU,sfh,aluminum,2075,3.1781041549999998
EEU,sfh,aluminum,2080,3.1781041549999998
EEU,sfh,aluminum,2085,3.1781041549999998
EEU,sfh,aluminum,2090,3.1781041549999998
EEU,sfh,aluminum,2095,3.1781041549999998
EEU,sfh,aluminum,2100,3.1781041549999998
EEU,sfh,concrete,2015,1814.3062504999998
EEU,sfh,concrete,2020,1814.3062504999998
EEU,sfh,concrete,2025,1814.3062504999998
EEU,sfh,concrete,2030,1814.3062504999998
EEU,sfh,concrete,2035,1814.3062504999998
EEU,sfh,concrete,2040,1814.3062504999998
EEU,sfh,concrete,2045,1814.3062504999998
EEU,sfh,concrete,2050,1814.3062504999998
EEU,sfh,concrete,2055,1814.3062504999998
EEU,sfh,concrete,2060,1814.3062504999998
EEU,sfh,concrete,2065,1814.3062504999998
EEU,sfh,concrete,2070,1814.3062504999998
EEU,sfh,concrete,2075,1814.3062504999998
EEU,sfh,concrete,2080,1814.3062504999998
EEU,sfh,concrete,2085,1814.3062504999998
EEU,sfh,concrete,2090,1814.3062504999998
EEU,sfh,concrete,2095,1814.3062504999998
EEU,sfh,concrete,2100,1814.3062504999998
EEU,sfh,copper,2015,1.5327444885
EEU,sfh,copper,2020,1.5327444885
EEU,sfh,copper,2025,1.5327444885
EEU,sfh,copper,2030,1.5327444885
EEU,sfh,copper,2035,1.5327444885
EEU,sfh,copper,2040,1.5327444885
EEU,sfh,copper,2045,1.5327444885
EEU,sfh,copper,2050,1.5327444885
EEU,sfh,copper,2055,1.5327444885
EEU,sfh,copper,2060,1.5327444885
EEU,sfh,copper,2065,1.5327444885
EEU,sfh,copper,2070,1.5327444885
EEU,sfh,copper,2075,1.5327444885
EEU,sfh,copper,2080,1.5327444885
EEU,sfh,copper,2085,1.5327444885
EEU,sfh,copper,2090,1.5327444885
EEU,sfh,copper,2095,1.5327444885
EEU,sfh,copper,2100,1.5327444885
EEU,sfh,glass,2015,29.8162288
EEU,sfh,glass,2020,29.8162288
EEU,sfh,glass,2025,29.8162288
EEU,sfh,glass,2030,29.8162288
EEU,sfh,glass,2035,29.8162288
EEU,sfh,glass,2040,29.8162288
EEU,sfh,glass,2045,29.8162288
EEU,sfh,glass,2050,29.8162288
EEU,sfh,glass,2055,29.8162288
EEU,sfh,glass,2060,29.8162288
EEU,sfh,glass,2065,29.8162288
EEU,sfh,glass,2070,29.8162288
EEU,sfh,glass,2075,29.8162288
EEU,sfh,glass,2080,29.8162288
EEU,sfh,glass,2085,29.8162288
EEU,sfh,glass,2090,29.8162288
EEU,sfh,glass,2095,29.8162288
EEU,sfh,glass,2100,29.8162288
EEU,sfh,steel,2015,32.659817695
EEU,sfh,steel,2020,32.659817695
EEU,sfh,steel,2025,32.659817695
EEU,sfh,steel,2030,32.659817695
EEU,sfh,steel,2035,32.659817695
EEU,sfh,steel,2040,32.659817695
EEU,sfh,steel,2045,32.659817695
EEU,sfh,steel,2050,32.659817695
EEU,sfh,steel,2055,32.659817695
EEU,sfh,steel,2060,32.659817695
EEU,sfh,steel,2065,32.659817695
EEU,sfh,steel,2070,32.659817695
EEU,sfh,steel,2075,32.659817695
EEU,sfh,steel,2080,32.659817695
EEU,sfh,steel,2085,32.659817695
EEU,sfh,steel,2090,32.659817695
EEU,sfh,steel,2095,32.659817695
EEU,sfh,steel,2100,32.659817695
EEU,sfh,wood,2015,91.975533495
EEU,sfh,wood,2020,91.975533495
EEU,sfh,wood,2025,91.975533495
EEU,sfh,wood,2030,91.975533495
EEU,sfh,wood,2035,91.975533495
EEU,sfh,wood,2040,91.975533495
EEU,sfh,wood,2045,91.975533495
EEU,sfh,wood,2050,91.975533495
EEU,sfh,wood,2055,91.975533495
EEU,sfh,wood,2060,91.975533495
EEU,sfh,wood,2065,91.975533495
EEU,sfh,wood,2070,91.975533495
EEU,sfh,wood,2075,91.975533495
EEU,sfh,wood,2080,91.975533495
EEU,sfh,wood,2085,91.975533495
EEU,sfh,wood,2090,91.975533495
EEU,sfh,wood,2095,91.975533495
EEU,sfh,wood,2100,91.975533495
FSU,mfh,aluminum,2015,2.0570446735
FSU,mfh,aluminum,2020,2.0570446735
FSU,mfh,aluminum,2025,2.0570446735
FSU,mfh,aluminum,2030,2.0570446735
FSU,mfh,aluminum,2035,2.0570446735
FSU,mfh,aluminum,2040,2.0570446735
FSU,mfh,aluminum,2045,2.0570446735
FSU,mfh,aluminum,2050,2.0570446735
FSU,mfh,aluminum,2055,2.0570446735
FSU,mfh,aluminum,2060,2.0570446735
FSU,mfh,aluminum,2065,2.0570446735
FSU,mfh,aluminum,2070,2.0570446735
FSU,mfh,aluminum,2075,2.0570446735
FSU,mfh,aluminum,2080,2.0570446735
FSU,mfh,aluminum,2085,2.0570446735
FSU,mfh,aluminum,2090,2.0570446735
FSU,mfh,aluminum,2095,2.0570446735
FSU,mfh,aluminum,2100,2.0570446735
FSU,mfh,concrete,2015,957.3357732
FSU,mfh,concrete,2020,957.3357732
FSU,mfh,concrete,2025,957.3357732
FSU,mfh,concrete,2030,957.3357732
FSU,mfh,concrete,2035,957.3357732
FSU,mfh,concrete,2040,957.3357732
FSU,mfh,concrete,2045,957.3357732
FSU,mfh,concrete,2050,957.3357732
FSU,mfh,concrete,2055,957.3357732
FSU,mfh,concrete,2060,957.3357732
FSU,mfh,concrete,2065,957.3357732
FSU,mfh,concrete,2070,957.3357732
FSU,mfh,concrete,2075,957.3357732
FSU,mfh,concrete,2080,957.3357732
FSU,mfh,concrete,2085,957.3357732
FSU,mfh,concrete,2090,957.3357732
FSU,mfh,concrete,2095,957.3357732
FSU,mfh,concrete,2100,957.3357732
FSU,mfh,copper,2015,0.1749484535
FSU,mfh,copper,2020,0.1749484535
FSU,mfh,copper,2025,0.1749484535
FSU,mfh,copper,2030,0.1749484535
FSU,mfh,copper,2035,0.1749484535
FSU,mfh,copper,2040,0.1749484535
FSU,mfh,copper,2045,0.1749484535
FSU,mfh,copper,2050,0.1749484535
FSU,mfh,copper,2055,0.1749484535
FSU,mfh,copper,2060,0.1749484535
FSU,mfh,copper,2065,0.1749484535
FSU,mfh,copper,2070,0.1749484535
FSU,mfh,copper,2075,0.1749484535
FSU,mfh,copper,2080,0.1749484535
FSU,mfh,copper,2085,0.1749484535
FSU,mfh,copper,2090,0.1749484535
FSU,mfh,copper,2095,0.1749484535
FSU,mfh,copper,2100,0.1749484535
FSU,mfh,glass,2015,5.481168385
FSU,mfh,glass,2020,5.481168385
FSU,mfh,glass,2025,5.481168385
FSU,mfh,glass,2030,5.481168385
FSU,mfh,glass,2035,5.481168385
FSU,mfh,glass,2040,5.481168385
FSU,mfh,glass,2045,5.481168385
FSU,mfh,glass,2050,5.481168385
FSU,mfh,glass,2055,5.481168385
FSU,mfh,glass,2060,5.481168385
FSU,mfh,glass,2065,5.481168385
FSU,mfh,glass,2070,5.481168385
FSU,mfh,glass,2075,5.481168385
FSU,mfh,glass,2080,5.481168385
FSU,mfh,glass,2085,5.481168385
FSU,mfh,glass,2090,5.481168385
FSU,mfh,glass,2095,5.481168385
FSU,mfh,glass,2100,5.481168385
FSU,mfh,steel,2015,106.19237115
FSU,mfh,steel,2020,106.19237115
FSU,mfh,steel,2025,106.19237115
FSU,mfh,steel,2030,106.19237115
FSU,mfh,steel,2035,106.19237115
FSU,mfh,steel,2040,106.19237115
FSU,mfh,steel,2045,106.19237115
FSU,mfh,steel,2050,106.19237115
FSU,mfh,steel,2055,106.19237115
FSU,mfh,steel,2060,106.19237115
FSU,mfh,steel,2065,106.19237115
FSU,mfh,steel,2070,106.19237115
FSU,mfh,steel,2075,106.19237115
FSU,mfh,steel,2080,106.19237115
FSU,mfh,steel,2085,106.19237115
FSU,mfh,steel,2090,106.19237115
FSU,mfh,steel,2095,106.19237115
FSU,mfh,steel,2100,106.19237115
FSU,mfh,wood,2015,44.962474224999994
FSU,mfh,wood,2020,44.962474224999994
FSU,mfh,wood,2025,44.962474224999994
FSU,mfh,wood,2030,44.962474224999994
FSU,mfh,wood,2035,44.962474224999994
FSU,mfh,wood,2040,44.962474224999994
FSU,mfh,wood,2045,44.962474224999994
FSU,mfh,wood,2050,44.962474224999994
FSU,mfh,wood,2055,44.962474224999994
FSU,mfh,wood,2060,44.962474224999994
FSU,mfh,wood,2065,44.962474224999994
FSU,mfh,wood,2070,44.962474224999994
FSU,mfh,wood,2075,44.962474224999994
FSU,mfh,wood,2080,44.962474224999994
FSU,mfh,wood,2085,44.962474224999994
FSU,mfh,wood,2090,44.962474224999994
FSU,mfh,wood,2095,44.962474224999994
FSU,mfh,wood,2100,44.962474224999994
FSU,sfh,aluminum,2015,2.8656694560000004
FSU,sfh,aluminum,2020,2.8656694560000004
FSU,sfh,aluminum,2025,2.8656694560000004
FSU,sfh,aluminum,2030,2.8656694560000004
FSU,sfh,aluminum,2035,2.8656694560000004
FSU,sfh,aluminum,2040,2.8656694560000004
FSU,sfh,aluminum,2045,2.8656694560000004
FSU,sfh,aluminum,2050,2.8656694560000004
FSU,sfh,aluminum,2055,2.8656694560000004
FSU,sfh,aluminum,2060,2.8656694560000004
FSU,sfh,aluminum,2065,2.8656694560000004
FSU,sfh,aluminum,2070,2.8656694560000004
FSU,sfh,aluminum,2075,2.8656694560000004
FSU,sfh,aluminum,2080,2.8656694560000004
FSU,sfh,aluminum,2085,2.8656694560000004
FSU,sfh,aluminum,2090,2.8656694560000004
FSU,sfh,aluminum,2095,2.8656694560000004
FSU,sfh,aluminum,2100,2.8656694560000004
FSU,sfh,concrete,2015,921.7680753
FSU,sfh,concrete,2020,921.7680753
FSU,sfh,concrete,2025,921.7680753
FSU,sfh,concrete,2030,921.7680753
FSU,sfh,concrete,2035,921.7680753
FSU,sfh,concrete,2040,921.7680753
FSU,sfh,concrete,2045,921.7680753
FSU,sfh,concrete,2050,921.7680753
FSU,sfh,concrete,2055,921.7680753
FSU,sfh,concrete,2060,921.7680753
FSU,sfh,concrete,2065,921.7680753
FSU,sfh,concrete,2070,921.7680753
FSU,sfh,concrete,2075,921.7680753
FSU,sfh,concrete,2080,921.7680753
FSU,sfh,concrete,2085,921.7680753
FSU,sfh,concrete,2090,921.7680753
FSU,sfh,concrete,2095,921.7680753
FSU,sfh,concrete,2100,921.7680753
FSU,sfh,copper,2015,1.3713668065000002
FSU,sfh,copper,2020,1.3713668065000002
FSU,sfh,copper,2025,1.3713668065000002
FSU,sfh,copper,2030,1.3713668065000002
FSU,sfh,copper,2035,1.3713668065000002
FSU,sfh,copper,2040,1.3713668065000002
FSU,sfh,copper,2045,1.3713668065000002
FSU,sfh,copper,2050,1.3713668065000002
FSU,sfh,copper,2055,1.3713668065000002
FSU,sfh,copper,2060,1.3713668065000002
FSU,sfh,copper,2065,1.3713668065000002
FSU,sfh,copper,2070,1.3713668065000002
FSU,sfh,copper,2075,1.3713668065000002
FSU,sfh,copper,2080,1.3713668065000002
FSU,sfh,copper,2085,1.3713668065000002
FSU,sfh,copper,2090,1.3713668065000002
FSU,sfh,copper,2095,1.3713668065000002
FSU,sfh,copper,2100,1.3713668065000002
FSU,sfh,glass,2015,2.34430265
FSU,sfh,glass,2020,2.34430265
FSU,sfh,glass,2025,2.34430265
FSU,sfh,glass,2030,2.34430265
FSU,sfh,glass,2035,2.34430265
FSU,sfh,glass,2040,2.34430265
FSU,sfh,glass,2045,2.34430265
FSU,sfh,glass,2050,2.34430265
FSU,sfh,glass,2055,2.34430265
FSU,sfh,glass,2060,2.34430265
FSU,sfh,glass,2065,2.34430265
FSU,sfh,glass,2070,2.34430265
FSU,sfh,glass,2075,2.34430265
FSU,sfh,glass,2080,2.34430265
FSU,sfh,glass,2085,2.34430265
FSU,sfh,glass,2090,2.34430265
FSU,sfh,glass,2095,2.34430265
FSU,sfh,glass,2100,2.34430265
FSU,sfh,steel,2015,32.684211995
FSU,sfh,steel,2020,32.684211995
FSU,sfh,steel,2025,32.684211995
FSU,sfh,steel,2030,32.684211995
FSU,sfh,steel,2035,32.684211995
FSU,sfh,steel,2040,32.684211995
FSU,sfh,steel,2045,32.684211995
FSU,sfh,steel,2050,32.684211995
FSU,sfh,steel,2055,32.684211995
FSU,sfh,steel,2060,32.684211995
FSU,sfh,steel,2065,32.684211995
FSU,sfh,steel,2070,32.684211995
FSU,sfh,steel,2075,32.684211995
FSU,sfh,steel,2080,32.684211995
FSU,sfh,steel,2085,32.684211995
FSU,sfh,steel,2090,32.684211995
FSU,sfh,steel,2095,32.684211995
FSU,sfh,steel,2100,32.684211995
FSU,sfh,wood,2015,49.296011160000006
FSU,sfh,wood,2020,49.296011160000006
FSU,sfh,wood,2025,49.296011160000006
FSU,sfh,wood,2030,49.296011160000006
FSU,sfh,wood,2035,49.296011160000006
FSU,sfh,wood,2040,49.296011160000006
FSU,sfh,wood,2045,49.296011160000006
FSU,sfh,wood,2050,49.296011160000006
FSU,sfh,wood,2055,49.296011160000006
FSU,sfh,wood,2060,49.296011160000006
FSU,sfh,wood,2065,49.296011160000006
FSU,sfh,wood,2070,49.296011160000006
FSU,sfh,wood,2075,49.296011160000006
FSU,sfh,wood,2080,49.296011160000006
FSU,sfh,wood,2085,49.296011160000006
FSU,sfh,wood,2090,49.296011160000006
FSU,sfh,wood,2095,49.296011160000006
FSU,sfh,wood,2100,49.296011160000006
LAC,mfh,aluminum,2015,2.0570446735
LAC,mfh,aluminum,2020,2.0570446735
LAC,mfh,aluminum,2025,2.0570446735
LAC,mfh,aluminum,2030,2.0570446735
LAC,mfh,aluminum,2035,2.0570446735
LAC,mfh,aluminum,2040,2.0570446735
LAC,mfh,aluminum,2045,2.0570446735
LAC,mfh,aluminum,2050,2.0570446735
LAC,mfh,aluminum,2055,2.0570446735
LAC,mfh,aluminum,2060,2.0570446735
LAC,mfh,aluminum,2065,2.0570446735
LAC,mfh,aluminum,2070,2.0570446735
LAC,mfh,aluminum,2075,2.0570446735
LAC,mfh,aluminum,2080,2.0570446735
LAC,mfh,aluminum,2085,2.0570446735
LAC,mfh,aluminum,2090,2.0570446735
LAC,mfh,aluminum,2095,2.0570446735
LAC,mfh,aluminum,2100,2.0570446735
LAC,mfh,concrete,2015,941.1665777499999
LAC,mfh,concrete,2020,941.1665777499999
LAC,mfh,concrete,2025,941.1665777499999
LAC,mfh,concrete,2030,941.1665777499999
LAC,mfh,concrete,2035,941.1665777499999
LAC,mfh,concrete,2040,941.1665777499999
LAC,mfh,concrete,2045,941.1665777499999
LAC,mfh,concrete,2050,941.1665777499999
LAC,mfh,concrete,2055,941.1665777499999
LAC,mfh,concrete,2060,941.1665777499999
LAC,mfh,concrete,2065,941.1665777499999
LAC,mfh,concrete,2070,941.1665777499999
LAC,mfh,concrete,2075,941.1665777499999
LAC,mfh,concrete,2080,941.1665777499999
LAC,mfh,concrete,2085,941.1665777499999
LAC,mfh,concrete,2090,941.1665777499999
LAC,mfh,concrete,2095,941.1665777499999
LAC,mfh,concrete,2100,941.1665777499999
LAC,mfh,copper,2015,0.1749484535
LAC,mfh,copper,2020,0.1749484535
LAC,mfh,copper,2025,0.1749484535
LAC,mfh,copper,2030,0.1749484535
LAC,mfh,copper,2035,0.1749484535
LAC,mfh,copper,2040,0.1749484535
LAC,mfh,copper,2045,0.1749484535
LAC,mfh,copper,2050,0.1749484535
LAC,mfh,copper,2055,0.1749484535
LAC,mfh,copper,2060,0.1749484535
LAC,mfh,copper,2065,0.1749484535
LAC,mfh,copper,2070,0.1749484535
LAC,mfh,copper,2075,0.1749484535
LAC,mfh,copper,2080,0.1749484535
LAC,mfh,copper,2085,0.1749484535
LAC,mfh,copper,2090,0.1749484535
LAC,mfh,copper,2095,0.1749484535
LAC,mfh,copper,2100,0.1749484535
LAC,mfh,glass,2015,4.548425308
LAC,mfh,glass,2020,4.548425308
LAC,mfh,glass,2025,4.548425308
LAC,mfh,glass,2030,4.548425308
LAC,mfh,glass,2035,4.548425308
LAC,mfh,glass,2040,4.548425308
LAC,mfh,glass,2045,4.548425308
LAC,mfh,glass,2050,4.548425308
LAC,mfh,glass,2055,4.548425308
LAC,mfh,glass,2060,4.548425308
LAC,mfh,glass,2065,4.548425308
LAC,mfh,glass,2070,4.548425308
LAC,mfh,glass,2075,4.548425308
LAC,mfh,glass,2080,4.548425308
LAC,mfh,glass,2085,4.548425308
LAC,mfh,glass,2090,4.548425308
LAC,mfh,glass,2095,4.548425308
LAC,mfh,glass,2100,4.548425308
LAC,mfh,steel,2015,93.433931675
LAC,mfh,steel,2020,93.433931675
LAC,mfh,steel,2025,93.433931675
LAC,mfh,steel,2030,93.433931675
LAC,mfh,steel,2035,93.433931675
LAC,mfh,steel,2040,93.433931675
LAC,mfh,steel,2045,93.433931675
LAC,mfh,steel,2050,93.433931675
LAC,mfh,steel,2055,93.433931675
LAC,mfh,steel,2060,93.433931675
LAC,mfh,steel,2065,93.433931675
LAC,mfh,steel,2070,93.433931675
LAC,mfh,steel,2075,93.433931675
LAC,mfh,steel,2080,93.433931675
LAC,mfh,steel,2085,93.433931675
LAC,mfh,steel,2090,93.433931675
LAC,mfh,steel,2095,93.433931675
LAC,mfh,steel,2100,93.433931675
LAC,mfh,wood,2015,37.90422175
LAC,mfh,wood,2020,37.90422175
LAC,mfh,wood,2025,37.90422175
LAC,mfh,wood,2030,37.90422175
LAC,mfh,wood,2035,37.90422175
LAC,mfh,wood,2040,37.90422175
LAC,mfh,wood,2045,37.90422175
LAC,mfh,wood,2050,37.90422175
LAC,mfh,wood,2055,37.90422175
LAC,mfh,wood,2060,37.90422175
LAC,mfh,wood,2065,37.90422175
LAC,mfh,wood,2070,37.90422175
LAC,mfh,wood,2075,37.90422175
LAC,mfh,wood,2080,37.90422175
LAC,mfh,wood,2085,37.90422175
LAC,mfh,wood,2090,37.90422175
LAC,mfh,wood,2095,37.90422175
LAC,mfh,wood,2100,37.90422175
LAC,sfh,aluminum,2015,2.8500724015000003
LAC,sfh,aluminum,2020,2.8500724015000003
LAC,sfh,aluminum,2025,2.8500724015000003
LAC,sfh,aluminum,2030,2.8500724015000003
LAC,sfh,aluminum,2035,2.8500724015000003
LAC,sfh,aluminum,2040,2.8500724015000003
LAC,sfh,aluminum,2045,2.8500724015000003
LAC,sfh,aluminum,2050,2.8500724015000003
LAC,sfh,aluminum,2055,2.8500724015000003
LAC,sfh,aluminum,2060,2.8500724015000003
LAC,sfh,aluminum,2065,2.8500724015000003
LAC,sfh,aluminum,2070,2.8500724015000003
LAC,sfh,aluminum,2075,2.8500724015000003
LAC,sfh,aluminum,2080,2.8500724015000003
LAC,sfh,aluminum,2085,2.8500724015000003
LAC,sfh,aluminum,2090,2.8500724015000003
LAC,sfh,aluminum,2095,2.8500724015000003
LAC,sfh,aluminum,2100,2.8500724015000003
LAC,sfh,concrete,2015,792.4683832000001
LAC,sfh,concrete,2020,792.4683832000001
LAC,sfh,concrete,2025,792.4683832000001
LAC,sfh,concrete,2030,792.4683832000001
LAC,sfh,concrete,2035,792.4683832000001
LAC,sfh,concrete,2040,792.4683832000001
LAC,sfh,concrete,2045,792.4683832000001
LAC,sfh,concrete,2050,792.4683832000001
LAC,sfh,concrete,2055,792.4683832000001
LAC,sfh,concrete,2060,792.4683832000001
LAC,sfh,concrete,2065,792.4683832000001
LAC,sfh,concrete,2070,792.4683832000001
LAC,sfh,concrete,2075,792.4683832000001
LAC,sfh,concrete,2080,792.4683832000001
LAC,sfh,concrete,2085,792.4683832000001
LAC,sfh,concrete,2090,792.4683832000001
LAC,sfh,concrete,2095,792.4683832000001
LAC,sfh,concrete,2100,792.4683832000001
LAC,sfh,copper,2015,1.3713668065000002
LAC,sfh,copper,2020,1.3713668065000002
LAC,sfh,copper,2025,1.3713668065000002
LAC,sfh,copper,2030,1.3713668065000002
LAC,sfh,copper,2035,1.3713668065000002
LAC,sfh,copper,2040,1.3713668065000002
LAC,sfh,copper,2045,1.3713668065000002
LAC,sfh,copper,2050,1.3713668065000002
LAC,sfh,copper,2055,1.3713668065000002
LAC,sfh,copper,2060,1.3713668065000002
LAC,sfh,copper,2065,1.3713668065000002
LAC,sfh,copper,2070,1.3713668065000002
LAC,sfh,copper,2075,1.3713668065000002
LAC,sfh,copper,2080,1.3713668065000002
LAC,sfh,copper,2085,1.3713668065000002
LAC,sfh,copper,2090,1.3713668065000002
LAC,sfh,copper,2095,1.3713668065000002
LAC,sfh,copper,2100,1.3713668065000002
LAC,sfh,glass,2015,1.820055378
LAC,sfh,glass,2020,1.820055378
LAC,sfh,glass,2025,1.820055378
LAC,sfh,glass,2030,1.820055378
LAC,sfh,glass,2035,1.820055378
LAC,sfh,glass,2040,1.820055378
LAC,sfh,glass,2045,1.820055378
LAC,sfh,glass,2050,1.820055378
LAC,sfh,glass,2055,1.820055378
LAC,sfh,glass,2060,1.820055378
LAC,sfh,glass,2065,1.820055378
LAC,sfh,glass,2070,1.820055378
LAC,sfh,glass,2075,1.820055378
LAC,sfh,glass,2080,1.820055378
LAC,sfh,glass,2085,1.820055378
LAC,sfh,glass,2090,1.820055378
LAC,sfh,glass,2095,1.820055378
LAC,sfh,glass,2100,1.820055378
LAC,sfh,steel,2015,33.89055706
LAC,sfh,steel,2020,33.89055706
LAC,sfh,steel,2025,33.89055706
LAC,sfh,steel,2030,33.89055706
LAC,sfh,steel,2035,33.89055706
LAC,sfh,steel,2040,33.89055706
LAC,sfh,steel,2045,33.89055706
LAC,sfh,steel,2050,33.89055706
LAC,sfh,steel,2055,33.89055706
LAC,sfh,steel,2060,33.89055706
LAC,sfh,steel,2065,33.89055706
LAC,sfh,steel,2070,33.89055706
LAC,sfh,steel,2075,33.89055706
LAC,sfh,steel,2080,33.89055706
LAC,sfh,steel,2085,33.89055706
LAC,sfh,steel,2090,33.89055706
LAC,sfh,steel,2095,33.89055706
LAC,sfh,steel,2100,33.89055706
LAC,sfh,wood,2015,73.562673925
LAC,sfh,wood,2020,73.562673925
LAC,sfh,wood,2025,73.562673925
LAC,sfh,wood,2030,73.562673925
LAC,sfh,wood,2035,73.562673925
LAC,sfh,wood,2040,73.562673925
LAC,sfh,wood,2045,73.562673925
LAC,sfh,wood,2050,73.562673925
LAC,sfh,wood,2055,73.562673925
LAC,sfh,wood,2060,73.562673925
LAC,sfh,wood,2065,73.562673925
LAC,sfh,wood,2070,73.562673925
LAC,sfh,wood,2075,73.562673925
LAC,sfh,wood,2080,73.562673925
LAC,sfh,wood,2085,73.562673925
LAC,sfh,wood,2090,73.562673925
LAC,sfh,wood,2095,73.562673925
LAC,sfh,wood,2100,73.562673925
MEA,mfh,aluminum,2015,2.0570446735
MEA,mfh,aluminum,2020,2.0570446735
MEA,mfh,aluminum,2025,2.0570446735
MEA,mfh,aluminum,2030,2.0570446735
MEA,mfh,aluminum,2035,2.0570446735
MEA,mfh,aluminum,2040,2.0570446735
MEA,mfh,aluminum,2045,2.0570446735
MEA,mfh,aluminum,2050,2.0570446735
MEA,mfh,aluminum,2055,2.0570446735
MEA,mfh,aluminum,2060,2.0570446735
MEA,mfh,aluminum,2065,2.0570446735
MEA,mfh,aluminum,2070,2.0570446735
MEA,mfh,aluminum,2075,2.0570446735
MEA,mfh,aluminum,2080,2.0570446735
MEA,mfh,aluminum,2085,2.0570446735
MEA,mfh,aluminum,2090,2.0570446735
MEA,mfh,aluminum,2095,2.0570446735
MEA,mfh,aluminum,2100,2.0570446735
MEA,mfh,concrete,2015,1315.4278695
MEA,mfh,concrete,2020,1315.4278695
MEA,mfh,concrete,2025,1315.4278695
MEA,mfh,concrete,2030,1315.4278695
MEA,mfh,concrete,2035,1315.4278695
MEA,mfh,concrete,2040,1315.4278695
MEA,mfh,concrete,2045,1315.4278695
MEA,mfh,concrete,2050,1315.4278695
MEA,mfh,concrete,2055,1315.4278695
MEA,mfh,concrete,2060,1315.4278695
MEA,mfh,concrete,2065,1315.4278695
MEA,mfh,concrete,2070,1315.4278695
MEA,mfh,concrete,2075,1315.4278695
MEA,mfh,concrete,2080,1315.4278695
MEA,mfh,concrete,2085,1315.4278695
MEA,mfh,concrete,2090,1315.4278695
MEA,mfh,concrete,2095,1315.4278695
MEA,mfh,concrete,2100,1315.4278695
MEA,mfh,copper,2015,0.1749484535
MEA,mfh,copper,2020,0.1749484535
MEA,mfh,copper,2025,0.1749484535
MEA,mfh,copper,2030,0.1749484535
MEA,mfh,copper,2035,0.1749484535
MEA,mfh,copper,2040,0.1749484535
MEA,mfh,copper,2045,0.1749484535
MEA,mfh,copper,2050,0.1749484535
MEA,mfh,copper,2055,0.1749484535
MEA,mfh,copper,2060,0.1749484535
MEA,mfh,copper,2065,0.1749484535
MEA,mfh,copper,2070,0.1749484535
MEA,mfh,copper,2075,0.1749484535
MEA,mfh,copper,2080,0.1749484535
MEA,mfh,copper,2085,0.1749484535
MEA,mfh,copper,2090,0.1749484535
MEA,mfh,copper,2095,0.1749484535
MEA,mfh,copper,2100,0.1749484535
MEA,mfh,glass,2015,5.481168385
MEA,mfh,glass,2020,5.481168385
MEA,mfh,glass,2025,5.481168385
MEA,mfh,glass,2030,5.481168385
MEA,mfh,glass,2035,5.481168385
MEA,mfh,glass,2040,5.481168385
MEA,mfh,glass,2045,5.481168385
MEA,mfh,glass,2050,5.481168385
MEA,mfh,glass,2055,5.481168385
MEA,mfh,glass,2060,5.481168385
MEA,mfh,glass,2065,5.481168385
MEA,mfh,glass,2070,5.481168385
MEA,mfh,glass,2075,5.481168385
MEA,mfh,glass,2080,5.481168385
MEA,mfh,glass,2085,5.481168385
MEA,mfh,glass,2090,5.481168385
MEA,mfh,glass,2095,5.481168385
MEA,mfh,glass,2100,5.481168385
MEA,mfh,steel,2015,197.72831614999998
MEA,mfh,steel,2020,197.72831614999998
MEA,mfh,steel,2025,197.72831614999998
MEA,mfh,steel,2030,197.72831614999998
MEA,mfh,steel,2035,197.72831614999998
MEA,mfh,steel,2040,197.72831614999998
MEA,mfh,steel,2045,197.72831614999998
MEA,mfh,steel,2050,197.72831614999998
MEA,mfh,steel,2055,197.72831614999998
MEA,mfh,steel,2060,197.72831614999998
MEA,mfh,steel,2065,197.72831614999998
MEA,mfh,steel,2070,197.72831614999998
MEA,mfh,steel,2075,197.72831614999998
MEA,mfh,steel,2080,197.72831614999998
MEA,mfh,steel,2085,197.72831614999998
MEA,mfh,steel,2090,197.72831614999998
MEA,mfh,steel,2095,197.72831614999998
MEA,mfh,steel,2100,197.72831614999998
MEA,mfh,wood,2015,44.962474224999994
MEA,mfh,wood,2020,44.962474224999994
MEA,mfh,wood,2025,44.962474224999994
MEA,mfh,wood,2030,44.962474224999994
MEA,mfh,wood,2035,44.962474224999994
MEA,mfh,wood,2040,44.962474224999994
MEA,mfh,wood,2045,44.962474224999994
MEA,mfh,wood,2050,44.962474224999994
MEA,mfh,wood,2055,44.962474224999994
MEA,mfh,wood,2060,44.962474224999994
MEA,mfh,wood,2065,44.962474224999994
MEA,mfh,wood,2070,44.962474224999994
MEA,mfh,wood,2075,44.962474224999994
MEA,mfh,wood,2080,44.962474224999994
MEA,mfh,wood,2085,44.962474224999994
MEA,mfh,wood,2090,44.962474224999994
MEA,mfh,wood,2095,44.962474224999994
MEA,mfh,wood,2100,44.962474224999994
MEA,sfh,aluminum,2015,1.2977231519999999
MEA,sfh,aluminum,2020,1.2977231519999999
MEA,sfh,aluminum,2025,1.2977231519999999
MEA,sfh,aluminum,2030,1.2977231519999999
MEA,sfh,aluminum,2035,1.2977231519999999
MEA,sfh,aluminum,2040,1.2977231519999999
MEA,sfh,aluminum,2045,1.2977231519999999
MEA,sfh,aluminum,2050,1.2977231519999999
MEA,sfh,aluminum,2055,1.2977231519999999
MEA,sfh,aluminum,2060,1.2977231519999999
MEA,sfh,aluminum,2065,1.2977231519999999
MEA,sfh,aluminum,2070,1.2977231519999999
MEA,sfh,aluminum,2075,1.2977231519999999
MEA,sfh,aluminum,2080,1.2977231519999999
MEA,sfh,aluminum,2085,1.2977231519999999
MEA,sfh,aluminum,2090,1.2977231519999999
MEA,sfh,aluminum,2095,1.2977231519999999
MEA,sfh,aluminum,2100,1.2977231519999999
MEA,sfh,concrete,2015,1362.5936855
MEA,sfh,concrete,2020,1362.5936855
MEA,sfh,concrete,2025,1362.5936855
MEA,sfh,concrete,2030,1362.5936855
MEA,sfh,concrete,2035,1362.5936855
MEA,sfh,concrete,2040,1362.5936855
MEA,sfh,concrete,2045,1362.5936855
MEA,sfh,concrete,2050,1362.5936855
MEA,sfh,concrete,2055,1362.5936855
MEA,sfh,concrete,2060,1362.5936855
MEA,sfh,concrete,2065,1362.5936855
MEA,sfh,concrete,2070,1362.5936855
MEA,sfh,concrete,2075,1362.5936855
MEA,sfh,concrete,2080,1362.5936855
MEA,sfh,concrete,2085,1362.5936855
MEA,sfh,concrete,2090,1362.5936855
MEA,sfh,concrete,2095,1362.5936855
MEA,sfh,concrete,2100,1362.5936855
MEA,sfh,copper,2015,1.3713668065000002
MEA,sfh,copper,2020,1.3713668065000002
MEA,sfh,copper,2025,1.3713668065000002
MEA,sfh,copper,2030,1.3713668065000002
MEA,sfh,copper,2035,1.3713668065000002
MEA,sfh,copper,2040,1.3713668065000002
MEA,sfh,copper,2045,1.3713668065000002
MEA,sfh,copper,2050,1.3713668065000002
MEA,sfh,copper,2055,1.3713668065000002
MEA,sfh,copper,2060,1.3713668065000002
MEA,sfh,copper,2065,1.3713668065000002
MEA,sfh,copper,2070,1.3713668065000002
MEA,sfh,copper,2075,1.3713668065000002
MEA,sfh,copper,2080,1.3713668065000002
MEA,sfh,copper,2085,1.3713668065000002
MEA,sfh,copper,2090,1.3713668065000002
MEA,sfh,copper,2095,1.3713668065000002
MEA,sfh,copper,2100,1.3713668065000002
MEA,sfh,glass,2015,2.3664644349999997
MEA,sfh,glass,2020,2.3664644349999997
MEA,sfh,glass,2025,2.3664644349999997
MEA,sfh,glass,2030,2.3664644349999997
MEA,sfh,glass,2035,2.3664644349999997
MEA,sfh,glass,2040,2.3664644349999997
MEA,sfh,glass,2045,2.3664644349999997
MEA,sfh,glass,2050,2.3664644349999997
MEA,sfh,glass,2055,2.3664644349999997
MEA,sfh,glass,2060,2.3664644349999997
MEA,sfh,glass,2065,2.3664644349999997
MEA,sfh,glass,2070,2.3664644349999997
MEA,sfh,glass,2075,2.3664644349999997
MEA,sfh,glass,2080,2.3664644349999997
MEA,sfh,glass,2085,2.3664644349999997
MEA,sfh,glass,2090,2.3664644349999997
MEA,sfh,glass,2095,2.3664644349999997
MEA,sfh,glass,2100,2.3664644349999997
MEA,sfh,steel,2015,71.42301255000001
MEA,sfh,steel,2020,71.42301255000001
MEA,sfh,steel,2025,71.42301255000001
MEA,sfh,steel,2030,71.42301255000001
MEA,sfh,steel,2035,71.42301255000001
MEA,sfh,steel,2040,71.42301255000001
MEA,sfh,steel,2045,71.42301255000001
MEA,sfh,steel,2050,71.42301255000001
MEA,sfh,steel,2055,71.42301255000001
MEA,sfh,steel,2060,71.42301255000001
MEA,sfh,steel,2065,71.42301255000001
MEA,sfh,steel,2070,71.42301255000001
MEA,sfh,steel,2075,71.42301255000001
MEA,sfh,steel,2080,71.42301255000001
MEA,sfh,steel,2085,71.42301255000001
MEA,sfh,steel,2090,71.42301255000001
MEA,sfh,steel,2095,71.42301255000001
MEA,sfh,steel,2100,71.42301255000001
MEA,sfh,wood,2015,26.474912835
MEA,sfh,wood,2020,26.474912835
MEA,sfh,wood,2025,26.474912835
MEA,sfh,wood,2030,26.474912835
MEA,sfh,wood,2035,26.474912835
MEA,sfh,wood,2040,26.474912835
MEA,sfh,wood,2045,26.474912835
MEA,sfh,wood,2050,26.474912835
MEA,sfh,wood,2055,26.474912835
MEA,sfh,wood,2060,26.474912835
MEA,sfh,wood,2065,26.474912835
MEA,sfh,wood,2070,26.474912835
MEA,sfh,wood,2075,26.474912835
MEA,sfh,wood,2080,26.474912835
MEA,sfh,wood,2085,26.474912835
MEA,sfh,wood,2090,26.474912835
MEA,sfh,wood,2095,26.474912835
MEA,sfh,wood,2100,26.474912835
NAM,mfh,aluminum,2015,2.7504489690000002
NAM,mfh,aluminum,2020,2.7504489690000002
NAM,mfh,aluminum,2025,2.7504489690000002
NAM,mfh,aluminum,2030,2.7504489690000002
NAM,mfh,aluminum,2035,2.7504489690000002
NAM,mfh,aluminum,2040,2.7504489690000002
NAM,mfh,aluminum,2045,2.7504489690000002
NAM,mfh,aluminum,2050,2.7504489690000002
NAM,mfh,aluminum,2055,2.7504489690000002
NAM,mfh,aluminum,2060,2.7504489690000002
NAM,mfh,aluminum,2065,2.7504489690000002
NAM,mfh,aluminum,2070,2.7504489690000002
NAM,mfh,aluminum,2075,2.7504489690000002
NAM,mfh,aluminum,2080,2.7504489690000002
NAM,mfh,aluminum,2085,2.7504489690000002
NAM,mfh,aluminum,2090,2.7504489690000002
NAM,mfh,aluminum,2095,2.7504489690000002
NAM,mfh,aluminum,2100,2.7504489690000002
NAM,mfh,concrete,2015,705.0445586000001
NAM,mfh,concrete,2020,705.0445586000001
NAM,mfh,concrete,2025,705.0445586000001
NAM,mfh,concrete,2030,705.0445586000001
NAM,mfh,concrete,2035,705.0445586000001
NAM,mfh,concrete,2040,705.0445586000001
NAM,mfh,concrete,2045,705.0445586000001
NAM,mfh,concrete,2050,705.0445586000001
NAM,mfh,concrete,2055,705.0445586000001
NAM,mfh,concrete,2060,705.0445586000001
NAM,mfh,concrete,2065,705.0445586000001
NAM,mfh,concrete,2070,705.0445586000001
NAM,mfh,concrete,2075,705.0445586000001
NAM,mfh,concrete,2080,705.0445586000001
NAM,mfh,concrete,2085,705.0445586000001
NAM,mfh,concrete,2090,705.0445586000001
NAM,mfh,concrete,2095,705.0445586000001
NAM,mfh,concrete,2100,705.0445586000001
NAM,mfh,copper,2015,0.182287443
NAM,mfh,copper,2020,0.182287443
NAM,mfh,copper,2025,0.182287443
NAM,mfh,copper,2030,0.182287443
NAM,mfh,copper,2035,0.182287443
NAM,mfh,copper,2040,0.182287443
NAM,mfh,copper,2045,0.182287443
NAM,mfh,copper,2050,0.182287443
NAM,mfh,copper,2055,0.182287443
NAM,mfh,copper,2060,0.182287443
NAM,mfh,copper,2065,0.182287443
NAM,mfh,copper,2070,0.182287443
NAM,mfh,copper,2075,0.182287443
NAM,mfh,copper,2080,0.182287443
NAM,mfh,copper,2085,0.182287443
NAM,mfh,copper,2090,0.182287443
NAM,mfh,copper,2095,0.182287443
NAM,mfh,copper,2100,0.182287443
NAM,mfh,glass,2015,5.084584038999999
NAM,mfh,glass,2020,5.084584038999999
NAM,mfh,glass,2025,5.084584038999999
NAM,mfh,glass,2030,5.084584038999999
NAM,mfh,glass,2035,5.084584038999999
NAM,mfh,glass,2040,5.084584038999999
NAM,mfh,glass,2045,5.084584038999999
NAM,mfh,glass,2050,5.084584038999999
NAM,mfh,glass,2055,5.084584038999999
NAM,mfh,glass,2060,5.084584038999999
NAM,mfh,glass,2065,5.084584038999999
NAM,mfh,glass,2070,5.084584038999999
NAM,mfh,glass,2075,5.084584038999999
NAM,mfh,glass,2080,5.084584038999999
NAM,mfh,glass,2085,5.084584038999999
NAM,mfh,glass,2090,5.084584038999999
NAM,mfh,glass,2095,5.084584038999999
NAM,mfh,glass,2100,5.084584038999999
NAM,mfh,steel,2015,69.45769362
NAM,mfh,steel,2020,69.45769362
NAM,mfh,steel,2025,69.45769362
NAM,mfh,steel,2030,69.45769362
NAM,mfh,steel,2035,69.45769362
NAM,mfh,steel,2040,69.45769362
NAM,mfh,steel,2045,69.45769362
NAM,mfh,steel,2050,69.45769362
NAM,mfh,steel,2055,69.45769362
NAM,mfh,steel,2060,69.45769362
NAM,mfh,steel,2065,69.45769362
NAM,mfh,steel,2070,69.45769362
NAM,mfh,steel,2075,69.45769362
NAM,mfh,steel,2080,69.45769362
NAM,mfh,steel,2085,69.45769362
NAM,mfh,steel,2090,69.45769362
NAM,mfh,steel,2095,69.45769362
NAM,mfh,steel,2100,69.45769362
NAM,mfh,wood,2015,40.980356905
NAM,mfh,wood,2020,40.980356905
NAM,mfh,wood,2025,40.980356905
NAM,mfh,wood,2030,40.980356905
NAM,mfh,wood,2035,40.980356905
NAM,mfh,wood,2040,40.980356905
NAM,mfh,wood,2045,40.980356905
NAM,mfh,wood,2050,40.980356905
NAM,mfh,wood,2055,40.980356905
NAM,mfh,wood,2060,40.980356905
NAM,mfh,wood,2065,40.980356905
NAM,mfh,wood,2070,40.980356905
NAM,mfh,wood,2075,40.980356905
NAM,mfh,wood,2080,40.980356905
NAM,mfh,wood,2085,40.980356905
NAM,mfh,wood,2090,40.980356905
NAM,mfh,wood,2095,40.980356905
NAM,mfh,wood,2100,40.980356905
NAM,sfh,aluminum,2015,4.458819085
NAM,sfh,aluminum,2020,4.458819085
NAM,sfh,aluminum,2025,4.458819085
NAM,sfh,aluminum,2030,4.458819085
NAM,sfh,aluminum,2035,4.458819085
NAM,sfh,aluminum,2040,4.458819085
NAM,sfh,aluminum,2045,4.458819085
NAM,sfh,aluminum,2050,4.458819085
NAM,sfh,aluminum,2055,4.458819085
NAM,sfh,aluminum,2060,4.458819085
NAM,sfh,aluminum,2065,4.458819085
NAM,sfh,aluminum,2070,4.458819085
NAM,sfh,aluminum,2075,4.458819085
NAM,sfh,aluminum,2080,4.458819085
NAM,sfh,aluminum,2085,4.458819085
NAM,sfh,aluminum,2090,4.458819085
NAM,sfh,aluminum,2095,4.458819085
NAM,sfh,aluminum,2100,4.458819085
NAM,sfh,concrete,2015,754.9345054
NAM,sfh,concrete,2020,754.9345054
NAM,sfh,concrete,2025,754.9345054
NAM,sfh,concrete,2030,754.9345054
NAM,sfh,concrete,2035,754.9345054
NAM,sfh,concrete,2040,754.9345054
NAM,sfh,concrete,2045,754.9345054
NAM,sfh,concrete,2050,754.9345054
NAM,sfh,concrete,2055,754.9345054
NAM,sfh,concrete,2060,754.9345054
NAM,sfh,concrete,2065,754.9345054
NAM,sfh,concrete,2070,754.9345054
NAM,sfh,concrete,2075,754.9345054
NAM,sfh,concrete,2080,754.9345054
NAM,sfh,concrete,2085,754.9345054
NAM,sfh,concrete,2090,754.9345054
NAM,sfh,concrete,2095,754.9345054
NAM,sfh,concrete,2100,754.9345054
NAM,sfh,copper,2015,1.2533813415
NAM,sfh,copper,2020,1.2533813415
NAM,sfh,copper,2025,1.2533813415
NAM,sfh,copper,2030,1.2533813415
NAM,sfh,copper,2035,1.2533813415
NAM,sfh,copper,2040,1.2533813415
NAM,sfh,copper,2045,1.2533813415
NAM,sfh,copper,2050,1.2533813415
NAM,sfh,copper,2055,1.2533813415
NAM,sfh,copper,2060,1.2533813415
NAM,sfh,copper,2065,1.2533813415
NAM,sfh,copper,2070,1.2533813415
NAM,sfh,copper,2075,1.2533813415
NAM,sfh,copper,2080,1.2533813415
NAM,sfh,copper,2085,1.2533813415
NAM,sfh,copper,2090,1.2533813415
NAM,sfh,copper,2095,1.2533813415
NAM,sfh,copper,2100,1.2533813415
NAM,sfh,glass,2015,2.7090411309999998
NAM,sfh,glass,2020,2.7090411309999998
NAM,sfh,glass,2025,2.7090411309999998
NAM,sfh,glass,2030,2.7090411309999998
NAM,sfh,glass,2035,2.7090411309999998
NAM,sfh,glass,2040,2.7090411309999998
NAM,sfh,glass,2045,2.7090411309999998
NAM,sfh,glass,2050,2.7090411309999998
NAM,sfh,glass,2055,2.7090411309999998
NAM,sfh,glass,2060,2.7090411309999998
NAM,sfh,glass,2065,2.7090411309999998
NAM,sfh,glass,2070,2.7090411309999998
NAM,sfh,glass,2075,2.7090411309999998
NAM,sfh,glass,2080,2.7090411309999998
NAM,sfh,glass,2085,2.7090411309999998
NAM,sfh,glass,2090,2.7090411309999998
NAM,sfh,glass,2095,2.7090411309999998
NAM,sfh,glass,2100,2.7090411309999998
NAM,sfh,steel,2015,24.924121905000003
NAM,sfh,steel,2020,24.924121905000003
NAM,sfh,steel,2025,24.924121905000003
NAM,sfh,steel,2030,24.924121905000003
NAM,sfh,steel,2035,24.924121905000003
NAM,sfh,steel,2040,24.924121905000003
NAM,sfh,steel,2045,24.924121905000003
NAM,sfh,steel,2050,24.924121905000003
NAM,sfh,steel,2055,24.924121905000003
NAM,sfh,steel,2060,24.924121905000003
NAM,sfh,steel,2065,24.924121905000003
NAM,sfh,steel,2070,24.924121905000003
NAM,sfh,steel,2075,24.924121905000003
NAM,sfh,steel,2080,24.924121905000003
NAM,sfh,steel,2085,24.924121905000003
NAM,sfh,steel,2090,24.924121905000003
NAM,sfh,steel,2095,24.924121905000003
NAM,sfh,steel,2100,24.924121905000003
NAM,sfh,wood,2015,58.413619425
NAM,sfh,wood,2020,58.413619425
NAM,sfh,wood,2025,58.413619425
NAM,sfh,wood,2030,58.413619425
NAM,sfh,wood,2035,58.413619425
NAM,sfh,wood,2040,58.413619425
NAM,sfh,wood,2045,58.413619425
NAM,sfh,wood,2050,58.413619425
NAM,sfh,wood,2055,58.413619425
NAM,sfh,wood,2060,58.413619425
NAM,sfh,wood,2065,58.413619425
NAM,sfh,wood,2070,58.413619425
NAM,sfh,wood,2075,58.413619425
NAM,sfh,wood,2080,58.413619425
NAM,sfh,wood,2085,58.413619425
NAM,sfh,wood,2090,58.413619425
NAM,sfh,wood,2095,58.413619425
NAM,sfh,wood,2100,58.413619425
PAO,mfh,aluminum,2015,1.9685319825
PAO,mfh,aluminum,2020,1.9685319825
PAO,mfh,aluminum,2025,1.9685319825
PAO,mfh,aluminum,2030,1.9685319825
PAO,mfh,aluminum,2035,1.9685319825
PAO,mfh,aluminum,2040,1.9685319825
PAO,mfh,aluminum,2045,1.9685319825
PAO,mfh,aluminum,2050,1.9685319825
PAO,mfh,aluminum,2055,1.9685319825
PAO,mfh,aluminum,2060,1.9685319825
PAO,mfh,aluminum,2065,1.9685319825
PAO,mfh,aluminum,2070,1.9685319825
PAO,mfh,aluminum,2075,1.9685319825
PAO,mfh,aluminum,2080,1.9685319825
PAO,mfh,aluminum,2085,1.9685319825
PAO,mfh,aluminum,2090,1.9685319825
PAO,mfh,aluminum,2095,1.9685319825
PAO,mfh,aluminum,2100,1.9685319825
PAO,mfh,concrete,2015,914.1484052
PAO,mfh,concrete,2020,914.1484052
PAO,mfh,concrete,2025,914.1484052
PAO,mfh,concrete,2030,914.1484052
PAO,mfh,concrete,2035,914.1484052
PAO,mfh,concrete,2040,914.1484052
PAO,mfh,concrete,2045,914.1484052
PAO,mfh,concrete,2050,914.1484052
PAO,mfh,concrete,2055,914.1484052
PAO,mfh,concrete,2060,914.1484052
PAO,mfh,concrete,2065,914.1484052
PAO,mfh,concrete,2070,914.1484052
PAO,mfh,concrete,2075,914.1484052
PAO,mfh,concrete,2080,914.1484052
PAO,mfh,concrete,2085,914.1484052
PAO,mfh,concrete,2090,914.1484052
PAO,mfh,concrete,2095,914.1484052
PAO,mfh,concrete,2100,914.1484052
PAO,mfh,copper,2015,0.084082859
PAO,mfh,copper,2020,0.084082859
PAO,mfh,copper,2025,0.084082859
PAO,mfh,copper,2030,0.084082859
PAO,mfh,copper,2035,0.084082859
PAO,mfh,copper,2040,0.084082859
PAO,mfh,copper,2045,0.084082859
PAO,mfh,copper,2050,0.084082859
PAO,mfh,copper,2055,0.084082859
PAO,mfh,copper,2060,0.084082859
PAO,mfh,copper,2065,0.084082859
PAO,mfh,copper,2070,0.084082859
PAO,mfh,copper,2075,0.084082859
PAO,mfh,copper,2080,0.084082859
PAO,mfh,copper,2085,0.084082859
PAO,mfh,copper,2090,0.084082859
PAO,mfh,copper,2095,0.084082859
PAO,mfh,copper,2100,0.084082859
PAO,mfh,glass,2015,6.059513479
PAO,mfh,glass,2020,6.059513479
PAO,mfh,glass,2025,6.059513479
PAO,mfh,glass,2030,6.059513479
PAO,mfh,glass,2035,6.059513479
PAO,mfh,glass,2040,6.059513479
PAO,mfh,glass,2045,6.059513479
PAO,mfh,glass,2050,6.059513479
PAO,mfh,glass,2055,6.059513479
PAO,mfh,glass,2060,6.059513479
PAO,mfh,glass,2065,6.059513479
PAO,mfh,glass,2070,6.059513479
PAO,mfh,glass,2075,6.059513479
PAO,mfh,glass,2080,6.059513479
PAO,mfh,glass,2085,6.059513479
PAO,mfh,glass,2090,6.059513479
PAO,mfh,glass,2095,6.059513479
PAO,mfh,glass,2100,6.059513479
PAO,mfh,steel,2015,89.677358875
PAO,mfh,steel,2020,89.677358875
PAO,mfh,steel,2025,89.677358875
PAO,mfh,steel,2030,89.677358875
PAO,mfh,steel,2035,89.677358875
PAO,mfh,steel,2040,89.677358875
PAO,mfh,steel,2045,89.677358875
PAO,mfh,steel,2050,89.677358875
PAO,mfh,steel,2055,89.677358875
PAO,mfh,steel,2060,89.677358875
PAO,mfh,steel,2065,89.677358875
PAO,mfh,steel,2070,89.677358875
PAO,mfh,steel,2075,89.677358875
PAO,mfh,steel,2080,89.677358875
PAO,mfh,steel,2085,89.677358875
PAO,mfh,steel,2090,89.677358875
PAO,mfh,steel,2095,89.677358875
PAO,mfh,steel,2100,89.677358875
PAO,mfh,wood,2015,48.040393925
PAO,mfh,wood,2020,48.040393925
PAO,mfh,wood,2025,48.040393925
PAO,mfh,wood,2030,48.040393925
PAO,mfh,wood,2035,48.040393925
PAO,mfh,wood,2040,48.040393925
PAO,mfh,wood,2045,48.040393925
PAO,mfh,wood,2050,48.040393925
PAO,mfh,wood,2055,48.040393925
PAO,mfh,wood,2060,48.040393925
PAO,mfh,wood,2065,48.040393925
PAO,mfh,wood,2070,48.040393925
PAO,mfh,wood,2075,48.040393925
PAO,mfh,wood,2080,48.040393925
PAO,mfh,wood,2085,48.040393925
PAO,mfh,wood,2090,48.040393925
PAO,mfh,wood,2095,48.040393925
PAO,mfh,wood,2100,48.040393925
PAO,sfh,aluminum,2015,1.3664784150000002
PAO,sfh,aluminum,2020,1.3664784150000002
PAO,sfh,aluminum,2025,1.3664784150000002
PAO,sfh,aluminum,2030,1.3664784150000002
PAO,sfh,aluminum,2035,1.3664784150000002
PAO,sfh,aluminum,2040,1.3664784150000002
PAO,sfh,aluminum,2045,1.3664784150000002
PAO,sfh,aluminum,2050,1.3664784150000002
PAO,sfh,aluminum,2055,1.3664784150000002
PAO,sfh,aluminum,2060,1.3664784150000002
PAO,sfh,aluminum,2065,1.3664784150000002
PAO,sfh,aluminum,2070,1.3664784150000002
PAO,sfh,aluminum,2075,1.3664784150000002
PAO,sfh,aluminum,2080,1.3664784150000002
PAO,sfh,aluminum,2085,1.3664784150000002
PAO,sfh,aluminum,2090,1.3664784150000002
PAO,sfh,aluminum,2095,1.3664784150000002
PAO,sfh,aluminum,2100,1.3664784150000002
PAO,sfh,concrete,2015,540.7562643
PAO,sfh,concrete,2020,540.7562643
PAO,sfh,concrete,2025,540.7562643
PAO,sfh,concrete,2030,540.7562643
PAO,sfh,concrete,2035,540.7562643
PAO,sfh,concrete,2040,540.7562643
PAO,sfh,concrete,2045,540.7562643
PAO,sfh,concrete,2050,540.7562643
PAO,sfh,concrete,2055,540.7562643
PAO,sfh,concrete,2060,540.7562643
PAO,sfh,concrete,2065,540.7562643
PAO,sfh,concrete,2070,540.7562643
PAO,sfh,concrete,2075,540.7562643
PAO,sfh,concrete,2080,540.7562643
PAO,sfh,concrete,2085,540.7562643
PAO,sfh,concrete,2090,540.7562643
PAO,sfh,concrete,2095,540.7562643
PAO,sfh,concrete,2100,540.7562643
PAO,sfh,copper,2015,1.0588248185
PAO,sfh,copper,2020,1.0588248185
PAO,sfh,copper,2025,1.0588248185
PAO,sfh,copper,2030,1.0588248185
PAO,sfh,copper,2035,1.0588248185
PAO,sfh,copper,2040,1.0588248185
PAO,sfh,copper,2045,1.0588248185
PAO,sfh,copper,2050,1.0588248185
PAO,sfh,copper,2055,1.0588248185
PAO,sfh,copper,2060,1.0588248185
PAO,sfh,copper,2065,1.0588248185
PAO,sfh,copper,2070,1.0588248185
PAO,sfh,copper,2075,1.0588248185
PAO,sfh,copper,2080,1.0588248185
PAO,sfh,copper,2085,1.0588248185
PAO,sfh,copper,2090,1.0588248185
PAO,sfh,copper,2095,1.0588248185
PAO,sfh,copper,2100,1.0588248185
PAO,sfh,glass,2015,2.0183134930000004
PAO,sfh,glass,2020,2.0183134930000004
PAO,sfh,glass,2025,2.0183134930000004
PAO,sfh,glass,2030,2.0183134930000004
PAO,sfh,glass,2035,2.0183134930000004
PAO,sfh,glass,2040,2.0183134930000004
PAO,sfh,glass,2045,2.0183134930000004
PAO,sfh,glass,2050,2.0183134930000004
PAO,sfh,glass,2055,2.0183134930000004
PAO,sfh,glass,2060,2.0183134930000004
PAO,sfh,glass,2065,2.0183134930000004
PAO,sfh,glass,2070,2.0183134930000004
PAO,sfh,glass,2075,2.0183134930000004
PAO,sfh,glass,2080,2.0183134930000004
PAO,sfh,glass,2085,2.0183134930000004
PAO,sfh,glass,2090,2.0183134930000004
PAO,sfh,glass,2095,2.0183134930000004
PAO,sfh,glass,2100,2.0183134930000004
PAO,sfh,steel,2015,36.298496475
PAO,sfh,steel,2020,36.298496475
PAO,sfh,steel,2025,36.298496475
PAO,sfh,steel,2030,36.298496475
PAO,sfh,steel,2035,36.298496475
PAO,sfh,steel,2040,36.298496475
PAO,sfh,steel,2045,36.298496475
PAO,sfh,steel,2050,36.298496475
PAO,sfh,steel,2055,36.298496475
PAO,sfh,steel,2060,36.298496475
PAO,sfh,steel,2065,36.298496475
PAO,sfh,steel,2070,36.298496475
PAO,sfh,steel,2075,36.298496475
PAO,sfh,steel,2080,36.298496475
PAO,sfh,steel,2085,36.298496475
PAO,sfh,steel,2090,36.298496475
PAO,sfh,steel,2095,36.298496475
PAO,sfh,steel,2100,36.298496475
PAO,sfh,wood,2015,61.017144540000004
PAO,sfh,wood,2020,61.017144540000004
PAO,sfh,wood,2025,61.017144540000004
PAO,sfh,wood,2030,61.017144540000004
PAO,sfh,wood,2035,61.017144540000004
PAO,sfh,wood,2040,61.017144540000004
PAO,sfh,wood,2045,61.017144540000004
PAO,sfh,wood,2050,61.017144540000004
PAO,sfh,wood,2055,61.017144540000004
PAO,sfh,wood,2060,61.017144540000004
PAO,sfh,wood,2065,61.017144540000004
PAO,sfh,wood,2070,61.017144540000004
PAO,sfh,wood,2075,61.017144540000004
PAO,sfh,wood,2080,61.017144540000004
PAO,sfh,wood,2085,61.017144540000004
PAO,sfh,wood,2090,61.017144540000004
PAO,sfh,wood,2095,61.017144540000004
PAO,sfh,wood,2100,61.017144540000004
PAS,mfh,aluminum,2015,1.5121023754999998
PAS,mfh,aluminum,2020,1.5121023754999998
PAS,mfh,aluminum,2025,1.5121023754999998
PAS,mfh,aluminum,2030,1.5121023754999998
PAS,mfh,aluminum,2035,1.5121023754999998
PAS,mfh,aluminum,2040,1.5121023754999998
PAS,mfh,aluminum,2045,1.5121023754999998
PAS,mfh,aluminum,2050,1.5121023754999998
PAS,mfh,aluminum,2055,1.5121023754999998
PAS,mfh,aluminum,2060,1.5121023754999998
PAS,mfh,aluminum,2065,1.5121023754999998
PAS,mfh,aluminum,2070,1.5121023754999998
PAS,mfh,aluminum,2075,1.5121023754999998
PAS,mfh,aluminum,2080,1.5121023754999998
PAS,mfh,aluminum,2085,1.5121023754999998
PAS,mfh,aluminum,2090,1.5121023754999998
PAS,mfh,aluminum,2095,1.5121023754999998
PAS,mfh,aluminum,2100,1.5121023754999998
PAS,mfh,concrete,2015,1005.052922
PAS,mfh,concrete,2020,1005.052922
PAS,mfh,concrete,2025,1005.052922
PAS,mfh,concrete,2030,1005.052922
PAS,mfh,concrete,2035,1005.052922
PAS,mfh,concrete,2040,1005.052922
PAS,mfh,concrete,2045,1005.052922
PAS,mfh,concrete,2050,1005.052922
PAS,mfh,concrete,2055,1005.052922
PAS,mfh,concrete,2060,1005.052922
PAS,mfh,concrete,2065,1005.052922
PAS,mfh,concrete,2070,1005.052922
PAS,mfh,concrete,2075,1005.052922
PAS,mfh,concrete,2080,1005.052922
PAS,mfh,concrete,2085,1005.052922
PAS,mfh,concrete,2090,1005.052922
PAS,mfh,concrete,2095,1005.052922
PAS,mfh,concrete,2100,1005.052922
PAS,mfh,copper,2015,0.1647977795
PAS,mfh,copper,2020,0.1647977795
PAS,mfh,copper,2025,0.1647977795
PAS,mfh,copper,2030,0.1647977795
PAS,mfh,copper,2035,0.1647977795
PAS,mfh,copper,2040,0.1647977795
PAS,mfh,copper,2045,0.1647977795
PAS,mfh,copper,2050,0.1647977795
PAS,mfh,copper,2055,0.1647977795
PAS,mfh,copper,2060,0.1647977795
PAS,mfh,copper,2065,0.1647977795
PAS,mfh,copper,2070,0.1647977795
PAS,mfh,copper,2075,0.1647977795
PAS,mfh,copper,2080,0.1647977795
PAS,mfh,copper,2085,0.1647977795
PAS,mfh,copper,2090,0.1647977795
PAS,mfh,copper,2095,0.1647977795
PAS,mfh,copper,2100,0.1647977795
PAS,mfh,glass,2015,3.9201182649999997
PAS,mfh,glass,2020,3.9201182649999997
PAS,mfh,glass,2025,3.9201182649999997
PAS,mfh,glass,2030,3.9201182649999997
PAS,mfh,glass,2035,3.9201182649999997
PAS,mfh,glass,2040,3.9201182649999997
PAS,mfh,glass,2045,3.9201182649999997
PAS,mfh,glass,2050,3.9201182649999997
PAS,mfh,glass,2055,3.9201182649999997
PAS,mfh,glass,2060,3.9201182649999997
PAS,mfh,glass,2065,3.9201182649999997
PAS,mfh,glass,2070,3.9201182649999997
PAS,mfh,glass,2075,3.9201182649999997
PAS,mfh,glass,2080,3.9201182649999997
PAS,mfh,glass,2085,3.9201182649999997
PAS,mfh,glass,2090,3.9201182649999997
PAS,mfh,glass,2095,3.9201182649999997
PAS,mfh,glass,2100,3.9201182649999997
PAS,mfh,steel,2015,93.49907709
PAS,mfh,steel,2020,93.49907709
PAS,mfh,steel,2025,93.49907709
PAS,mfh,steel,2030,93.49907709
PAS,mfh,steel,2035,93.49907709
PAS,mfh,steel,2040,93.49907709
PAS,mfh,steel,2045,93.49907709
PAS,mfh,steel,2050,93.49907709
PAS,mfh,steel,2055,93.49907709
PAS,mfh,steel,2060,93.49907709
PAS,mfh,steel,2065,93.49907709
PAS,mfh,steel,2070,93.49907709
PAS,mfh,steel,2075,93.49907709
PAS,mfh,steel,2080,93.49907709
PAS,mfh,steel,2085,93.49907709
PAS,mfh,steel,2090,93.49907709
PAS,mfh,steel,2095,93.49907709
PAS,mfh,steel,2100,93.49907709
PAS,mfh,wood,2015,39.399884705
PAS,mfh,wood,2020,39.399884705
PAS,mfh,wood,2025,39.399884705
PAS,mfh,wood,2030,39.399884705
PAS,mfh,wood,2035,39.399884705
PAS,mfh,wood,2040,39.399884705
PAS,mfh,wood,2045,39.399884705
PAS,mfh,wood,2050,39.399884705
PAS,mfh,wood,2055,39.399884705
PAS,mfh,wood,2060,39.399884705
PAS,mfh,wood,2065,39.399884705
PAS,mfh,wood,2070,39.399884705
PAS,mfh,wood,2075,39.399884705
PAS,mfh,wood,2080,39.399884705
PAS,mfh,wood,2085,39.399884705
PAS,mfh,wood,2090,39.399884705
PAS,mfh,wood,2095,39.399884705
PAS,mfh,wood,2100,39.399884705
PAS,sfh,aluminum,2015,3.0320352385000002
PAS,sfh,aluminum,2020,3.0320352385000002
PAS,sfh,aluminum,2025,3.0320352385000002
PAS,sfh,aluminum,2030,3.0320352385000002
PAS,sfh,aluminum,2035,3.0320352385000002
PAS,sfh,aluminum,2040,3.0320352385000002
PAS,sfh,aluminum,2045,3.0320352385000002
PAS,sfh,aluminum,2050,3.0320352385000002
PAS,sfh,aluminum,2055,3.0320352385000002
PAS,sfh,aluminum,2060,3.0320352385000002
PAS,sfh,aluminum,2065,3.0320352385000002
PAS,sfh,aluminum,2070,3.0320352385000002
PAS,sfh,aluminum,2075,3.0320352385000002
PAS,sfh,aluminum,2080,3.0320352385000002
PAS,sfh,aluminum,2085,3.0320352385000002
PAS,sfh,aluminum,2090,3.0320352385000002
PAS,sfh,aluminum,2095,3.0320352385000002
PAS,sfh,aluminum,2100,3.0320352385000002
PAS,sfh,concrete,2015,989.7576238
PAS,sfh,concrete,2020,989.7576238
PAS,sfh,concrete,2025,989.7576238
PAS,sfh,concrete,2030,989.7576238
PAS,sfh,concrete,2035,989.7576238
PAS,sfh,concrete,2040,989.7576238
PAS,sfh,concrete,2045,989.7576238
PAS,sfh,concrete,2050,989.7576238
PAS,sfh,concrete,2055,989.7576238
PAS,sfh,concrete,2060,989.7576238
PAS,sfh,concrete,2065,989.7576238
PAS,sfh,concrete,2070,989.7576238
PAS,sfh,concrete,2075,989.7576238
PAS,sfh,concrete,2080,989.7576238
PAS,sfh,concrete,2085,989.7576238
PAS,sfh,concrete,2090,989.7576238
PAS,sfh,concrete,2095,989.7576238
PAS,sfh,concrete,2100,989.7576238
PAS,sfh,copper,2015,1.2749085875
PAS,sfh,copper,2020,1.2749085875
PAS,sfh,copper,2025,1.2749085875
PAS,sfh,copper,2030,1.2749085875
PAS,sfh,copper,2035,1.2749085875
PAS,sfh,copper,2040,1.2749085875
PAS,sfh,copper,2045,1.2749085875
PAS,sfh,copper,2050,1.2749085875
PAS,sfh,copper,2055,1.2749085875
PAS,sfh,copper,2060,1.2749085875
PAS,sfh,copper,2065,1.2749085875
PAS,sfh,copper,2070,1.2749085875
PAS,sfh,copper,2075,1.2749085875
PAS,sfh,copper,2080,1.2749085875
PAS,sfh,copper,2085,1.2749085875
PAS,sfh,copper,2090,1.2749085875
PAS,sfh,copper,2095,1.2749085875
PAS,sfh,copper,2100,1.2749085875
PAS,sfh,glass,2015,2.2629358885
PAS,sfh,glass,2020,2.2629358885
PAS,sfh,glass,2025,2.2629358885
PAS,sfh,glass,2030,2.2629358885
PAS,sfh,glass,2035,2.2629358885
PAS,sfh,glass,2040,2.2629358885
PAS,sfh,glass,2045,2.2629358885
PAS,sfh,glass,2050,2.2629358885
PAS,sfh,glass,2055,2.2629358885
PAS,sfh,glass,2060,2.2629358885
PAS,sfh,glass,2065,2.2629358885
PAS,sfh,glass,2070,2.2629358885
PAS,sfh,glass,2075,2.2629358885
PAS,sfh,glass,2080,2.2629358885
PAS,sfh,glass,2085,2.2629358885
PAS,sfh,glass,2090,2.2629358885
PAS,sfh,glass,2095,2.2629358885
PAS,sfh,glass,2100,2.2629358885
PAS,sfh,steel,2015,30.971676864999996
PAS,sfh,steel,2020,30.971676864999996
PAS,sfh,steel,2025,30.971676864999996
PAS,sfh,steel,2030,30.971676864999996
PAS,sfh,steel,2035,30.971676864999996
PAS,sfh,steel,2040,30.971676864999996
PAS,sfh,steel,2045,30.971676864999996
PAS,sfh,steel,2050,30.971676864999996
PAS,sfh,steel,2055,30.971676864999996
PAS,sfh,steel,2060,30.971676864999996
PAS,sfh,steel,2065,30.971676864999996
PAS,sfh,steel,2070,30.971676864999996
PAS,sfh,steel,2075,30.971676864999996
PAS,sfh,steel,2080,30.971676864999996
PAS,sfh,steel,2085,30.971676864999996
PAS,sfh,steel,2090,30.971676864999996
PAS,sfh,steel,2095,30.971676864999996
PAS,sfh,steel,2100,30.971676864999996
PAS,sfh,wood,2015,60.81279718
PAS,sfh,wood,2020,60.81279718
PAS,sfh,wood,2025,60.81279718
PAS,sfh,wood,2030,60.81279718
PAS,sfh,wood,2035,60.81279718
PAS,sfh,wood,2040,60.81279718
PAS,sfh,wood,2045,60.81279718
PAS,sfh,wood,2050,60.81279718
PAS,sfh,wood,2055,60.81279718
PAS,sfh,wood,2060,60.81279718
PAS,sfh,wood,2065,60.81279718
PAS,sfh,wood,2070,60.81279718
PAS,sfh,wood,2075,60.81279718
PAS,sfh,wood,2080,60.81279718
PAS,sfh,wood,2085,60.81279718
PAS,sfh,wood,2090,60.81279718
PAS,sfh,wood,2095,60.81279718
PAS,sfh,wood,2100,60.81279718
SAS,mfh,aluminum,2015,2.0570446735
SAS,mfh,aluminum,2020,2.0570446735
SAS,mfh,aluminum,2025,2.0570446735
SAS,mfh,aluminum,2030,2.0570446735
SAS,mfh,aluminum,2035,2.0570446735
SAS,mfh,aluminum,2040,2.0570446735
SAS,mfh,aluminum,2045,2.0570446735
SAS,mfh,aluminum,2050,2.0570446735
SAS,mfh,aluminum,2055,2.0570446735
SAS,mfh,aluminum,2060,2.0570446735
SAS,mfh,aluminum,2065,2.0570446735
SAS,mfh,aluminum,2070,2.0570446735
SAS,mfh,aluminum,2075,2.0570446735
SAS,mfh,aluminum,2080,2.0570446735
SAS,mfh,aluminum,2085,2.0570446735
SAS,mfh,aluminum,2090,2.0570446735
SAS,mfh,aluminum,2095,2.0570446735
SAS,mfh,aluminum,2100,2.0570446735
SAS,mfh,concrete,2015,1004.3481830000001
SAS,mfh,concrete,2020,1004.3481830000001
SAS,mfh,concrete,2025,1004.3481830000001
SAS,mfh,concrete,2030,1004.3481830000001
SAS,mfh,concrete,2035,1004.3481830000001
SAS,mfh,concrete,2040,1004.3481830000001
SAS,mfh,concrete,2045,1004.3481830000001
SAS,mfh,concrete,2050,1004.3481830000001
SAS,mfh,concrete,2055,1004.3481830000001
SAS,mfh,concrete,2060,1004.3481830000001
SAS,mfh,concrete,2065,1004.3481830000001
SAS,mfh,concrete,2070,1004.3481830000001
SAS,mfh,concrete,2075,1004.3481830000001
SAS,mfh,concrete,2080,1004.3481830000001
SAS,mfh,concrete,2085,1004.3481830000001
SAS,mfh,concrete,2090,1004.3481830000001
SAS,mfh,concrete,2095,1004.3481830000001
SAS,mfh,concrete,2100,1004.3481830000001
SAS,mfh,copper,2015,0.1749484535
SAS,mfh,copper,2020,0.1749484535
SAS,mfh,copper,2025,0.1749484535
SAS,mfh,copper,2030,0.1749484535
SAS,mfh,copper,2035,0.1749484535
SAS,mfh,copper,2040,0.1749484535
SAS,mfh,copper,2045,0.1749484535
SAS,mfh,copper,2050,0.1749484535
SAS,mfh,copper,2055,0.1749484535
SAS,mfh,copper,2060,0.1749484535
SAS,mfh,copper,2065,0.1749484535
SAS,mfh,copper,2070,0.1749484535
SAS,mfh,copper,2075,0.1749484535
SAS,mfh,copper,2080,0.1749484535
SAS,mfh,copper,2085,0.1749484535
SAS,mfh,copper,2090,0.1749484535
SAS,mfh,copper,2095,0.1749484535
SAS,mfh,copper,2100,0.1749484535
SAS,mfh,glass,2015,5.481168385
SAS,mfh,glass,2020,5.481168385
SAS,mfh,glass,2025,5.481168385
SAS,mfh,glass,2030,5.481168385
SAS,mfh,glass,2035,5.481168385
SAS,mfh,glass,2040,5.481168385
SAS,mfh,glass,2045,5.481168385
SAS,mfh,glass,2050,5.481168385
SAS,mfh,glass,2055,5.481168385
SAS,mfh,glass,2060,5.481168385
SAS,mfh,glass,2065,5.481168385
SAS,mfh,glass,2070,5.481168385
SAS,mfh,glass,2075,5.481168385
SAS,mfh,glass,2080,5.481168385
SAS,mfh,glass,2085,5.481168385
SAS,mfh,glass,2090,5.481168385
SAS,mfh,glass,2095,5.481168385
SAS,mfh,glass,2100,5.481168385
SAS,mfh,steel,2015,101.19328609999998
SAS,mfh,steel,2020,101.19328609999998
SAS,mfh,steel,2025,101.19328609999998
SAS,mfh,steel,2030,101.19328609999998
SAS,mfh,steel,2035,101.19328609999998
SAS,mfh,steel,2040,101.19328609999998
SAS,mfh,steel,2045,101.19328609999998
SAS,mfh,steel,2050,101.19328609999998
SAS,mfh,steel,2055,101.19328609999998
SAS,mfh,steel,2060,101.19328609999998
SAS,mfh,steel,2065,101.19328609999998
SAS,mfh,steel,2070,101.19328609999998
SAS,mfh,steel,2075,101.19328609999998
SAS,mfh,steel,2080,101.19328609999998
SAS,mfh,steel,2085,101.19328609999998
SAS,mfh,steel,2090,101.19328609999998
SAS,mfh,steel,2095,101.19328609999998
SAS,mfh,steel,2100,101.19328609999998
SAS,mfh,wood,2015,44.962474224999994
SAS,mfh,wood,2020,44.962474224999994
SAS,mfh,wood,2025,44.962474224999994
SAS,mfh,wood,2030,44.962474224999994
SAS,mfh,wood,2035,44.962474224999994
SAS,mfh,wood,2040,44.962474224999994
SAS,mfh,wood,2045,44.962474224999994
SAS,mfh,wood,2050,44.962474224999994
SAS,mfh,wood,2055,44.962474224999994
SAS,mfh,wood,2060,44.962474224999994
SAS,mfh,wood,2065,44.962474224999994
SAS,mfh,wood,2070,44.962474224999994
SAS,mfh,wood,2075,44.962474224999994
SAS,mfh,wood,2080,44.962474224999994
SAS,mfh,wood,2085,44.962474224999994
SAS,mfh,wood,2090,44.962474224999994
SAS,mfh,wood,2095,44.962474224999994
SAS,mfh,wood,2100,44.962474224999994
SAS,sfh,aluminum,2015,2.8656694560000004
SAS,sfh,aluminum,2020,2.8656694560000004
SAS,sfh,aluminum,2025,2.8656694560000004
SAS,sfh,aluminum,2030,2.8656694560000004
SAS,sfh,aluminum,2035,2.8656694560000004
SAS,sfh,aluminum,2040,2.8656694560000004
SAS,sfh,aluminum,2045,2.8656694560000004
SAS,sfh,aluminum,2050,2.8656694560000004
SAS,sfh,aluminum,2055,2.8656694560000004
SAS,sfh,aluminum,2060,2.8656694560000004
SAS,sfh,aluminum,2065,2.8656694560000004
SAS,sfh,aluminum,2070,2.8656694560000004
SAS,sfh,aluminum,2075,2.8656694560000004
SAS,sfh,aluminum,2080,2.8656694560000004
SAS,sfh,aluminum,2085,2.8656694560000004
SAS,sfh,aluminum,2090,2.8656694560000004
SAS,sfh,aluminum,2095,2.8656694560000004
SAS,sfh,aluminum,2100,2.8656694560000004
SAS,sfh,concrete,2015,943.8477432
SAS,sfh,concrete,2020,943.8477432
SAS,sfh,concrete,2025,943.8477432
SAS,sfh,concrete,2030,943.8477432
SAS,sfh,concrete,2035,943.8477432
SAS,sfh,concrete,2040,943.8477432
SAS,sfh,concrete,2045,943.8477432
SAS,sfh,concrete,2050,943.8477432
SAS,sfh,concrete,2055,943.8477432
SAS,sfh,concrete,2060,943.8477432
SAS,sfh,concrete,2065,943.8477432
SAS,sfh,concrete,2070,943.8477432
SAS,sfh,concrete,2075,943.8477432
SAS,sfh,concrete,2080,943.8477432
SAS,sfh,concrete,2085,943.8477432
SAS,sfh,concrete,2090,943.8477432
SAS,sfh,concrete,2095,943.8477432
SAS,sfh,concrete,2100,943.8477432
SAS,sfh,copper,2015,1.400058403
SAS,sfh,copper,2020,1.400058403
SAS,sfh,copper,2025,1.400058403
SAS,sfh,copper,2030,1.400058403
SAS,sfh,copper,2035,1.400058403
SAS,sfh,copper,2040,1.400058403
SAS,sfh,copper,2045,1.400058403
SAS,sfh,copper,2050,1.400058403
SAS,sfh,copper,2055,1.400058403
SAS,sfh,copper,2060,1.400058403
SAS,sfh,copper,2065,1.400058403
SAS,sfh,copper,2070,1.400058403
SAS,sfh,copper,2075,1.400058403
SAS,sfh,copper,2080,1.400058403
SAS,sfh,copper,2085,1.400058403
SAS,sfh,copper,2090,1.400058403
SAS,sfh,copper,2095,1.400058403
SAS,sfh,copper,2100,1.400058403
SAS,sfh,glass,2015,2.336387727
SAS,sfh,glass,2020,2.336387727
SAS,sfh,glass,2025,2.336387727
SAS,sfh,glass,2030,2.336387727
SAS,sfh,glass,2035,2.336387727
SAS,sfh,glass,2040,2.336387727
SAS,sfh,glass,2045,2.336387727
SAS,sfh,glass,2050,2.336387727
SAS,sfh,glass,2055,2.336387727
SAS,sfh,glass,2060,2.336387727
SAS,sfh,glass,2065,2.336387727
SAS,sfh,glass,2070,2.336387727
SAS,sfh,glass,2075,2.336387727
SAS,sfh,glass,2080,2.336387727
SAS,sfh,glass,2085,2.336387727
SAS,sfh,glass,2090,2.336387727
SAS,sfh,glass,2095,2.336387727
SAS,sfh,glass,2100,2.336387727
SAS,sfh,steel,2015,31.510824615
SAS,sfh,steel,2020,31.510824615
SAS,sfh,steel,2025,31.510824615
SAS,sfh,steel,2030,31.510824615
SAS,sfh,steel,2035,31.510824615
SAS,sfh,steel,2040,31.510824615
SAS,sfh,steel,2045,31.510824615
SAS,sfh,steel,2050,31.510824615
SAS,sfh,steel,2055,31.510824615
SAS,sfh,steel,2060,31.510824615
SAS,sfh,steel,2065,31.510824615
SAS,sfh,steel,2070,31.510824615
SAS,sfh,steel,2075,31.510824615
SAS,sfh,steel,2080,31.510824615
SAS,sfh,steel,2085,31.510824615
SAS,sfh,steel,2090,31.510824615
SAS,sfh,steel,2095,31.510824615
SAS,sfh,steel,2100,31.510824615
SAS,sfh,wood,2015,32.588597455
SAS,sfh,wood,2020,32.588597455
SAS,sfh,wood,2025,32.588597455
SAS,sfh,wood,2030,32.588597455
SAS,sfh,wood,2035,32.588597455
SAS,sfh,wood,2040,32.588597455
SAS,sfh,wood,2045,32.588597455
SAS,sfh,wood,2050,32.588597455
SAS,sfh,wood,2055,32.588597455
SAS,sfh,wood,2060,32.588597455
SAS,sfh,wood,2065,32.588597455
SAS,sfh,wood,2070,32.588597455
SAS,sfh,wood,2075,32.588597455
SAS,sfh,wood,2080,32.588597455
SAS,sfh,wood,2085,32.588597455
SAS,sfh,wood,2090,32.588597455
SAS,sfh,wood,2095,32.588597455
SAS,sfh,wood,2100,32.588597455
WEU,mfh,aluminum,2015,1.2386356475
WEU,mfh,aluminum,2020,1.2386356475
WEU,mfh,aluminum,2025,1.2386356475
WEU,mfh,aluminum,2030,1.2386356475
WEU,mfh,aluminum,2035,1.2386356475
WEU,mfh,aluminum,2040,1.2386356475
WEU,mfh,aluminum,2045,1.2386356475
WEU,mfh,aluminum,2050,1.2386356475
WEU,mfh,aluminum,2055,1.2386356475
WEU,mfh,aluminum,2060,1.2386356475
WEU,mfh,aluminum,2065,1.2386356475
WEU,mfh,aluminum,2070,1.2386356475
WEU,mfh,aluminum,2075,1.2386356475
WEU,mfh,aluminum,2080,1.2386356475
WEU,mfh,aluminum,2085,1.2386356475
WEU,mfh,aluminum,2090,1.2386356475
WEU,mfh,aluminum,2095,1.2386356475
WEU,mfh,aluminum,2100,1.2386356475
WEU,mfh,concrete,2015,711.2632170500001
WEU,mfh,concrete,2020,711.2632170500001
WEU,mfh,concrete,2025,711.2632170500001
WEU,mfh,concrete,2030,711.2632170500001
WEU,mfh,concrete,2035,711.2632170500001
WEU,mfh,concrete,2040,711.2632170500001
WEU,mfh,concrete,2045,711.2632170500001
WEU,mfh,concrete,2050,711.2632170500001
WEU,mfh,concrete,2055,711.2632170500001
WEU,mfh,concrete,2060,711.2632170500001
WEU,mfh,concrete,2065,711.2632170500001
WEU,mfh,concrete,2070,711.2632170500001
WEU,mfh,concrete,2075,711.2632170500001
WEU,mfh,concrete,2080,711.2632170500001
WEU,mfh,concrete,2085,711.2632170500001
WEU,mfh,concrete,2090,711.2632170500001
WEU,mfh,concrete,2095,711.2632170500001
WEU,mfh,concrete,2100,711.2632170500001
WEU,mfh,copper,2015,0.097374232
WEU,mfh,copper,2020,0.097374232
WEU,mfh,copper,2025,0.097374232
WEU,mfh,copper,2030,0.097374232
WEU,mfh,copper,2035,0.097374232
WEU,mfh,copper,2040,0.097374232
WEU,mfh,copper,2045,0.097374232
WEU,mfh,copper,2050,0.097374232
WEU,mfh,copper,2055,0.097374232
WEU,mfh,copper,2060,0.097374232
WEU,mfh,copper,2065,0.097374232
WEU,mfh,copper,2070,0.097374232
WEU,mfh,copper,2075,0.097374232
WEU,mfh,copper,2080,0.097374232
WEU,mfh,copper,2085,0.097374232
WEU,mfh,copper,2090,0.097374232
WEU,mfh,copper,2095,0.097374232
WEU,mfh,copper,2100,0.097374232
WEU,mfh,glass,2015,8.3251549515
WEU,mfh,glass,2020,8.3251549515
WEU,mfh,glass,2025,8.3251549515
WEU,mfh,glass,2030,8.3251549515
WEU,mfh,glass,2035,8.3251549515
WEU,mfh,glass,2040,8.3251549515
WEU,mfh,glass,2045,8.3251549515
WEU,mfh,glass,2050,8.3251549515
WEU,mfh,glass,2055,8.3251549515
WEU,mfh,glass,2060,8.3251549515
WEU,mfh,glass,2065,8.3251549515
WEU,mfh,glass,2070,8.3251549515
WEU,mfh,glass,2075,8.3251549515
WEU,mfh,glass,2080,8.3251549515
WEU,mfh,glass,2085,8.3251549515
WEU,mfh,glass,2090,8.3251549515
WEU,mfh,glass,2095,8.3251549515
WEU,mfh,glass,2100,8.3251549515
WEU,mfh,steel,2015,101.23287617
WEU,mfh,steel,2020,101.23287617
WEU,mfh,steel,2025,101.23287617
WEU,mfh,steel,2030,101.23287617
WEU,mfh,steel,2035,101.23287617
WEU,mfh,steel,2040,101.23287617
WEU,mfh,steel,2045,101.23287617
WEU,mfh,steel,2050,101.23287617
WEU,mfh,steel,2055,101.23287617
WEU,mfh,steel,2060,101.23287617
WEU,mfh,steel,2065,101.23287617
WEU,mfh,steel,2070,101.23287617
WEU,mfh,steel,2075,101.23287617
WEU,mfh,steel,2080,101.23287617
WEU,mfh,steel,2085,101.23287617
WEU,mfh,steel,2090,101.23287617
WEU,mfh,steel,2095,101.23287617
WEU,mfh,steel,2100,101.23287617
WEU,mfh,wood,2015,37.91035735
WEU,mfh,wood,2020,37.91035735
WEU,mfh,wood,2025,37.91035735
WEU,mfh,wood,2030,37.91035735
WEU,mfh,wood,2035,37.91035735
WEU,mfh,wood,2040,37.91035735
WEU,mfh,wood,2045,37.91035735
WEU,mfh,wood,2050,37.91035735
WEU,mfh,wood,2055,37.91035735
WEU,mfh,wood,2060,37.91035735
WEU,mfh,wood,2065,37.91035735
WEU,mfh,wood,2070,37.91035735
WEU,mfh,wood,2075,37.91035735
WEU,mfh,wood,2080,37.91035735
WEU,mfh,wood,2085,37.91035735
WEU,mfh,wood,2090,37.91035735
WEU,mfh,wood,2095,37.91035735
WEU,mfh,wood,2100,37.91035735
WEU,sfh,aluminum,2015,0.8263990645
WEU,sfh,aluminum,2020,0.8263990645
WEU,sfh,aluminum,2025,0.8263990645
WEU,sfh,aluminum,2030,0.8263990645
WEU,sfh,aluminum,2035,0.8263990645
WEU,sfh,aluminum,2040,0.8263990645
WEU,sfh,aluminum,2045,0.8263990645
WEU,sfh,aluminum,2050,0.8263990645
WEU,sfh,aluminum,2055,0.8263990645
WEU,sfh,aluminum,2060,0.8263990645
WEU,sfh,aluminum,2065,0.8263990645
WEU,sfh,aluminum,2070,0.8263990645
WEU,sfh,aluminum,2075,0.8263990645
WEU,sfh,aluminum,2080,0.8263990645
WEU,sfh,aluminum,2085,0.8263990645
WEU,sfh,aluminum,2090,0.8263990645
WEU,sfh,aluminum,2095,0.8263990645
WEU,sfh,aluminum,2100,0.8263990645
WEU,sfh,concrete,2015,1204.95401
WEU,sfh,concrete,2020,1204.95401
WEU,sfh,concrete,2025,1204.95401
WEU,sfh,concrete,2030,1204.95401
WEU,sfh,concrete,2035,1204.95401
WEU,sfh,concrete,2040,1204.95401
WEU,sfh,concrete,2045,1204.95401
WEU,sfh,concrete,2050,1204.95401
WEU,sfh,concrete,2055,1204.95401
WEU,sfh,concrete,2060,1204.95401
WEU,sfh,concrete,2065,1204.95401
WEU,sfh,concrete,2070,1204.95401
WEU,sfh,concrete,2075,1204.95401
WEU,sfh,concrete,2080,1204.95401
WEU,sfh,concrete,2085,1204.95401
WEU,sfh,concrete,2090,1204.95401
WEU,sfh,concrete,2095,1204.95401
WEU,sfh,concrete,2100,1204.95401
WEU,sfh,copper,2015,1.7014554654999998
WEU,sfh,copper,2020,1.7014554654999998
WEU,sfh,copper,2025,1.7014554654999998
WEU,sfh,copper,2030,1.7014554654999998
WEU,sfh,copper,2035,1.7014554654999998
WEU,sfh,copper,2040,1.7014554654999998
WEU,sfh,copper,2045,1.7014554654999998
WEU,sfh,copper,2050,1.7014554654999998
WEU,sfh,copper,2055,1.7014554654999998
WEU,sfh,copper,2060,1.7014554654999998
WEU,sfh,copper,2065,1.7014554654999998
WEU,sfh,copper,2070,1.7014554654999998
WEU,sfh,copper,2075,1.7014554654999998
WEU,sfh,copper,2080,1.7014554654999998
WEU,sfh,copper,2085,1.7014554654999998
WEU,sfh,copper,2090,1.7014554654999998
WEU,sfh,copper,2095,1.7014554654999998
WEU,sfh,copper,2100,1.7014554654999998
WEU,sfh,glass,2015,3.1027003125
WEU,sfh,glass,2020,3.1027003125
WEU,sfh,glass,2025,3.1027003125
WEU,sfh,glass,2030,3.1027003125
WEU,sfh,glass,2035,3.1027003125
WEU,sfh,glass,2040,3.1027003125
WEU,sfh,glass,2045,3.1027003125
WEU,sfh,glass,2050,3.1027003125
WEU,sfh,glass,2055,3.1027003125
WEU,sfh,glass,2060,3.1027003125
WEU,sfh,glass,2065,3.1027003125
WEU,sfh,glass,2070,3.1027003125
WEU,sfh,glass,2075,3.1027003125
WEU,sfh,glass,2080,3.1027003125
WEU,sfh,glass,2085,3.1027003125
WEU,sfh,glass,2090,3.1027003125
WEU,sfh,glass,2095,3.1027003125
WEU,sfh,glass,2100,3.1027003125
WEU,sfh,steel,2015,37.084854165
WEU,sfh,steel,2020,37.084854165
WEU,sfh,steel,2025,37.084854165
WEU,sfh,steel,2030,37.084854165
WEU,sfh,steel,2035,37.084854165
WEU,sfh,steel,2040,37.084854165
WEU,sfh,steel,2045,37.084854165
WEU,sfh,steel,2050,37.084854165
WEU,sfh,steel,2055,37.084854165
WEU,sfh,steel,2060,37.084854165
WEU,sfh,steel,2065,37.084854165
WEU,sfh,steel,2070,37.084854165
WEU,sfh,steel,2075,37.084854165
WEU,sfh,steel,2080,37.084854165
WEU,sfh,steel,2085,37.084854165
WEU,sfh,steel,2090,37.084854165
WEU,sfh,steel,2095,37.084854165
WEU,sfh,steel,2100,37.084854165
WEU,sfh,wood,2015,59.776897604999995
WEU,sfh,wood,2020,59.776897604999995
WEU,sfh,wood,2025,59.776897604999995
WEU,sfh,wood,2030,59.776897604999995
WEU,sfh,wood,2035,59.776897604999995
WEU,sfh,wood,2040,59.776897604999995
WEU,sfh,wood,2045,59.776897604999995
WEU,sfh,wood,2050,59.776897604999995
WEU,sfh,wood,2055,59.776897604999995
WEU,sfh,wood,2060,59.776897604999995
WEU,sfh,wood,2065,59.776897604999995
WEU,sfh,wood,2070,59.776897604999995
WEU,sfh,wood,2075,59.776897604999995
WEU,sfh,wood,2080,59.776897604999995
WEU,sfh,wood,2085,59.776897604999995
WEU,sfh,wood,2090,59.776897604999995
WEU,sfh,wood,2095,59.776897604999995
WEU,sfh,wood,2100,59.776897604999995
