region_bld,year,value,clim,urt
C-EEU-BGR,2020,6.949548999999998,Zone_4A Mixed Humid,urb
C-EEU-BGR,2025,6.690387999999998,Zone_4A Mixed Humid,urb
C-EEU-BGR,2030,6.450295999999997,Zone_4A Mixed Humid,urb
C-EEU-BGR,2035,6.224048999999998,Zone_4A Mixed Humid,urb
C-EEU-BGR,2040,6.016718999999998,Zone_4A Mixed Humid,urb
C-EEU-BGR,2045,5.8284249999999975,Zone_4A Mixed Humid,urb
C-EEU-BGR,2050,5.655025999999998,Zone_4A Mixed Humid,urb
C-EEU-BGR,2055,5.490808999999998,Zone_4A Mixed Humid,urb
C-EEU-BGR,2060,5.332584999999997,Zone_4A Mixed Humid,urb
C-EEU-BGR,2065,5.182121999999998,Zone_4A Mixed Humid,urb
C-EEU-BGR,2070,5.045850999999998,Zone_4A Mixed Humid,urb
C-EEU-BGR,2075,4.930918999999998,Zone_4A Mixed Humid,urb
C-EEU-BGR,2080,4.841510999999998,Zone_4A Mixed Humid,urb
C-EEU-BGR,2085,4.780226999999998,Zone_4A Mixed Humid,urb
C-EEU-BGR,2090,4.748135999999998,Zone_4A Mixed Humid,urb
C-EEU-BGR,2095,4.738464999999998,Zone_4A Mixed Humid,urb
C-EEU-BGR,2100,4.737767999999997,Zone_4A Mixed Humid,urb
C-EEU-CZE,2020,10.693861,Zone_5A Cool Humid,urb
C-EEU-CZE,2025,10.789805999999999,Zone_5A Cool Humid,urb
C-EEU-CZE,2030,10.762174,Zone_5A Cool Humid,urb
C-EEU-CZE,2035,10.694436,Zone_5A Cool Humid,urb
C-EEU-CZE,2040,10.625402,Zone_5A Cool Humid,urb
C-EEU-CZE,2045,10.571354,Zone_5A Cool Humid,urb
C-EEU-CZE,2050,10.530251,Zone_5A Cool Humid,urb
C-EEU-CZE,2055,10.484879,Zone_5A Cool Humid,urb
C-EEU-CZE,2060,10.414088,Zone_5A Cool Humid,urb
C-EEU-CZE,2065,10.316334999999999,Zone_5A Cool Humid,urb
C-EEU-CZE,2070,10.213463,Zone_5A Cool Humid,urb
C-EEU-CZE,2075,10.135219,Zone_5A Cool Humid,urb
C-EEU-CZE,2080,10.096616,Zone_5A Cool Humid,urb
C-EEU-CZE,2085,10.092102,Zone_5A Cool Humid,urb
C-EEU-CZE,2090,10.115533,Zone_5A Cool Humid,urb
C-EEU-CZE,2095,10.159885,Zone_5A Cool Humid,urb
C-EEU-CZE,2100,10.207344999999998,Zone_5A Cool Humid,urb
C-EEU-EST,2020,1.6050843999999995,Zone_6A Cold Humid,urb
C-EEU-EST,2025,1.6218805999999995,Zone_6A Cold Humid,urb
C-EEU-EST,2030,1.6095043999999994,Zone_6A Cold Humid,urb
C-EEU-EST,2035,1.5969981999999998,Zone_6A Cold Humid,urb
C-EEU-EST,2040,1.5874309999999998,Zone_6A Cold Humid,urb
C-EEU-EST,2045,1.5797105999999996,Zone_6A Cold Humid,urb
C-EEU-EST,2050,1.5708739999999994,Zone_6A Cold Humid,urb
C-EEU-EST,2055,1.5592138,Zone_6A Cold Humid,urb
C-EEU-EST,2060,1.5452663999999998,Zone_6A Cold Humid,urb
C-EEU-EST,2065,1.5299293999999992,Zone_6A Cold Humid,urb
C-EEU-EST,2070,1.5143491999999994,Zone_6A Cold Humid,urb
C-EEU-EST,2075,1.4990447999999994,Zone_6A Cold Humid,urb
C-EEU-EST,2080,1.4841123999999994,Zone_6A Cold Humid,urb
C-EEU-EST,2085,1.4705111999999996,Zone_6A Cold Humid,urb
C-EEU-EST,2090,1.4600827999999995,Zone_6A Cold Humid,urb
C-EEU-EST,2095,1.4531369999999997,Zone_6A Cold Humid,urb
C-EEU-EST,2100,1.4468546,Zone_6A Cold Humid,urb
C-EEU-HRV,2020,2.672446519626506,Zone_4A Mixed Humid,urb
C-EEU-HRV,2025,2.605925250631558,Zone_4A Mixed Humid,urb
C-EEU-HRV,2030,2.534595032798367,Zone_4A Mixed Humid,urb
C-EEU-HRV,2035,2.464948446776278,Zone_4A Mixed Humid,urb
C-EEU-HRV,2040,2.3959785671765825,Zone_4A Mixed Humid,urb
C-EEU-HRV,2045,2.3281582278485273,Zone_4A Mixed Humid,urb
C-EEU-HRV,2050,2.2633181661711834,Zone_4A Mixed Humid,urb
C-EEU-HRV,2055,2.203424235505093,Zone_4A Mixed Humid,urb
C-EEU-HRV,2060,2.1498773596361063,Zone_4A Mixed Humid,urb
C-EEU-HRV,2065,2.1019151659044275,Zone_4A Mixed Humid,urb
C-EEU-HRV,2070,2.058121032984149,Zone_4A Mixed Humid,urb
C-EEU-HRV,2075,2.017556469808325,Zone_4A Mixed Humid,urb
C-EEU-HRV,2080,1.9808348180533761,Zone_4A Mixed Humid,urb
C-EEU-HRV,2085,1.9487587639706447,Zone_4A Mixed Humid,urb
C-EEU-HRV,2090,1.9215551909080353,Zone_4A Mixed Humid,urb
C-EEU-HRV,2095,1.8987985154957787,Zone_4A Mixed Humid,urb
C-EEU-HRV,2100,1.8799932525768883,Zone_4A Mixed Humid,urb
C-EEU-HUN,2020,9.771975,Zone_4A Mixed Humid,urb
C-EEU-HUN,2025,9.69722,Zone_4A Mixed Humid,urb
C-EEU-HUN,2030,9.619019999999999,Zone_4A Mixed Humid,urb
C-EEU-HUN,2035,9.532829999999997,Zone_4A Mixed Humid,urb
C-EEU-HUN,2040,9.441139,Zone_4A Mixed Humid,urb
C-EEU-HUN,2045,9.350753999999998,Zone_4A Mixed Humid,urb
C-EEU-HUN,2050,9.270351999999999,Zone_4A Mixed Humid,urb
C-EEU-HUN,2055,9.197156,Zone_4A Mixed Humid,urb
C-EEU-HUN,2060,9.117094999999997,Zone_4A Mixed Humid,urb
C-EEU-HUN,2065,9.023552999999998,Zone_4A Mixed Humid,urb
C-EEU-HUN,2070,8.926913999999998,Zone_4A Mixed Humid,urb
C-EEU-HUN,2075,8.846058,Zone_4A Mixed Humid,urb
C-EEU-HUN,2080,8.788850999999998,Zone_4A Mixed Humid,urb
C-EEU-HUN,2085,8.750116999999998,Zone_4A Mixed Humid,urb
C-EEU-HUN,2090,8.724889999999998,Zone_4A Mixed Humid,urb
C-EEU-HUN,2095,8.713624999999999,Zone_4A Mixed Humid,urb
C-EEU-HUN,2100,8.71426,Zone_4A Mixed Humid,urb
C-EEU-LTU,2020,2.793591999999999,Zone_6A Cold Humid,urb
C-EEU-LTU,2025,2.707915,Zone_6A Cold Humid,urb
C-EEU-LTU,2030,2.5755529999999993,Zone_6A Cold Humid,urb
C-EEU-LTU,2035,2.4523129999999993,Zone_6A Cold Humid,urb
C-EEU-LTU,2040,2.339698,Zone_6A Cold Humid,urb
C-EEU-LTU,2045,2.2361419999999996,Zone_6A Cold Humid,urb
C-EEU-LTU,2050,2.137938999999999,Zone_6A Cold Humid,urb
C-EEU-LTU,2055,2.044672999999999,Zone_6A Cold Humid,urb
C-EEU-LTU,2060,1.9596299999999989,Zone_6A Cold Humid,urb
C-EEU-LTU,2065,1.886272,Zone_6A Cold Humid,urb
C-EEU-LTU,2070,1.8258969999999994,Zone_6A Cold Humid,urb
C-EEU-LTU,2075,1.7776479999999992,Zone_6A Cold Humid,urb
C-EEU-LTU,2080,1.738948999999999,Zone_6A Cold Humid,urb
C-EEU-LTU,2085,1.708534999999999,Zone_6A Cold Humid,urb
C-EEU-LTU,2090,1.6883029999999988,Zone_6A Cold Humid,urb
C-EEU-LTU,2095,1.6795309999999992,Zone_6A Cold Humid,urb
C-EEU-LTU,2100,1.6800549999999999,Zone_6A Cold Humid,urb
C-EEU-LVA,2020,1.9070939999999998,Zone_6A Cold Humid,urb
C-EEU-LVA,2025,1.81555,Zone_6A Cold Humid,urb
C-EEU-LVA,2030,1.7127459999999997,Zone_6A Cold Humid,urb
C-EEU-LVA,2035,1.618827,Zone_6A Cold Humid,urb
C-EEU-LVA,2040,1.5361079999999996,Zone_6A Cold Humid,urb
C-EEU-LVA,2045,1.4625499999999998,Zone_6A Cold Humid,urb
C-EEU-LVA,2050,1.3950389999999997,Zone_6A Cold Humid,urb
C-EEU-LVA,2055,1.3323019999999994,Zone_6A Cold Humid,urb
C-EEU-LVA,2060,1.2751019999999995,Zone_6A Cold Humid,urb
C-EEU-LVA,2065,1.2248059999999996,Zone_6A Cold Humid,urb
C-EEU-LVA,2070,1.1819679999999995,Zone_6A Cold Humid,urb
C-EEU-LVA,2075,1.1462889999999994,Zone_6A Cold Humid,urb
C-EEU-LVA,2080,1.1174809999999995,Zone_6A Cold Humid,urb
C-EEU-LVA,2085,1.0964799999999995,Zone_6A Cold Humid,urb
C-EEU-LVA,2090,1.0845909999999999,Zone_6A Cold Humid,urb
C-EEU-LVA,2095,1.0808379999999995,Zone_6A Cold Humid,urb
C-EEU-LVA,2100,1.0816859999999995,Zone_6A Cold Humid,urb
C-EEU-POL,2020,37.941122,Zone_5A Cool Humid,urb
C-EEU-POL,2025,37.567248,Zone_5A Cool Humid,urb
C-EEU-POL,2030,37.01845299999999,Zone_5A Cool Humid,urb
C-EEU-POL,2035,36.369327999999996,Zone_5A Cool Humid,urb
C-EEU-POL,2040,35.661655999999994,Zone_5A Cool Humid,urb
C-EEU-POL,2045,34.897373,Zone_5A Cool Humid,urb
C-EEU-POL,2050,34.10220399999999,Zone_5A Cool Humid,urb
C-EEU-POL,2055,33.306428,Zone_5A Cool Humid,urb
C-EEU-POL,2060,32.51996799999999,Zone_5A Cool Humid,urb
C-EEU-POL,2065,31.719539999999995,Zone_5A Cool Humid,urb
C-EEU-POL,2070,30.890755999999993,Zone_5A Cool Humid,urb
C-EEU-POL,2075,30.061942999999992,Zone_5A Cool Humid,urb
C-EEU-POL,2080,29.295629999999992,Zone_5A Cool Humid,urb
C-EEU-POL,2085,28.657544999999992,Zone_5A Cool Humid,urb
C-EEU-POL,2090,28.18537299999999,Zone_5A Cool Humid,urb
C-EEU-POL,2095,27.868032999999993,Zone_5A Cool Humid,urb
C-EEU-POL,2100,27.655093999999995,Zone_5A Cool Humid,urb
C-EEU-ROU,2020,19.281117999999996,Zone_5A Cool Humid,urb
C-EEU-ROU,2025,18.507546999999995,Zone_5A Cool Humid,urb
C-EEU-ROU,2030,17.807999999999996,Zone_5A Cool Humid,urb
C-EEU-ROU,2035,17.169287999999998,Zone_5A Cool Humid,urb
C-EEU-ROU,2040,16.576186999999997,Zone_5A Cool Humid,urb
C-EEU-ROU,2045,16.018917999999996,Zone_5A Cool Humid,urb
C-EEU-ROU,2050,15.502836999999998,Zone_5A Cool Humid,urb
C-EEU-ROU,2055,15.015939999999997,Zone_5A Cool Humid,urb
C-EEU-ROU,2060,14.540961999999997,Zone_5A Cool Humid,urb
C-EEU-ROU,2065,14.089549999999997,Zone_5A Cool Humid,urb
C-EEU-ROU,2070,13.688059999999997,Zone_5A Cool Humid,urb
C-EEU-ROU,2075,13.359772999999997,Zone_5A Cool Humid,urb
C-EEU-ROU,2080,13.110334999999996,Zone_5A Cool Humid,urb
C-EEU-ROU,2085,12.939779999999997,Zone_5A Cool Humid,urb
C-EEU-ROU,2090,12.838967999999996,Zone_5A Cool Humid,urb
C-EEU-ROU,2095,12.792286999999998,Zone_5A Cool Humid,urb
C-EEU-ROU,2100,12.780620999999996,Zone_5A Cool Humid,urb
C-EEU-SVK,2020,5.457679000000001,Zone_5A Cool Humid,urb
C-EEU-SVK,2025,5.467891,Zone_5A Cool Humid,urb
C-EEU-SVK,2030,5.440729999999999,Zone_5A Cool Humid,urb
C-EEU-SVK,2035,5.384612000000001,Zone_5A Cool Humid,urb
C-EEU-SVK,2040,5.312439,Zone_5A Cool Humid,urb
C-EEU-SVK,2045,5.2322489999999995,Zone_5A Cool Humid,urb
C-EEU-SVK,2050,5.147215,Zone_5A Cool Humid,urb
C-EEU-SVK,2055,5.055598999999999,Zone_5A Cool Humid,urb
C-EEU-SVK,2060,4.9538009999999995,Zone_5A Cool Humid,urb
C-EEU-SVK,2065,4.841265,Zone_5A Cool Humid,urb
C-EEU-SVK,2070,4.7240459999999995,Zone_5A Cool Humid,urb
C-EEU-SVK,2075,4.612635999999999,Zone_5A Cool Humid,urb
C-EEU-SVK,2080,4.51676,Zone_5A Cool Humid,urb
C-EEU-SVK,2085,4.442495999999999,Zone_5A Cool Humid,urb
C-EEU-SVK,2090,4.3919749999999995,Zone_5A Cool Humid,urb
C-EEU-SVK,2095,4.362457999999999,Zone_5A Cool Humid,urb
C-EEU-SVK,2100,4.346004,Zone_5A Cool Humid,urb
C-EEU-SVN,2020,2.095313999999999,Zone_5A Cool Humid,urb
C-EEU-SVN,2025,2.1146029999999993,Zone_5A Cool Humid,urb
C-EEU-SVN,2030,2.106316,Zone_5A Cool Humid,urb
C-EEU-SVN,2035,2.0946539999999993,Zone_5A Cool Humid,urb
C-EEU-SVN,2040,2.0816219999999994,Zone_5A Cool Humid,urb
C-EEU-SVN,2045,2.0653799999999998,Zone_5A Cool Humid,urb
C-EEU-SVN,2050,2.0437509999999994,Zone_5A Cool Humid,urb
C-EEU-SVN,2055,2.0174639999999986,Zone_5A Cool Humid,urb
C-EEU-SVN,2060,1.9894039999999988,Zone_5A Cool Humid,urb
C-EEU-SVN,2065,1.962357999999999,Zone_5A Cool Humid,urb
C-EEU-SVN,2070,1.9382529999999998,Zone_5A Cool Humid,urb
C-EEU-SVN,2075,1.9179719999999991,Zone_5A Cool Humid,urb
C-EEU-SVN,2080,1.9027509999999994,Zone_5A Cool Humid,urb
C-EEU-SVN,2085,1.893267999999999,Zone_5A Cool Humid,urb
C-EEU-SVN,2090,1.8890039999999988,Zone_5A Cool Humid,urb
C-EEU-SVN,2095,1.8881279999999987,Zone_5A Cool Humid,urb
C-EEU-SVN,2100,1.8883639999999993,Zone_5A Cool Humid,urb
C-WEU-AUT,2020,8.904261999999997,Zone_4A Mixed Humid,urb
C-WEU-AUT,2025,9.029007999999997,Zone_4A Mixed Humid,urb
C-WEU-AUT,2030,9.149000999999997,Zone_4A Mixed Humid,urb
C-WEU-AUT,2035,9.232707999999997,Zone_4A Mixed Humid,urb
C-WEU-AUT,2040,9.292362999999996,Zone_4A Mixed Humid,urb
C-WEU-AUT,2045,9.332839999999997,Zone_4A Mixed Humid,urb
C-WEU-AUT,2050,9.345828999999997,Zone_4A Mixed Humid,urb
C-WEU-AUT,2055,9.328258999999997,Zone_4A Mixed Humid,urb
C-WEU-AUT,2060,9.293064999999997,Zone_4A Mixed Humid,urb
C-WEU-AUT,2065,9.262384999999997,Zone_4A Mixed Humid,urb
C-WEU-AUT,2070,9.247302999999997,Zone_4A Mixed Humid,urb
C-WEU-AUT,2075,9.241158999999996,Zone_4A Mixed Humid,urb
C-WEU-AUT,2080,9.233329999999997,Zone_4A Mixed Humid,urb
C-WEU-AUT,2085,9.223933999999996,Zone_4A Mixed Humid,urb
C-WEU-AUT,2090,9.219299999999997,Zone_4A Mixed Humid,urb
C-WEU-AUT,2095,9.224014999999996,Zone_4A Mixed Humid,urb
C-WEU-AUT,2100,9.236566999999997,Zone_4A Mixed Humid,urb
C-WEU-BEL,2020,13.243081545454544,Zone_4A Mixed Humid,urb
C-WEU-BEL,2025,13.437934030303026,Zone_4A Mixed Humid,urb
C-WEU-BEL,2030,13.570863454545453,Zone_4A Mixed Humid,urb
C-WEU-BEL,2035,13.688988151515147,Zone_4A Mixed Humid,urb
C-WEU-BEL,2040,13.793362636363636,Zone_4A Mixed Humid,urb
C-WEU-BEL,2045,13.875120515151513,Zone_4A Mixed Humid,urb
C-WEU-BEL,2050,13.927791242424238,Zone_4A Mixed Humid,urb
C-WEU-BEL,2055,13.947773939393938,Zone_4A Mixed Humid,urb
C-WEU-BEL,2060,13.954996060606057,Zone_4A Mixed Humid,urb
C-WEU-BEL,2065,13.965748909090909,Zone_4A Mixed Humid,urb
C-WEU-BEL,2070,13.988378030303029,Zone_4A Mixed Humid,urb
C-WEU-BEL,2075,14.016321060606058,Zone_4A Mixed Humid,urb
C-WEU-BEL,2080,14.037183969696965,Zone_4A Mixed Humid,urb
C-WEU-BEL,2085,14.045718545454541,Zone_4A Mixed Humid,urb
C-WEU-BEL,2090,14.044700757575754,Zone_4A Mixed Humid,urb
C-WEU-BEL,2095,14.040788757575754,Zone_4A Mixed Humid,urb
C-WEU-BEL,2100,14.03294315151515,Zone_4A Mixed Humid,urb
C-WEU-CYP,2020,0.8873309999999999,Zone_3A Warm Humid,urb
C-WEU-CYP,2025,0.9282949999999999,Zone_3A Warm Humid,urb
C-WEU-CYP,2030,0.9628539999999999,Zone_3A Warm Humid,urb
C-WEU-CYP,2035,0.9908139999999999,Zone_3A Warm Humid,urb
C-WEU-CYP,2040,1.0128579999999998,Zone_3A Warm Humid,urb
C-WEU-CYP,2045,1.0308069999999998,Zone_3A Warm Humid,urb
C-WEU-CYP,2050,1.046219,Zone_3A Warm Humid,urb
C-WEU-CYP,2055,1.060363,Zone_3A Warm Humid,urb
C-WEU-CYP,2060,1.074126,Zone_3A Warm Humid,urb
C-WEU-CYP,2065,1.08716,Zone_3A Warm Humid,urb
C-WEU-CYP,2070,1.09807,Zone_3A Warm Humid,urb
C-WEU-CYP,2075,1.105861,Zone_3A Warm Humid,urb
C-WEU-CYP,2080,1.110467,Zone_3A Warm Humid,urb
C-WEU-CYP,2085,1.112719,Zone_3A Warm Humid,urb
C-WEU-CYP,2090,1.114031,Zone_3A Warm Humid,urb
C-WEU-CYP,2095,1.115712,Zone_3A Warm Humid,urb
C-WEU-CYP,2100,1.1181979999999998,Zone_3A Warm Humid,urb
C-WEU-DEU,2020,83.13518099999996,Zone_5A Cool Humid,urb
C-WEU-DEU,2025,83.48230699999996,Zone_5A Cool Humid,urb
C-WEU-DEU,2030,83.45369699999996,Zone_5A Cool Humid,urb
C-WEU-DEU,2035,83.31866999999997,Zone_5A Cool Humid,urb
C-WEU-DEU,2040,83.17842599999996,Zone_5A Cool Humid,urb
C-WEU-DEU,2045,82.98342199999998,Zone_5A Cool Humid,urb
C-WEU-DEU,2050,82.66972399999996,Zone_5A Cool Humid,urb
C-WEU-DEU,2055,82.24803199999997,Zone_5A Cool Humid,urb
C-WEU-DEU,2060,81.84281699999997,Zone_5A Cool Humid,urb
C-WEU-DEU,2065,81.64359899999997,Zone_5A Cool Humid,urb
C-WEU-DEU,2070,81.69591099999997,Zone_5A Cool Humid,urb
C-WEU-DEU,2075,81.86052799999996,Zone_5A Cool Humid,urb
C-WEU-DEU,2080,82.02465399999997,Zone_5A Cool Humid,urb
C-WEU-DEU,2085,82.20698799999997,Zone_5A Cool Humid,urb
C-WEU-DEU,2090,82.46055099999997,Zone_5A Cool Humid,urb
C-WEU-DEU,2095,82.80298899999997,Zone_5A Cool Humid,urb
C-WEU-DEU,2100,83.20151399999997,Zone_5A Cool Humid,urb
C-WEU-DNK,2020,5.8116509999999995,Zone_5A Cool Humid,urb
C-WEU-DNK,2025,5.884274999999999,Zone_5A Cool Humid,urb
C-WEU-DNK,2030,5.963578,Zone_5A Cool Humid,urb
C-WEU-DNK,2035,6.018815999999999,Zone_5A Cool Humid,urb
C-WEU-DNK,2040,6.055502999999999,Zone_5A Cool Humid,urb
C-WEU-DNK,2045,6.080087,Zone_5A Cool Humid,urb
C-WEU-DNK,2050,6.098189999999999,Zone_5A Cool Humid,urb
C-WEU-DNK,2055,6.111785,Zone_5A Cool Humid,urb
C-WEU-DNK,2060,6.122610999999999,Zone_5A Cool Humid,urb
C-WEU-DNK,2065,6.135198999999999,Zone_5A Cool Humid,urb
C-WEU-DNK,2070,6.153604999999999,Zone_5A Cool Humid,urb
C-WEU-DNK,2075,6.176010999999999,Zone_5A Cool Humid,urb
C-WEU-DNK,2080,6.197236999999999,Zone_5A Cool Humid,urb
C-WEU-DNK,2085,6.211904,Zone_5A Cool Humid,urb
C-WEU-DNK,2090,6.221306,Zone_5A Cool Humid,urb
C-WEU-DNK,2095,6.232098999999999,Zone_5A Cool Humid,urb
C-WEU-DNK,2100,6.247128,Zone_5A Cool Humid,urb
C-WEU-ESP,2020,47.321433999999996,Zone_3A Warm Humid,urb
C-WEU-ESP,2025,48.310619,Zone_3A Warm Humid,urb
C-WEU-ESP,2030,48.746399,Zone_3A Warm Humid,urb
C-WEU-ESP,2035,49.110868999999994,Zone_3A Warm Humid,urb
C-WEU-ESP,2040,49.377094,Zone_3A Warm Humid,urb
C-WEU-ESP,2045,49.479879999999994,Zone_3A Warm Humid,urb
C-WEU-ESP,2050,49.34853,Zone_3A Warm Humid,urb
C-WEU-ESP,2055,48.962188,Zone_3A Warm Humid,urb
C-WEU-ESP,2060,48.385093999999995,Zone_3A Warm Humid,urb
C-WEU-ESP,2065,47.728674999999996,Zone_3A Warm Humid,urb
C-WEU-ESP,2070,47.104113,Zone_3A Warm Humid,urb
C-WEU-ESP,2075,46.610063999999994,Zone_3A Warm Humid,urb
C-WEU-ESP,2080,46.29854699999999,Zone_3A Warm Humid,urb
C-WEU-ESP,2085,46.13320499999999,Zone_3A Warm Humid,urb
C-WEU-ESP,2090,46.026075,Zone_3A Warm Humid,urb
C-WEU-ESP,2095,45.91762299999999,Zone_3A Warm Humid,urb
C-WEU-ESP,2100,45.789061,Zone_3A Warm Humid,urb
C-WEU-FIN,2020,5.527188999999998,Zone_6A Cold Humid,urb
C-WEU-FIN,2025,5.537440999999998,Zone_6A Cold Humid,urb
C-WEU-FIN,2030,5.519297999999999,Zone_6A Cold Humid,urb
C-WEU-FIN,2035,5.4809709999999985,Zone_6A Cold Humid,urb
C-WEU-FIN,2040,5.426142999999999,Zone_6A Cold Humid,urb
C-WEU-FIN,2045,5.361228999999998,Zone_6A Cold Humid,urb
C-WEU-FIN,2050,5.290708999999999,Zone_6A Cold Humid,urb
C-WEU-FIN,2055,5.218469999999998,Zone_6A Cold Humid,urb
C-WEU-FIN,2060,5.1505839999999985,Zone_6A Cold Humid,urb
C-WEU-FIN,2065,5.091284999999998,Zone_6A Cold Humid,urb
C-WEU-FIN,2070,5.037578999999998,Zone_6A Cold Humid,urb
C-WEU-FIN,2075,4.981978999999998,Zone_6A Cold Humid,urb
C-WEU-FIN,2080,4.921740999999998,Zone_6A Cold Humid,urb
C-WEU-FIN,2085,4.860382999999999,Zone_6A Cold Humid,urb
C-WEU-FIN,2090,4.8032559999999975,Zone_6A Cold Humid,urb
C-WEU-FIN,2095,4.755035999999998,Zone_6A Cold Humid,urb
C-WEU-FIN,2100,4.715867999999999,Zone_6A Cold Humid,urb
C-WEU-FRA,2020,67.197367,Zone_4A Mixed Humid,urb
C-WEU-FRA,2025,68.036808,Zone_4A Mixed Humid,urb
C-WEU-FRA,2030,68.7494,Zone_4A Mixed Humid,urb
C-WEU-FRA,2035,69.354321,Zone_4A Mixed Humid,urb
C-WEU-FRA,2040,69.802409,Zone_4A Mixed Humid,urb
C-WEU-FRA,2045,70.01577999999999,Zone_4A Mixed Humid,urb
C-WEU-FRA,2050,70.010903,Zone_4A Mixed Humid,urb
C-WEU-FRA,2055,69.87436699999999,Zone_4A Mixed Humid,urb
C-WEU-FRA,2060,69.680713,Zone_4A Mixed Humid,urb
C-WEU-FRA,2065,69.513952,Zone_4A Mixed Humid,urb
C-WEU-FRA,2070,69.429375,Zone_4A Mixed Humid,urb
C-WEU-FRA,2075,69.415942,Zone_4A Mixed Humid,urb
C-WEU-FRA,2080,69.42461399999999,Zone_4A Mixed Humid,urb
C-WEU-FRA,2085,69.444994,Zone_4A Mixed Humid,urb
C-WEU-FRA,2090,69.501144,Zone_4A Mixed Humid,urb
C-WEU-FRA,2095,69.582477,Zone_4A Mixed Humid,urb
C-WEU-FRA,2100,69.651714,Zone_4A Mixed Humid,urb
C-WEU-GRC,2020,10.696534999999995,Zone_3A Warm Humid,urb
C-WEU-GRC,2025,10.510195999999997,Zone_3A Warm Humid,urb
C-WEU-GRC,2030,10.303199999999997,Zone_3A Warm Humid,urb
C-WEU-GRC,2035,10.104621999999996,Zone_3A Warm Humid,urb
C-WEU-GRC,2040,9.910797999999994,Zone_3A Warm Humid,urb
C-WEU-GRC,2045,9.713850999999996,Zone_3A Warm Humid,urb
C-WEU-GRC,2050,9.503126999999996,Zone_3A Warm Humid,urb
C-WEU-GRC,2055,9.275823999999997,Zone_3A Warm Humid,urb
C-WEU-GRC,2060,9.038455999999996,Zone_3A Warm Humid,urb
C-WEU-GRC,2065,8.808146999999996,Zone_3A Warm Humid,urb
C-WEU-GRC,2070,8.603586999999994,Zone_3A Warm Humid,urb
C-WEU-GRC,2075,8.440046999999995,Zone_3A Warm Humid,urb
C-WEU-GRC,2080,8.323657999999995,Zone_3A Warm Humid,urb
C-WEU-GRC,2085,8.247926999999995,Zone_3A Warm Humid,urb
C-WEU-GRC,2090,8.198910999999995,Zone_3A Warm Humid,urb
C-WEU-GRC,2095,8.165188999999996,Zone_3A Warm Humid,urb
C-WEU-GRC,2100,8.142698999999997,Zone_3A Warm Humid,urb
C-WEU-IRL,2020,4.966879,Zone_5A Cool Humid,urb
C-WEU-IRL,2025,5.27293,Zone_5A Cool Humid,urb
C-WEU-IRL,2030,5.504389999999999,Zone_5A Cool Humid,urb
C-WEU-IRL,2035,5.714371,Zone_5A Cool Humid,urb
C-WEU-IRL,2040,5.904539999999999,Zone_5A Cool Humid,urb
C-WEU-IRL,2045,6.073416,Zone_5A Cool Humid,urb
C-WEU-IRL,2050,6.213190999999999,Zone_5A Cool Humid,urb
C-WEU-IRL,2055,6.319998,Zone_5A Cool Humid,urb
C-WEU-IRL,2060,6.398731999999999,Zone_5A Cool Humid,urb
C-WEU-IRL,2065,6.455703,Zone_5A Cool Humid,urb
C-WEU-IRL,2070,6.49649,Zone_5A Cool Humid,urb
C-WEU-IRL,2075,6.527023999999999,Zone_5A Cool Humid,urb
C-WEU-IRL,2080,6.553563,Zone_5A Cool Humid,urb
C-WEU-IRL,2085,6.578345,Zone_5A Cool Humid,urb
C-WEU-IRL,2090,6.5980229999999995,Zone_5A Cool Humid,urb
C-WEU-IRL,2095,6.608821,Zone_5A Cool Humid,urb
C-WEU-IRL,2100,6.610753,Zone_5A Cool Humid,urb
C-WEU-ITA,2020,61.78363404403598,Zone_3A Warm Humid,urb
C-WEU-ITA,2025,61.58620434143837,Zone_3A Warm Humid,urb
C-WEU-ITA,2030,61.44146616936443,Zone_3A Warm Humid,urb
C-WEU-ITA,2035,61.21942621208323,Zone_3A Warm Humid,urb
C-WEU-ITA,2040,60.9036851787127,Zone_3A Warm Humid,urb
C-WEU-ITA,2045,60.425420055402576,Zone_3A Warm Humid,urb
C-WEU-ITA,2050,59.711323412472574,Zone_3A Warm Humid,urb
C-WEU-ITA,2055,58.74377718839809,Zone_3A Warm Humid,urb
C-WEU-ITA,2060,57.61991367821724,Zone_3A Warm Humid,urb
C-WEU-ITA,2065,56.51606996400267,Zone_3A Warm Humid,urb
C-WEU-ITA,2070,55.59695357142528,Zone_3A Warm Humid,urb
C-WEU-ITA,2075,54.92475942703081,Zone_3A Warm Humid,urb
C-WEU-ITA,2080,54.448516375420496,Zone_3A Warm Humid,urb
C-WEU-ITA,2085,54.06066385601119,Zone_3A Warm Humid,urb
C-WEU-ITA,2090,53.69652365096866,Zone_3A Warm Humid,urb
C-WEU-ITA,2095,53.34926135858816,Zone_3A Warm Humid,urb
C-WEU-ITA,2100,53.033407231048685,Zone_3A Warm Humid,urb
C-WEU-LUX,2020,0.626031,Zone_5A Cool Humid,urb
C-WEU-LUX,2025,0.662364,Zone_5A Cool Humid,urb
C-WEU-LUX,2030,0.6927219999999998,Zone_5A Cool Humid,urb
C-WEU-LUX,2035,0.718104,Zone_5A Cool Humid,urb
C-WEU-LUX,2040,0.739137,Zone_5A Cool Humid,urb
C-WEU-LUX,2045,0.7562149999999999,Zone_5A Cool Humid,urb
C-WEU-LUX,2050,0.7690479999999998,Zone_5A Cool Humid,urb
C-WEU-LUX,2055,0.7777139999999999,Zone_5A Cool Humid,urb
C-WEU-LUX,2060,0.7828839999999999,Zone_5A Cool Humid,urb
C-WEU-LUX,2065,0.7858659999999998,Zone_5A Cool Humid,urb
C-WEU-LUX,2070,0.787429,Zone_5A Cool Humid,urb
C-WEU-LUX,2075,0.7878289999999999,Zone_5A Cool Humid,urb
C-WEU-LUX,2080,0.787026,Zone_5A Cool Humid,urb
C-WEU-LUX,2085,0.7854069999999999,Zone_5A Cool Humid,urb
C-WEU-LUX,2090,0.783653,Zone_5A Cool Humid,urb
C-WEU-LUX,2095,0.782306,Zone_5A Cool Humid,urb
C-WEU-LUX,2100,0.781193,Zone_5A Cool Humid,urb
C-WEU-MLT,2020,0.506951,Zone_3A Warm Humid,urb
C-WEU-MLT,2025,0.5574259999999999,Zone_3A Warm Humid,urb
C-WEU-MLT,2030,0.588691,Zone_3A Warm Humid,urb
C-WEU-MLT,2035,0.6142139999999998,Zone_3A Warm Humid,urb
C-WEU-MLT,2040,0.63491,Zone_3A Warm Humid,urb
C-WEU-MLT,2045,0.6526039999999999,Zone_3A Warm Humid,urb
C-WEU-MLT,2050,0.6683729999999999,Zone_3A Warm Humid,urb
C-WEU-MLT,2055,0.6821559999999999,Zone_3A Warm Humid,urb
C-WEU-MLT,2060,0.6936129999999999,Zone_3A Warm Humid,urb
C-WEU-MLT,2065,0.7021030000000001,Zone_3A Warm Humid,urb
C-WEU-MLT,2070,0.706915,Zone_3A Warm Humid,urb
C-WEU-MLT,2075,0.707996,Zone_3A Warm Humid,urb
C-WEU-MLT,2080,0.7059249999999999,Zone_3A Warm Humid,urb
C-WEU-MLT,2085,0.7016599999999998,Zone_3A Warm Humid,urb
C-WEU-MLT,2090,0.6968169999999998,Zone_3A Warm Humid,urb
C-WEU-MLT,2095,0.692702,Zone_3A Warm Humid,urb
C-WEU-MLT,2100,0.689359,Zone_3A Warm Humid,urb
C-WEU-NLD,2020,17.404792999999998,Zone_4A Mixed Humid,urb
C-WEU-NLD,2025,17.751054999999997,Zone_4A Mixed Humid,urb
C-WEU-NLD,2030,17.969883999999997,Zone_4A Mixed Humid,urb
C-WEU-NLD,2035,18.119550999999998,Zone_4A Mixed Humid,urb
C-WEU-NLD,2040,18.185791999999996,Zone_4A Mixed Humid,urb
C-WEU-NLD,2045,18.185795999999996,Zone_4A Mixed Humid,urb
C-WEU-NLD,2050,18.142291999999998,Zone_4A Mixed Humid,urb
C-WEU-NLD,2055,18.076179,Zone_4A Mixed Humid,urb
C-WEU-NLD,2060,18.014594999999996,Zone_4A Mixed Humid,urb
C-WEU-NLD,2065,17.983157999999996,Zone_4A Mixed Humid,urb
C-WEU-NLD,2070,17.988243999999998,Zone_4A Mixed Humid,urb
C-WEU-NLD,2075,18.010400999999995,Zone_4A Mixed Humid,urb
C-WEU-NLD,2080,18.020248999999996,Zone_4A Mixed Humid,urb
C-WEU-NLD,2085,18.009342999999998,Zone_4A Mixed Humid,urb
C-WEU-NLD,2090,17.988114999999997,Zone_4A Mixed Humid,urb
C-WEU-NLD,2095,17.971254,Zone_4A Mixed Humid,urb
C-WEU-NLD,2100,17.967454,Zone_4A Mixed Humid,urb
C-WEU-PRT,2020,10.67496247109366,Zone_3A Warm Humid,urb
C-WEU-PRT,2025,10.599415265323563,Zone_3A Warm Humid,urb
C-WEU-PRT,2030,10.462406513664817,Zone_3A Warm Humid,urb
C-WEU-PRT,2035,10.317479846664789,Zone_3A Warm Humid,urb
C-WEU-PRT,2040,10.15068407750069,Zone_3A Warm Humid,urb
C-WEU-PRT,2045,9.95298846874017,Zone_3A Warm Humid,urb
C-WEU-PRT,2050,9.730800075800536,Zone_3A Warm Humid,urb
C-WEU-PRT,2055,9.494990814172457,Zone_3A Warm Humid,urb
C-WEU-PRT,2060,9.256889943616226,Zone_3A Warm Humid,urb
C-WEU-PRT,2065,9.027072542243816,Zone_3A Warm Humid,urb
C-WEU-PRT,2070,8.817399886902017,Zone_3A Warm Humid,urb
C-WEU-PRT,2075,8.64532909793977,Zone_3A Warm Humid,urb
C-WEU-PRT,2080,8.520599116883972,Zone_3A Warm Humid,urb
C-WEU-PRT,2085,8.434482291622631,Zone_3A Warm Humid,urb
C-WEU-PRT,2090,8.371607977251829,Zone_3A Warm Humid,urb
C-WEU-PRT,2095,8.32399974846017,Zone_3A Warm Humid,urb
C-WEU-PRT,2100,8.293518939181615,Zone_3A Warm Humid,urb
C-WEU-SWE,2020,10.322612999999999,Zone_6A Cold Humid,urb
C-WEU-SWE,2025,10.746886,Zone_6A Cold Humid,urb
C-WEU-SWE,2030,11.099032999999997,Zone_6A Cold Humid,urb
C-WEU-SWE,2035,11.405422999999999,Zone_6A Cold Humid,urb
C-WEU-SWE,2040,11.693372999999998,Zone_6A Cold Humid,urb
C-WEU-SWE,2045,11.979368999999998,Zone_6A Cold Humid,urb
C-WEU-SWE,2050,12.254063999999998,Zone_6A Cold Humid,urb
C-WEU-SWE,2055,12.498849999999997,Zone_6A Cold Humid,urb
C-WEU-SWE,2060,12.708255,Zone_6A Cold Humid,urb
C-WEU-SWE,2065,12.892853999999998,Zone_6A Cold Humid,urb
C-WEU-SWE,2070,13.065089999999998,Zone_6A Cold Humid,urb
C-WEU-SWE,2075,13.222577999999999,Zone_6A Cold Humid,urb
C-WEU-SWE,2080,13.352898999999999,Zone_6A Cold Humid,urb
C-WEU-SWE,2085,13.450874,Zone_6A Cold Humid,urb
C-WEU-SWE,2090,13.528668999999997,Zone_6A Cold Humid,urb
C-WEU-SWE,2095,13.600410999999998,Zone_6A Cold Humid,urb
C-WEU-SWE,2100,13.659849,Zone_6A Cold Humid,urb
