region_bld,year,value
C-EEU-BGR,2010,7.526364
C-EEU-BGR,2015,7.216272758333331
C-EEU-BGR,2020,6.925716580952379
C-EEU-BGR,2025,6.6537801130952365
C-EEU-BGR,2030,6.399548
C-EEU-BGR,2035,6.162104886904758
C-EEU-BGR,2040,5.940535419047616
C-EEU-BGR,2045,5.733924241666663
C-EEU-BGR,2050,5.541356
C-EEU-BGR,2055,5.36191533928571
C-EEU-BGR,2060,5.194686904761902
C-EEU-BGR,2065,5.038755341666663
C-EEU-BGR,2070,4.893205295238093
C-EEU-BGR,2075,4.757121410714282
C-EEU-BGR,2080,4.629588333333331
C-EEU-BGR,2085,4.5096907083333315
C-EEU-BGR,2090,4.396513180952379
C-EEU-BGR,2095,4.289140396428568
C-EEU-BGR,2100,4.186657
C-EEU-CZE,2010,10.603455
C-EEU-CZE,2015,10.761723589583333
C-EEU-CZE,2020,10.852402780952382
C-EEU-CZE,2025,10.882882581845237
C-EEU-CZE,2030,10.860553
C-EEU-CZE,2035,10.79280404315476
C-EEU-CZE,2040,10.687025719047618
C-EEU-CZE,2045,10.550608035416666
C-EEU-CZE,2050,10.390941
C-EEU-CZE,2055,10.21541462053571
C-EEU-CZE,2060,10.031418904761903
C-EEU-CZE,2065,9.846343860416665
C-EEU-CZE,2070,9.667579495238094
C-EEU-CZE,2075,9.502515816964284
C-EEU-CZE,2080,9.358542833333333
C-EEU-CZE,2085,9.243050552083334
C-EEU-CZE,2090,9.163428980952382
C-EEU-CZE,2095,9.127068127678571
C-EEU-CZE,2100,9.141358
C-EEU-EST,2010,1.201227
C-EEU-EST,2015,1.2088627406249994
C-EEU-EST,2020,1.2091755428571425
C-EEU-EST,2025,1.203074573660714
C-EEU-EST,2030,1.191469
C-EEU-EST,2035,1.175267988839285
C-EEU-EST,2040,1.1553807071428566
C-EEU-EST,2045,1.1327163218749996
C-EEU-EST,2050,1.108184
C-EEU-EST,2055,1.0826929084821422
C-EEU-EST,2060,1.057152214285714
C-EEU-EST,2065,1.0324710843749996
C-EEU-EST,2070,1.0095586857142853
C-EEU-EST,2075,0.9893241852678565
C-EEU-EST,2080,0.9726767499999994
C-EEU-EST,2085,0.9605255468749995
C-EEU-EST,2090,0.9537797428571424
C-EEU-EST,2095,0.9533485049107139
C-EEU-EST,2100,0.960141
C-EEU-HRV,2010,4.16802
C-EEU-HRV,2015,4.063799638541664
C-EEU-HRV,2020,3.9572612476190465
C-EEU-HRV,2025,3.8492582328869034
C-EEU-HRV,2030,3.740644
C-EEU-HRV,2035,3.632271954613093
C-EEU-HRV,2040,3.5249955023809507
C-EEU-HRV,2045,3.4196680489583304
C-EEU-HRV,2050,3.317143
C-EEU-HRV,2055,3.2182737611607117
C-EEU-HRV,2060,3.1239137380952364
C-EEU-HRV,2065,3.0349163364583314
C-EEU-HRV,2070,2.95213496190476
C-EEU-HRV,2075,2.876423020089284
C-EEU-HRV,2080,2.8086339166666656
C-EEU-HRV,2085,2.7496210572916655
C-EEU-HRV,2090,2.7002378476190465
C-EEU-HRV,2095,2.6613376933035697
C-EEU-HRV,2100,2.633774
C-EEU-HUN,2010,10.179352999999999
C-EEU-HUN,2015,10.067855141666664
C-EEU-HUN,2020,9.935705019047619
C-EEU-HUN,2025,9.78525513690476
C-EEU-HUN,2030,9.618858
C-EEU-HUN,2035,9.438866113095235
C-EEU-HUN,2040,9.247631980952379
C-EEU-HUN,2045,9.04750810833333
C-EEU-HUN,2050,8.840847
C-EEU-HUN,2055,8.630001160714283
C-EEU-HUN,2060,8.417323095238094
C-EEU-HUN,2065,8.205165308333331
C-EEU-HUN,2070,7.995880304761903
C-EEU-HUN,2075,7.791820589285712
C-EEU-HUN,2080,7.595338666666665
C-EEU-HUN,2085,7.408787041666666
C-EEU-HUN,2090,7.234518219047619
C-EEU-HUN,2095,7.074884703571427
C-EEU-HUN,2100,6.932239
C-EEU-LTU,2010,3.088783
C-EEU-LTU,2015,2.9520284052083325
C-EEU-LTU,2020,2.8187128380952378
C-EEU-LTU,2025,2.689327351934523
C-EEU-LTU,2030,2.564363
C-EEU-LTU,2035,2.444310835565475
C-EEU-LTU,2040,2.329661911904761
C-EEU-LTU,2045,2.2209072822916656
C-EEU-LTU,2050,2.118538
C-EEU-LTU,2055,2.0230451183035703
C-EEU-LTU,2060,1.9349196904761894
C-EEU-LTU,2065,1.8546527697916653
C-EEU-LTU,2070,1.7827354095238086
C-EEU-LTU,2075,1.7196586629464274
C-EEU-LTU,2080,1.6659135833333327
C-EEU-LTU,2085,1.6219912239583327
C-EEU-LTU,2090,1.5883826380952375
C-EEU-LTU,2095,1.5655788790178562
C-EEU-LTU,2100,1.554071
C-EEU-LVA,2010,2.047687
C-EEU-LVA,2015,1.9586067843749997
C-EEU-LVA,2020,1.8729851999999998
C-EEU-LVA,2025,1.7909772656249998
C-EEU-LVA,2030,1.712738
C-EEU-LVA,2035,1.6384224218749994
C-EEU-LVA,2040,1.5681855499999997
C-EEU-LVA,2045,1.5021824031249993
C-EEU-LVA,2050,1.440568
C-EEU-LVA,2055,1.3834973593749995
C-EEU-LVA,2060,1.3311254999999995
C-EEU-LVA,2065,1.2836074406249993
C-EEU-LVA,2070,1.2410981999999997
C-EEU-LVA,2075,1.2037527968749995
C-EEU-LVA,2080,1.1717262499999996
C-EEU-LVA,2085,1.1451735781249996
C-EEU-LVA,2090,1.1242497999999996
C-EEU-LVA,2095,1.1091099343749995
C-EEU-LVA,2100,1.099909
C-EEU-POL,2010,39.45898
C-EEU-POL,2015,39.74138750416666
C-EEU-POL,2020,39.75469421904762
C-EEU-POL,2025,39.529422824404755
C-EEU-POL,2030,39.096096
C-EEU-POL,2035,38.485236425595225
C-EEU-POL,2040,37.72736678095237
C-EEU-POL,2045,36.853009745833326
C-EEU-POL,2050,35.892688
C-EEU-POL,2055,34.876924223214274
C-EEU-POL,2060,33.83624109523809
C-EEU-POL,2065,32.801161295833325
C-EEU-POL,2070,31.8022075047619
C-EEU-POL,2075,30.869902401785705
C-EEU-POL,2080,30.03476866666666
C-EEU-POL,2085,29.327328979166662
C-EEU-POL,2090,28.77810601904762
C-EEU-POL,2095,28.41762246607142
C-EEU-POL,2100,28.276401
C-EEU-ROU,2010,20.648763
C-EEU-ROU,2015,20.192118469791662
C-EEU-ROU,2020,19.69331873333333
C-EEU-ROU,2025,19.15905588020833
C-EEU-ROU,2030,18.596022
C-EEU-ROU,2035,18.01090918229166
C-EEU-ROU,2040,17.410409516666665
C-EEU-ROU,2045,16.80121509270833
C-EEU-ROU,2050,16.190018
C-EEU-ROU,2055,15.583510328124992
C-EEU-ROU,2060,14.988384166666663
C-EEU-ROU,2065,14.411331605208328
C-EEU-ROU,2070,13.85904473333333
C-EEU-ROU,2075,13.338215640624995
C-EEU-ROU,2080,12.855536416666663
C-EEU-ROU,2085,12.417699151041663
C-EEU-ROU,2090,12.031395933333332
C-EEU-ROU,2095,11.703318853124996
C-EEU-ROU,2100,11.44016
C-EEU-SVK,2010,5.399128
C-EEU-SVK,2015,5.4593863677083325
C-EEU-SVK,2020,5.488468580952381
C-EEU-SVK,2025,5.489534753720238
C-EEU-SVK,2030,5.465745
C-EEU-SVK,2035,5.42025943377976
C-EEU-SVK,2040,5.356238169047619
C-EEU-SVK,2045,5.276841319791665
C-EEU-SVK,2050,5.185229
C-EEU-SVK,2055,5.084561323660712
C-EEU-SVK,2060,4.977998404761904
C-EEU-SVK,2065,4.868700357291665
C-EEU-SVK,2070,4.759827295238095
C-EEU-SVK,2075,4.654539332589285
C-EEU-SVK,2080,4.555996583333333
C-EEU-SVK,2085,4.467359161458333
C-EEU-SVK,2090,4.391787180952381
C-EEU-SVK,2095,4.332440755803571
C-EEU-SVK,2100,4.29248
C-EEU-SVN,2010,2.082388
C-EEU-SVN,2015,2.116563142708332
C-EEU-SVN,2020,2.138923609523809
C-EEU-SVN,2025,2.1506270215773795
C-EEU-SVN,2030,2.152831
C-EEU-SVN,2035,2.146693165922618
C-EEU-SVN,2040,2.1333711404761893
C-EEU-SVN,2045,2.1140225447916654
C-EEU-SVN,2050,2.089805
C-EEU-SVN,2055,2.061876127232141
C-EEU-SVN,2060,2.0313935476190466
C-EEU-SVN,2065,1.9995148822916655
C-EEU-SVN,2070,1.9673977523809514
C-EEU-SVN,2075,1.936199779017856
C-EEU-SVN,2080,1.9070785833333324
C-EEU-SVN,2085,1.8811917864583323
C-EEU-SVN,2090,1.8596970095238088
C-EEU-SVN,2095,1.8437518736607132
C-EEU-SVN,2100,1.834514
C-WEU-AUT,2010,8.624045
C-WEU-AUT,2015,8.891824754166665
C-WEU-AUT,2020,9.108909504761902
C-WEU-AUT,2025,9.279350502976188
C-WEU-AUT,2030,9.407199
C-WEU-AUT,2035,9.496506247023804
C-WEU-AUT,2040,9.551323495238092
C-WEU-AUT,2045,9.57570199583333
C-WEU-AUT,2050,9.573693
C-WEU-AUT,2055,9.549347758928567
C-WEU-AUT,2060,9.50671752380952
C-WEU-AUT,2065,9.44985354583333
C-WEU-AUT,2070,9.382807076190474
C-WEU-AUT,2075,9.309629366071425
C-WEU-AUT,2080,9.234371666666664
C-WEU-AUT,2085,9.161085229166664
C-WEU-AUT,2090,9.093821304761903
C-WEU-AUT,2095,9.036631144642854
C-WEU-AUT,2100,8.993566
C-WEU-BEL,2010,11.781882
C-WEU-BEL,2015,12.08762631145833
C-WEU-BEL,2020,12.36007455238095
C-WEU-BEL,2025,12.601077017113091
C-WEU-BEL,2030,12.812484
C-WEU-BEL,2035,12.996145795386898
C-WEU-BEL,2040,13.153912697619043
C-WEU-BEL,2045,13.28763500104166
C-WEU-BEL,2050,13.399163
C-WEU-BEL,2055,13.49034698883928
C-WEU-BEL,2060,13.563037261904759
C-WEU-BEL,2065,13.61908411354166
C-WEU-BEL,2070,13.660337838095234
C-WEU-BEL,2075,13.688648729910708
C-WEU-BEL,2080,13.705867083333331
C-WEU-BEL,2085,13.713843192708332
C-WEU-BEL,2090,13.714427352380952
C-WEU-BEL,2095,13.709469856696424
C-WEU-BEL,2100,13.700821
C-WEU-CYP,2010,1.02277
C-WEU-CYP,2015,1.068642734375
C-WEU-CYP,2020,1.1101958571428572
C-WEU-CYP,2025,1.1474308013392858
C-WEU-CYP,2030,1.180349
C-WEU-CYP,2035,1.208951886160714
C-WEU-CYP,2040,1.2332408928571428
C-WEU-CYP,2045,1.2532174531249998
C-WEU-CYP,2050,1.268883
C-WEU-CYP,2055,1.2802389665178568
C-WEU-CYP,2060,1.2872867857142856
C-WEU-CYP,2065,1.2900278906249998
C-WEU-CYP,2070,1.2884637142857143
C-WEU-CYP,2075,1.2825956897321427
C-WEU-CYP,2080,1.27242525
C-WEU-CYP,2085,1.257953828125
C-WEU-CYP,2090,1.2391828571428574
C-WEU-CYP,2095,1.2161137700892857
C-WEU-CYP,2100,1.188748
C-WEU-DEU,2010,87.28282
C-WEU-DEU,2015,88.21752470312497
C-WEU-DEU,2020,88.79807271428568
C-WEU-DEU,2025,89.05975486830353
C-WEU-DEU,2030,89.037862
C-WEU-DEU,2035,88.76768494419638
C-WEU-DEU,2040,88.28451453571425
C-WEU-DEU,2045,87.62364160937494
C-WEU-DEU,2050,86.820357
C-WEU-DEU,2055,85.90995154241065
C-WEU-DEU,2060,84.92771607142853
C-WEU-DEU,2065,83.90894142187496
C-WEU-DEU,2070,82.88891842857139
C-WEU-DEU,2075,81.90293792633923
C-WEU-DEU,2080,80.98629074999997
C-WEU-DEU,2085,80.17426773437496
C-WEU-DEU,2090,79.5021597142857
C-WEU-DEU,2095,79.00525752455353
C-WEU-DEU,2100,78.718852
C-WEU-DNK,2010,5.282673
C-WEU-DNK,2015,5.412168896874999
C-WEU-DNK,2020,5.522752828571428
C-WEU-DNK,2025,5.616387595982141
C-WEU-DNK,2030,5.695036
C-WEU-DNK,2035,5.760660841517855
C-WEU-DNK,2040,5.8152249214285705
C-WEU-DNK,2045,5.860691040624999
C-WEU-DNK,2050,5.899022
C-WEU-DNK,2055,5.932180600446427
C-WEU-DNK,2060,5.962129642857142
C-WEU-DNK,2065,5.990831928124998
C-WEU-DNK,2070,6.020250257142856
C-WEU-DNK,2075,6.05234743080357
C-WEU-DNK,2080,6.089086249999999
C-WEU-DNK,2085,6.132429515625001
C-WEU-DNK,2090,6.1843400285714285
C-WEU-DNK,2095,6.2467805897321425
C-WEU-DNK,2100,6.321714
C-WEU-ESP,2010,42.533662
C-WEU-ESP,2015,43.561410635416664
C-WEU-ESP,2020,44.462271190476194
C-WEU-ESP,2025,45.24039115029762
C-WEU-ESP,2030,45.899918
C-WEU-ESP,2035,46.44499922470237
C-WEU-ESP,2040,46.879782309523804
C-WEU-ESP,2045,47.208414739583326
C-WEU-ESP,2050,47.435044
C-WEU-ESP,2055,47.56381757589285
C-WEU-ESP,2060,47.59888295238095
C-WEU-ESP,2065,47.54438761458333
C-WEU-ESP,2070,47.40447904761904
C-WEU-ESP,2075,47.183304736607134
C-WEU-ESP,2080,46.88501216666666
C-WEU-ESP,2085,46.51374882291667
C-WEU-ESP,2090,46.07366219047619
C-WEU-ESP,2095,45.56889975446428
C-WEU-ESP,2100,45.003609
C-WEU-FIN,2010,5.123582
C-WEU-FIN,2015,5.196064884374998
C-WEU-FIN,2020,5.248019028571427
C-WEU-FIN,2025,5.2818389084821415
C-WEU-FIN,2030,5.299919
C-WEU-FIN,2035,5.304653779017854
C-WEU-FIN,2040,5.29843772142857
C-WEU-FIN,2045,5.283665303124998
C-WEU-FIN,2050,5.262731
C-WEU-FIN,2055,5.238029287946426
C-WEU-FIN,2060,5.211954642857141
C-WEU-FIN,2065,5.186901540624998
C-WEU-FIN,2070,5.165264457142856
C-WEU-FIN,2075,5.149437868303569
C-WEU-FIN,2080,5.141816249999999
C-WEU-FIN,2085,5.144794078124999
C-WEU-FIN,2090,5.160765828571428
C-WEU-FIN,2095,5.192125977232141
C-WEU-FIN,2100,5.241269
C-WEU-FRA,2010,64.060066
C-WEU-FRA,2015,64.99345851458332
C-WEU-FRA,2020,65.8944474095238
C-WEU-FRA,2025,66.76199359970238
C-WEU-FRA,2030,67.595058
C-WEU-FRA,2035,68.3926015252976
C-WEU-FRA,2040,69.15358509047618
C-WEU-FRA,2045,69.87696961041665
C-WEU-FRA,2050,70.561716
C-WEU-FRA,2055,71.20678517410713
C-WEU-FRA,2060,71.81113804761904
C-WEU-FRA,2065,72.37373553541666
C-WEU-FRA,2070,72.89353855238095
C-WEU-FRA,2075,73.36950801339285
C-WEU-FRA,2080,73.80060483333332
C-WEU-FRA,2085,74.18578992708333
C-WEU-FRA,2090,74.52402420952382
C-WEU-FRA,2095,74.81426859553571
C-WEU-FRA,2100,75.05548399999999
C-WEU-GRC,2010,10.938198
C-WEU-GRC,2015,10.663724827083328
C-WEU-GRC,2020,10.430696980952376
C-WEU-GRC,2025,10.233986644345233
C-WEU-GRC,2030,10.068466
C-WEU-GRC,2035,9.929007230654756
C-WEU-GRC,2040,9.810482519047614
C-WEU-GRC,2045,9.70776404791666
C-WEU-GRC,2050,9.615724
C-WEU-GRC,2055,9.529234558035709
C-WEU-GRC,2060,9.4431679047619
C-WEU-GRC,2065,9.352396222916662
C-WEU-GRC,2070,9.25179169523809
C-WEU-GRC,2075,9.136226504464279
C-WEU-GRC,2080,9.00057283333333
C-WEU-GRC,2085,8.83970286458333
C-WEU-GRC,2090,8.648488780952377
C-WEU-GRC,2095,8.421802765178567
C-WEU-GRC,2100,8.154517
C-WEU-IRL,2010,4.329502
C-WEU-IRL,2015,4.516560005208333
C-WEU-IRL,2020,4.70130980952381
C-WEU-IRL,2025,4.88263895907738
C-WEU-IRL,2030,5.059435
C-WEU-IRL,2035,5.230585478422618
C-WEU-IRL,2040,5.39497794047619
C-WEU-IRL,2045,5.551499932291666
C-WEU-IRL,2050,5.699039
C-WEU-IRL,2055,5.836482689732142
C-WEU-IRL,2060,5.962718547619047
C-WEU-IRL,2065,6.076634119791666
C-WEU-IRL,2070,6.177116952380952
C-WEU-IRL,2075,6.2630545915178555
C-WEU-IRL,2080,6.333334583333333
C-WEU-IRL,2085,6.386844473958333
C-WEU-IRL,2090,6.4224718095238105
C-WEU-IRL,2095,6.439104136160713
C-WEU-IRL,2100,6.435629
C-WEU-ITA,2010,58.585192
C-WEU-ITA,2015,58.25246202916666
C-WEU-ITA,2020,57.87337481904762
C-WEU-ITA,2025,57.449355949404755
C-WEU-ITA,2030,56.981831
C-WEU-ITA,2035,56.47222555059522
C-WEU-ITA,2040,55.92196518095237
C-WEU-ITA,2045,55.332475470833316
C-WEU-ITA,2050,54.705182
C-WEU-ITA,2055,54.04151034821427
C-WEU-ITA,2060,53.342886095238086
C-WEU-ITA,2065,52.61073482083332
C-WEU-ITA,2070,51.8464821047619
C-WEU-ITA,2075,51.0515535267857
C-WEU-ITA,2080,50.22737466666666
C-WEU-ITA,2085,49.37537110416666
C-WEU-ITA,2090,48.49696841904762
C-WEU-ITA,2095,47.59359219107142
C-WEU-ITA,2100,46.666668
C-WEU-LUX,2010,0.514137
C-WEU-LUX,2015,0.5676499937499999
C-WEU-LUX,2020,0.6137244571428572
C-WEU-LUX,2025,0.6529301919642857
C-WEU-LUX,2030,0.685837
C-WEU-LUX,2035,0.713014683035714
C-WEU-LUX,2040,0.7350330428571428
C-WEU-LUX,2045,0.7524618812499998
C-WEU-LUX,2050,0.765871
C-WEU-LUX,2055,0.7758302008928569
C-WEU-LUX,2060,0.7829092857142855
C-WEU-LUX,2065,0.7876780562499999
C-WEU-LUX,2070,0.7907063142857141
C-WEU-LUX,2075,0.7925638616071427
C-WEU-LUX,2080,0.7938205
C-WEU-LUX,2085,0.7950460312500001
C-WEU-LUX,2090,0.7968102571428572
C-WEU-LUX,2095,0.7996829794642855
C-WEU-LUX,2100,0.804234
C-WEU-MLT,2010,0.395376
C-WEU-MLT,2015,0.43254719583333323
C-WEU-MLT,2020,0.4605911523809522
C-WEU-MLT,2025,0.4803932827380949
C-WEU-MLT,2030,0.492839
C-WEU-MLT,2035,0.4988137172619046
C-WEU-MLT,2040,0.49920284761904743
C-WEU-MLT,2045,0.4948918041666664
C-WEU-MLT,2050,0.486766
C-WEU-MLT,2055,0.4757108482142853
C-WEU-MLT,2060,0.46261176190476166
C-WEU-MLT,2065,0.4483541541666663
C-WEU-MLT,2070,0.4338234380952379
C-WEU-MLT,2075,0.419905026785714
C-WEU-MLT,2080,0.4074843333333331
C-WEU-MLT,2085,0.39744677083333313
C-WEU-MLT,2090,0.39067775238095226
C-WEU-MLT,2095,0.3880626910714285
C-WEU-MLT,2100,0.390487
C-WEU-NLD,2010,17.309541
C-WEU-NLD,2015,17.731585189583328
C-WEU-NLD,2020,18.06346118095238
C-WEU-NLD,2025,18.313957581845234
C-WEU-NLD,2030,18.491863
C-WEU-NLD,2035,18.605966043154755
C-WEU-NLD,2040,18.665055319047614
C-WEU-NLD,2045,18.677919435416662
C-WEU-NLD,2050,18.653347
C-WEU-NLD,2055,18.600126620535708
C-WEU-NLD,2060,18.5270469047619
C-WEU-NLD,2065,18.442896460416662
C-WEU-NLD,2070,18.356463895238093
C-WEU-NLD,2075,18.276537816964282
C-WEU-NLD,2080,18.21190683333333
C-WEU-NLD,2085,18.17135955208333
C-WEU-NLD,2090,18.16368458095238
C-WEU-NLD,2095,18.197670527678568
C-WEU-NLD,2100,18.282106
C-WEU-PRT,2010,9.685342
C-WEU-PRT,2015,9.747702786458332
C-WEU-PRT,2020,9.773286238095237
C-WEU-PRT,2025,9.766002320684523
C-WEU-PRT,2030,9.729761
C-WEU-PRT,2035,9.668472241815472
C-WEU-PRT,2040,9.58604601190476
C-WEU-PRT,2045,9.486392276041663
C-WEU-PRT,2050,9.373421
C-WEU-PRT,2055,9.251042149553568
C-WEU-PRT,2060,9.123165690476188
C-WEU-PRT,2065,8.993701588541665
C-WEU-PRT,2070,8.866559809523809
C-WEU-PRT,2075,8.745650319196427
C-WEU-PRT,2080,8.634883083333332
C-WEU-PRT,2085,8.538168067708332
C-WEU-PRT,2090,8.45941523809524
C-WEU-PRT,2095,8.402534560267856
C-WEU-PRT,2100,8.371436
C-WEU-SWE,2010,8.904988
C-WEU-SWE,2015,9.292318142708332
C-WEU-SWE,2020,9.64234918095238
C-WEU-SWE,2025,9.958081878720236
C-WEU-SWE,2030,10.242517
C-WEU-SWE,2035,10.498655308779758
C-WEU-SWE,2040,10.729497569047616
C-WEU-SWE,2045,10.938044544791664
C-WEU-SWE,2050,11.127297
C-WEU-SWE,2055,11.30025569866071
C-WEU-SWE,2060,11.459921404761902
C-WEU-SWE,2065,11.609294882291664
C-WEU-SWE,2070,11.751376895238094
C-WEU-SWE,2075,11.889168207589282
C-WEU-SWE,2080,12.025669583333332
C-WEU-SWE,2085,12.163881786458333
C-WEU-SWE,2090,12.306805580952382
C-WEU-SWE,2095,12.45744173080357
C-WEU-SWE,2100,12.618791
