region_bld,region_gea,R11,R12,region_nuts
C-WEU-BEL,WEU,WEU,WEU,C-WEU-BEL-BE100
C-WEU-BEL,WEU,WEU,WEU,C-WEU-BEL-BE211
C-WEU-BEL,WEU,WEU,WEU,C-WEU-BEL-BE212
C-WEU-BEL,WEU,WEU,WEU,C-WEU-BEL-BE213
C-WEU-BEL,WEU,WEU,WEU,C-WEU-BEL-BE223
C-WEU-BEL,WEU,WEU,WEU,C-WEU-BEL-BE224
C-WEU-BEL,WEU,WEU,WEU,C-WEU-BEL-BE225
C-WEU-BEL,WEU,WEU,WEU,C-WEU-BEL-BE231
C-WEU-BEL,WEU,WEU,WEU,C-WEU-BEL-BE232
C-WEU-BEL,WEU,WEU,WEU,C-WEU-BEL-BE233
C-WEU-BEL,WEU,WEU,WEU,C-WEU-BEL-BE234
C-WEU-BEL,WEU,WEU,WEU,C-WEU-BEL-BE235
C-WEU-BEL,WEU,WEU,WEU,C-WEU-BEL-BE236
C-WEU-BEL,WEU,WEU,WEU,C-WEU-BEL-BE241
C-WEU-BEL,WEU,WEU,WEU,C-WEU-BEL-BE242
C-WEU-BEL,WEU,WEU,WEU,C-WEU-BEL-BE251
C-WEU-BEL,WEU,WEU,WEU,C-WEU-BEL-BE252
C-WEU-BEL,WEU,WEU,WEU,C-WEU-BEL-BE253
C-WEU-BEL,WEU,WEU,WEU,C-WEU-BEL-BE254
C-WEU-BEL,WEU,WEU,WEU,C-WEU-BEL-BE255
C-WEU-BEL,WEU,WEU,WEU,C-WEU-BEL-BE256
C-WEU-BEL,WEU,WEU,WEU,C-WEU-BEL-BE257
C-WEU-BEL,WEU,WEU,WEU,C-WEU-BEL-BE258
C-WEU-BEL,WEU,WEU,WEU,C-WEU-BEL-BE310
C-WEU-BEL,WEU,WEU,WEU,C-WEU-BEL-BE323
C-WEU-BEL,WEU,WEU,WEU,C-WEU-BEL-BE328
C-WEU-BEL,WEU,WEU,WEU,C-WEU-BEL-BE329
C-WEU-BEL,WEU,WEU,WEU,C-WEU-BEL-BE32A
C-WEU-BEL,WEU,WEU,WEU,C-WEU-BEL-BE32B
C-WEU-BEL,WEU,WEU,WEU,C-WEU-BEL-BE32C
C-WEU-BEL,WEU,WEU,WEU,C-WEU-BEL-BE32D
C-WEU-BEL,WEU,WEU,WEU,C-WEU-BEL-BE331
C-WEU-BEL,WEU,WEU,WEU,C-WEU-BEL-BE332
C-WEU-BEL,WEU,WEU,WEU,C-WEU-BEL-BE334
C-WEU-BEL,WEU,WEU,WEU,C-WEU-BEL-BE335
C-WEU-BEL,WEU,WEU,WEU,C-WEU-BEL-BE336
C-WEU-BEL,WEU,WEU,WEU,C-WEU-BEL-BE341
C-WEU-BEL,WEU,WEU,WEU,C-WEU-BEL-BE342
C-WEU-BEL,WEU,WEU,WEU,C-WEU-BEL-BE343
C-WEU-BEL,WEU,WEU,WEU,C-WEU-BEL-BE344
C-WEU-BEL,WEU,WEU,WEU,C-WEU-BEL-BE345
C-WEU-BEL,WEU,WEU,WEU,C-WEU-BEL-BE351
C-WEU-BEL,WEU,WEU,WEU,C-WEU-BEL-BE352
C-WEU-BEL,WEU,WEU,WEU,C-WEU-BEL-BE353
C-EEU-BGR,EEU,EEU,EEU,C-EEU-BGR-BG311
C-EEU-BGR,EEU,EEU,EEU,C-EEU-BGR-BG312
C-EEU-BGR,EEU,EEU,EEU,C-EEU-BGR-BG313
C-EEU-BGR,EEU,EEU,EEU,C-EEU-BGR-BG314
C-EEU-BGR,EEU,EEU,EEU,C-EEU-BGR-BG315
C-EEU-BGR,EEU,EEU,EEU,C-EEU-BGR-BG321
C-EEU-BGR,EEU,EEU,EEU,C-EEU-BGR-BG322
C-EEU-BGR,EEU,EEU,EEU,C-EEU-BGR-BG323
C-EEU-BGR,EEU,EEU,EEU,C-EEU-BGR-BG324
C-EEU-BGR,EEU,EEU,EEU,C-EEU-BGR-BG325
C-EEU-BGR,EEU,EEU,EEU,C-EEU-BGR-BG331
C-EEU-BGR,EEU,EEU,EEU,C-EEU-BGR-BG332
C-EEU-BGR,EEU,EEU,EEU,C-EEU-BGR-BG333
C-EEU-BGR,EEU,EEU,EEU,C-EEU-BGR-BG334
C-EEU-BGR,EEU,EEU,EEU,C-EEU-BGR-BG341
C-EEU-BGR,EEU,EEU,EEU,C-EEU-BGR-BG342
C-EEU-BGR,EEU,EEU,EEU,C-EEU-BGR-BG343
C-EEU-BGR,EEU,EEU,EEU,C-EEU-BGR-BG344
C-EEU-BGR,EEU,EEU,EEU,C-EEU-BGR-BG411
C-EEU-BGR,EEU,EEU,EEU,C-EEU-BGR-BG412
C-EEU-BGR,EEU,EEU,EEU,C-EEU-BGR-BG413
C-EEU-BGR,EEU,EEU,EEU,C-EEU-BGR-BG414
C-EEU-BGR,EEU,EEU,EEU,C-EEU-BGR-BG415
C-EEU-BGR,EEU,EEU,EEU,C-EEU-BGR-BG421
C-EEU-BGR,EEU,EEU,EEU,C-EEU-BGR-BG422
C-EEU-BGR,EEU,EEU,EEU,C-EEU-BGR-BG423
C-EEU-BGR,EEU,EEU,EEU,C-EEU-BGR-BG424
C-EEU-BGR,EEU,EEU,EEU,C-EEU-BGR-BG425
C-EEU-CZE,EEU,EEU,EEU,C-EEU-CZE-CZ010
C-EEU-CZE,EEU,EEU,EEU,C-EEU-CZE-CZ020
C-EEU-CZE,EEU,EEU,EEU,C-EEU-CZE-CZ031
C-EEU-CZE,EEU,EEU,EEU,C-EEU-CZE-CZ032
C-EEU-CZE,EEU,EEU,EEU,C-EEU-CZE-CZ041
C-EEU-CZE,EEU,EEU,EEU,C-EEU-CZE-CZ042
C-EEU-CZE,EEU,EEU,EEU,C-EEU-CZE-CZ051
C-EEU-CZE,EEU,EEU,EEU,C-EEU-CZE-CZ052
C-EEU-CZE,EEU,EEU,EEU,C-EEU-CZE-CZ053
C-EEU-CZE,EEU,EEU,EEU,C-EEU-CZE-CZ063
C-EEU-CZE,EEU,EEU,EEU,C-EEU-CZE-CZ064
C-EEU-CZE,EEU,EEU,EEU,C-EEU-CZE-CZ071
C-EEU-CZE,EEU,EEU,EEU,C-EEU-CZE-CZ072
C-EEU-CZE,EEU,EEU,EEU,C-EEU-CZE-CZ080
C-WEU-DNK,WEU,WEU,WEU,C-WEU-DNK-DK011
C-WEU-DNK,WEU,WEU,WEU,C-WEU-DNK-DK012
C-WEU-DNK,WEU,WEU,WEU,C-WEU-DNK-DK013
C-WEU-DNK,WEU,WEU,WEU,C-WEU-DNK-DK014
C-WEU-DNK,WEU,WEU,WEU,C-WEU-DNK-DK021
C-WEU-DNK,WEU,WEU,WEU,C-WEU-DNK-DK022
C-WEU-DNK,WEU,WEU,WEU,C-WEU-DNK-DK031
C-WEU-DNK,WEU,WEU,WEU,C-WEU-DNK-DK032
C-WEU-DNK,WEU,WEU,WEU,C-WEU-DNK-DK041
C-WEU-DNK,WEU,WEU,WEU,C-WEU-DNK-DK042
C-WEU-DNK,WEU,WEU,WEU,C-WEU-DNK-DK050
C-WEU-DEU,WEU,WEU,WEU,C-WEU-DEU-DE111
C-WEU-DEU,WEU,WEU,WEU,C-WEU-DEU-DE112
C-WEU-DEU,WEU,WEU,WEU,C-WEU-DEU-DE113
C-WEU-DEU,WEU,WEU,WEU,C-WEU-DEU-DE114
C-WEU-DEU,WEU,WEU,WEU,C-WEU-DEU-DE115
C-WEU-DEU,WEU,WEU,WEU,C-WEU-DEU-DE116
C-WEU-DEU,WEU,WEU,WEU,C-WEU-DEU-DE117
C-WEU-DEU,WEU,WEU,WEU,C-WEU-DEU-DE118
C-WEU-DEU,WEU,WEU,WEU,C-WEU-DEU-DE119
C-WEU-DEU,WEU,WEU,WEU,C-WEU-DEU-DE11A
C-WEU-DEU,WEU,WEU,WEU,C-WEU-DEU-DE11B
C-WEU-DEU,WEU,WEU,WEU,C-WEU-DEU-DE11C
C-WEU-DEU,WEU,WEU,WEU,C-WEU-DEU-DE11D
C-WEU-DEU,WEU,WEU,WEU,C-WEU-DEU-DE121
C-WEU-DEU,WEU,WEU,WEU,C-WEU-DEU-DE122
C-WEU-DEU,WEU,WEU,WEU,C-WEU-DEU-DE123
C-WEU-DEU,WEU,WEU,WEU,C-WEU-DEU-DE124
C-WEU-DEU,WEU,WEU,WEU,C-WEU-DEU-DE125
C-WEU-DEU,WEU,WEU,WEU,C-WEU-DEU-DE126
C-WEU-DEU,WEU,WEU,WEU,C-WEU-DEU-DE127
C-WEU-DEU,WEU,WEU,WEU,C-WEU-DEU-DE128
C-WEU-DEU,WEU,WEU,WEU,C-WEU-DEU-DE129
C-WEU-DEU,WEU,WEU,WEU,C-WEU-DEU-DE12A
C-WEU-DEU,WEU,WEU,WEU,C-WEU-DEU-DE12B
C-WEU-DEU,WEU,WEU,WEU,C-WEU-DEU-DE12C
C-WEU-DEU,WEU,WEU,WEU,C-WEU-DEU-DE131
C-WEU-DEU,WEU,WEU,WEU,C-WEU-DEU-DE132
C-WEU-DEU,WEU,WEU,WEU,C-WEU-DEU-DE133
C-WEU-DEU,WEU,WEU,WEU,C-WEU-DEU-DE134
C-WEU-DEU,WEU,WEU,WEU,C-WEU-DEU-DE135
C-WEU-DEU,WEU,WEU,WEU,C-WEU-DEU-DE136
C-WEU-DEU,WEU,WEU,WEU,C-WEU-DEU-DE137
C-WEU-DEU,WEU,WEU,WEU,C-WEU-DEU-DE138
C-WEU-DEU,WEU,WEU,WEU,C-WEU-DEU-DE139
C-WEU-DEU,WEU,WEU,WEU,C-WEU-DEU-DE13A
C-WEU-DEU,WEU,WEU,WEU,C-WEU-DEU-DE141
C-WEU-DEU,WEU,WEU,WEU,C-WEU-DEU-DE142
C-WEU-DEU,WEU,WEU,WEU,C-WEU-DEU-DE143
C-WEU-DEU,WEU,WEU,WEU,C-WEU-DEU-DE144
C-WEU-DEU,WEU,WEU,WEU,C-WEU-DEU-DE145
C-WEU-DEU,WEU,WEU,WEU,C-WEU-DEU-DE146
C-WEU-DEU,WEU,WEU,WEU,C-WEU-DEU-DE147
C-WEU-DEU,WEU,WEU,WEU,C-WEU-DEU-DE148
C-WEU-DEU,WEU,WEU,WEU,C-WEU-DEU-DE149
C-WEU-DEU,WEU,WEU,WEU,C-WEU-DEU-DE211
C-WEU-DEU,WEU,WEU,WEU,C-WEU-DEU-DE212
C-WEU-DEU,WEU,WEU,WEU,C-WEU-DEU-DE213
C-WEU-DEU,WEU,WEU,WEU,C-WEU-DEU-DE214
C-WEU-DEU,WEU,WEU,WEU,C-WEU-DEU-DE215
C-WEU-DEU,WEU,WEU,WEU,C-WEU-DEU-DE216
C-WEU-DEU,WEU,WEU,WEU,C-WEU-DEU-DE217
C-WEU-DEU,WEU,WEU,WEU,C-WEU-DEU-DE218
C-WEU-DEU,WEU,WEU,WEU,C-WEU-DEU-DE219
C-WEU-DEU,WEU,WEU,WEU,C-WEU-DEU-DE21A
C-WEU-DEU,WEU,WEU,WEU,C-WEU-DEU-DE21B
C-WEU-DEU,WEU,WEU,WEU,C-WEU-DEU-DE21C
C-WEU-DEU,WEU,WEU,WEU,C-WEU-DEU-DE21D
C-WEU-DEU,WEU,WEU,WEU,C-WEU-DEU-DE21E
C-WEU-DEU,WEU,WEU,WEU,C-WEU-DEU-DE21F
C-WEU-DEU,WEU,WEU,WEU,C-WEU-DEU-DE21G
C-WEU-DEU,WEU,WEU,WEU,C-WEU-DEU-DE21H
C-WEU-DEU,WEU,WEU,WEU,C-WEU-DEU-DE21I
C-WEU-DEU,WEU,WEU,WEU,C-WEU-DEU-DE21J
C-WEU-DEU,WEU,WEU,WEU,C-WEU-DEU-DE21K
C-WEU-DEU,WEU,WEU,WEU,C-WEU-DEU-DE21L
C-WEU-DEU,WEU,WEU,WEU,C-WEU-DEU-DE21M
C-WEU-DEU,WEU,WEU,WEU,C-WEU-DEU-DE21N
C-WEU-DEU,WEU,WEU,WEU,C-WEU-DEU-DE221
C-WEU-DEU,WEU,WEU,WEU,C-WEU-DEU-DE222
C-WEU-DEU,WEU,WEU,WEU,C-WEU-DEU-DE223
C-WEU-DEU,WEU,WEU,WEU,C-WEU-DEU-DE224
C-WEU-DEU,WEU,WEU,WEU,C-WEU-DEU-DE225
C-WEU-DEU,WEU,WEU,WEU,C-WEU-DEU-DE226
C-WEU-DEU,WEU,WEU,WEU,C-WEU-DEU-DE227
C-WEU-DEU,WEU,WEU,WEU,C-WEU-DEU-DE228
C-WEU-DEU,WEU,WEU,WEU,C-WEU-DEU-DE229
C-WEU-DEU,WEU,WEU,WEU,C-WEU-DEU-DE22A
C-WEU-DEU,WEU,WEU,WEU,C-WEU-DEU-DE22B
C-WEU-DEU,WEU,WEU,WEU,C-WEU-DEU-DE22C
C-WEU-DEU,WEU,WEU,WEU,C-WEU-DEU-DE231
C-WEU-DEU,WEU,WEU,WEU,C-WEU-DEU-DE232
C-WEU-DEU,WEU,WEU,WEU,C-WEU-DEU-DE233
C-WEU-DEU,WEU,WEU,WEU,C-WEU-DEU-DE234
C-WEU-DEU,WEU,WEU,WEU,C-WEU-DEU-DE235
C-WEU-DEU,WEU,WEU,WEU,C-WEU-DEU-DE236
C-WEU-DEU,WEU,WEU,WEU,C-WEU-DEU-DE237
C-WEU-DEU,WEU,WEU,WEU,C-WEU-DEU-DE238
C-WEU-DEU,WEU,WEU,WEU,C-WEU-DEU-DE239
C-WEU-DEU,WEU,WEU,WEU,C-WEU-DEU-DE23A
C-WEU-DEU,WEU,WEU,WEU,C-WEU-DEU-DE241
C-WEU-DEU,WEU,WEU,WEU,C-WEU-DEU-DE242
C-WEU-DEU,WEU,WEU,WEU,C-WEU-DEU-DE243
C-WEU-DEU,WEU,WEU,WEU,C-WEU-DEU-DE244
C-WEU-DEU,WEU,WEU,WEU,C-WEU-DEU-DE245
C-WEU-DEU,WEU,WEU,WEU,C-WEU-DEU-DE246
C-WEU-DEU,WEU,WEU,WEU,C-WEU-DEU-DE247
C-WEU-DEU,WEU,WEU,WEU,C-WEU-DEU-DE248
C-WEU-DEU,WEU,WEU,WEU,C-WEU-DEU-DE249
C-WEU-DEU,WEU,WEU,WEU,C-WEU-DEU-DE24A
C-WEU-DEU,WEU,WEU,WEU,C-WEU-DEU-DE24B
C-WEU-DEU,WEU,WEU,WEU,C-WEU-DEU-DE24C
C-WEU-DEU,WEU,WEU,WEU,C-WEU-DEU-DE24D
C-WEU-DEU,WEU,WEU,WEU,C-WEU-DEU-DE251
C-WEU-DEU,WEU,WEU,WEU,C-WEU-DEU-DE252
C-WEU-DEU,WEU,WEU,WEU,C-WEU-DEU-DE253
C-WEU-DEU,WEU,WEU,WEU,C-WEU-DEU-DE254
C-WEU-DEU,WEU,WEU,WEU,C-WEU-DEU-DE255
C-WEU-DEU,WEU,WEU,WEU,C-WEU-DEU-DE256
C-WEU-DEU,WEU,WEU,WEU,C-WEU-DEU-DE257
C-WEU-DEU,WEU,WEU,WEU,C-WEU-DEU-DE258
C-WEU-DEU,WEU,WEU,WEU,C-WEU-DEU-DE259
C-WEU-DEU,WEU,WEU,WEU,C-WEU-DEU-DE25A
C-WEU-DEU,WEU,WEU,WEU,C-WEU-DEU-DE25B
C-WEU-DEU,WEU,WEU,WEU,C-WEU-DEU-DE25C
C-WEU-DEU,WEU,WEU,WEU,C-WEU-DEU-DE261
C-WEU-DEU,WEU,WEU,WEU,C-WEU-DEU-DE262
C-WEU-DEU,WEU,WEU,WEU,C-WEU-DEU-DE263
C-WEU-DEU,WEU,WEU,WEU,C-WEU-DEU-DE264
C-WEU-DEU,WEU,WEU,WEU,C-WEU-DEU-DE265
C-WEU-DEU,WEU,WEU,WEU,C-WEU-DEU-DE266
C-WEU-DEU,WEU,WEU,WEU,C-WEU-DEU-DE267
C-WEU-DEU,WEU,WEU,WEU,C-WEU-DEU-DE268
C-WEU-DEU,WEU,WEU,WEU,C-WEU-DEU-DE269
C-WEU-DEU,WEU,WEU,WEU,C-WEU-DEU-DE26A
C-WEU-DEU,WEU,WEU,WEU,C-WEU-DEU-DE26B
C-WEU-DEU,WEU,WEU,WEU,C-WEU-DEU-DE26C
C-WEU-DEU,WEU,WEU,WEU,C-WEU-DEU-DE271
C-WEU-DEU,WEU,WEU,WEU,C-WEU-DEU-DE272
C-WEU-DEU,WEU,WEU,WEU,C-WEU-DEU-DE273
C-WEU-DEU,WEU,WEU,WEU,C-WEU-DEU-DE274
C-WEU-DEU,WEU,WEU,WEU,C-WEU-DEU-DE275
C-WEU-DEU,WEU,WEU,WEU,C-WEU-DEU-DE276
C-WEU-DEU,WEU,WEU,WEU,C-WEU-DEU-DE277
C-WEU-DEU,WEU,WEU,WEU,C-WEU-DEU-DE278
C-WEU-DEU,WEU,WEU,WEU,C-WEU-DEU-DE279
C-WEU-DEU,WEU,WEU,WEU,C-WEU-DEU-DE27A
C-WEU-DEU,WEU,WEU,WEU,C-WEU-DEU-DE27B
C-WEU-DEU,WEU,WEU,WEU,C-WEU-DEU-DE27C
C-WEU-DEU,WEU,WEU,WEU,C-WEU-DEU-DE27D
C-WEU-DEU,WEU,WEU,WEU,C-WEU-DEU-DE27E
C-WEU-DEU,WEU,WEU,WEU,C-WEU-DEU-DE300
C-WEU-DEU,WEU,WEU,WEU,C-WEU-DEU-DE401
C-WEU-DEU,WEU,WEU,WEU,C-WEU-DEU-DE402
C-WEU-DEU,WEU,WEU,WEU,C-WEU-DEU-DE403
C-WEU-DEU,WEU,WEU,WEU,C-WEU-DEU-DE404
C-WEU-DEU,WEU,WEU,WEU,C-WEU-DEU-DE405
C-WEU-DEU,WEU,WEU,WEU,C-WEU-DEU-DE406
C-WEU-DEU,WEU,WEU,WEU,C-WEU-DEU-DE407
C-WEU-DEU,WEU,WEU,WEU,C-WEU-DEU-DE408
C-WEU-DEU,WEU,WEU,WEU,C-WEU-DEU-DE409
C-WEU-DEU,WEU,WEU,WEU,C-WEU-DEU-DE40A
C-WEU-DEU,WEU,WEU,WEU,C-WEU-DEU-DE40B
C-WEU-DEU,WEU,WEU,WEU,C-WEU-DEU-DE40C
C-WEU-DEU,WEU,WEU,WEU,C-WEU-DEU-DE40D
C-WEU-DEU,WEU,WEU,WEU,C-WEU-DEU-DE40E
C-WEU-DEU,WEU,WEU,WEU,C-WEU-DEU-DE40F
C-WEU-DEU,WEU,WEU,WEU,C-WEU-DEU-DE40G
C-WEU-DEU,WEU,WEU,WEU,C-WEU-DEU-DE40H
C-WEU-DEU,WEU,WEU,WEU,C-WEU-DEU-DE40I
C-WEU-DEU,WEU,WEU,WEU,C-WEU-DEU-DE501
C-WEU-DEU,WEU,WEU,WEU,C-WEU-DEU-DE502
C-WEU-DEU,WEU,WEU,WEU,C-WEU-DEU-DE600
C-WEU-DEU,WEU,WEU,WEU,C-WEU-DEU-DE711
C-WEU-DEU,WEU,WEU,WEU,C-WEU-DEU-DE712
C-WEU-DEU,WEU,WEU,WEU,C-WEU-DEU-DE713
C-WEU-DEU,WEU,WEU,WEU,C-WEU-DEU-DE714
C-WEU-DEU,WEU,WEU,WEU,C-WEU-DEU-DE715
C-WEU-DEU,WEU,WEU,WEU,C-WEU-DEU-DE716
C-WEU-DEU,WEU,WEU,WEU,C-WEU-DEU-DE717
C-WEU-DEU,WEU,WEU,WEU,C-WEU-DEU-DE718
C-WEU-DEU,WEU,WEU,WEU,C-WEU-DEU-DE719
C-WEU-DEU,WEU,WEU,WEU,C-WEU-DEU-DE71A
C-WEU-DEU,WEU,WEU,WEU,C-WEU-DEU-DE71B
C-WEU-DEU,WEU,WEU,WEU,C-WEU-DEU-DE71C
C-WEU-DEU,WEU,WEU,WEU,C-WEU-DEU-DE71D
C-WEU-DEU,WEU,WEU,WEU,C-WEU-DEU-DE71E
C-WEU-DEU,WEU,WEU,WEU,C-WEU-DEU-DE721
C-WEU-DEU,WEU,WEU,WEU,C-WEU-DEU-DE722
C-WEU-DEU,WEU,WEU,WEU,C-WEU-DEU-DE723
C-WEU-DEU,WEU,WEU,WEU,C-WEU-DEU-DE724
C-WEU-DEU,WEU,WEU,WEU,C-WEU-DEU-DE725
C-WEU-DEU,WEU,WEU,WEU,C-WEU-DEU-DE731
C-WEU-DEU,WEU,WEU,WEU,C-WEU-DEU-DE732
C-WEU-DEU,WEU,WEU,WEU,C-WEU-DEU-DE733
C-WEU-DEU,WEU,WEU,WEU,C-WEU-DEU-DE734
C-WEU-DEU,WEU,WEU,WEU,C-WEU-DEU-DE735
C-WEU-DEU,WEU,WEU,WEU,C-WEU-DEU-DE736
C-WEU-DEU,WEU,WEU,WEU,C-WEU-DEU-DE737
C-WEU-DEU,WEU,WEU,WEU,C-WEU-DEU-DE803
C-WEU-DEU,WEU,WEU,WEU,C-WEU-DEU-DE804
C-WEU-DEU,WEU,WEU,WEU,C-WEU-DEU-DE80J
C-WEU-DEU,WEU,WEU,WEU,C-WEU-DEU-DE80K
C-WEU-DEU,WEU,WEU,WEU,C-WEU-DEU-DE80L
C-WEU-DEU,WEU,WEU,WEU,C-WEU-DEU-DE80M
C-WEU-DEU,WEU,WEU,WEU,C-WEU-DEU-DE80N
C-WEU-DEU,WEU,WEU,WEU,C-WEU-DEU-DE80O
C-WEU-DEU,WEU,WEU,WEU,C-WEU-DEU-DE911
C-WEU-DEU,WEU,WEU,WEU,C-WEU-DEU-DE912
C-WEU-DEU,WEU,WEU,WEU,C-WEU-DEU-DE913
C-WEU-DEU,WEU,WEU,WEU,C-WEU-DEU-DE914
C-WEU-DEU,WEU,WEU,WEU,C-WEU-DEU-DE916
C-WEU-DEU,WEU,WEU,WEU,C-WEU-DEU-DE917
C-WEU-DEU,WEU,WEU,WEU,C-WEU-DEU-DE918
C-WEU-DEU,WEU,WEU,WEU,C-WEU-DEU-DE91A
C-WEU-DEU,WEU,WEU,WEU,C-WEU-DEU-DE91B
C-WEU-DEU,WEU,WEU,WEU,C-WEU-DEU-DE91C
C-WEU-DEU,WEU,WEU,WEU,C-WEU-DEU-DE922
C-WEU-DEU,WEU,WEU,WEU,C-WEU-DEU-DE923
C-WEU-DEU,WEU,WEU,WEU,C-WEU-DEU-DE925
C-WEU-DEU,WEU,WEU,WEU,C-WEU-DEU-DE926
C-WEU-DEU,WEU,WEU,WEU,C-WEU-DEU-DE927
C-WEU-DEU,WEU,WEU,WEU,C-WEU-DEU-DE928
C-WEU-DEU,WEU,WEU,WEU,C-WEU-DEU-DE929
C-WEU-DEU,WEU,WEU,WEU,C-WEU-DEU-DE931
C-WEU-DEU,WEU,WEU,WEU,C-WEU-DEU-DE932
C-WEU-DEU,WEU,WEU,WEU,C-WEU-DEU-DE933
C-WEU-DEU,WEU,WEU,WEU,C-WEU-DEU-DE934
C-WEU-DEU,WEU,WEU,WEU,C-WEU-DEU-DE935
C-WEU-DEU,WEU,WEU,WEU,C-WEU-DEU-DE936
C-WEU-DEU,WEU,WEU,WEU,C-WEU-DEU-DE937
C-WEU-DEU,WEU,WEU,WEU,C-WEU-DEU-DE938
C-WEU-DEU,WEU,WEU,WEU,C-WEU-DEU-DE939
C-WEU-DEU,WEU,WEU,WEU,C-WEU-DEU-DE93A
C-WEU-DEU,WEU,WEU,WEU,C-WEU-DEU-DE93B
C-WEU-DEU,WEU,WEU,WEU,C-WEU-DEU-DE941
C-WEU-DEU,WEU,WEU,WEU,C-WEU-DEU-DE942
C-WEU-DEU,WEU,WEU,WEU,C-WEU-DEU-DE943
C-WEU-DEU,WEU,WEU,WEU,C-WEU-DEU-DE944
C-WEU-DEU,WEU,WEU,WEU,C-WEU-DEU-DE945
C-WEU-DEU,WEU,WEU,WEU,C-WEU-DEU-DE946
C-WEU-DEU,WEU,WEU,WEU,C-WEU-DEU-DE947
C-WEU-DEU,WEU,WEU,WEU,C-WEU-DEU-DE948
C-WEU-DEU,WEU,WEU,WEU,C-WEU-DEU-DE949
C-WEU-DEU,WEU,WEU,WEU,C-WEU-DEU-DE94A
C-WEU-DEU,WEU,WEU,WEU,C-WEU-DEU-DE94B
C-WEU-DEU,WEU,WEU,WEU,C-WEU-DEU-DE94C
C-WEU-DEU,WEU,WEU,WEU,C-WEU-DEU-DE94D
C-WEU-DEU,WEU,WEU,WEU,C-WEU-DEU-DE94E
C-WEU-DEU,WEU,WEU,WEU,C-WEU-DEU-DE94F
C-WEU-DEU,WEU,WEU,WEU,C-WEU-DEU-DE94G
C-WEU-DEU,WEU,WEU,WEU,C-WEU-DEU-DE94H
C-WEU-DEU,WEU,WEU,WEU,C-WEU-DEU-DEA11
C-WEU-DEU,WEU,WEU,WEU,C-WEU-DEU-DEA12
C-WEU-DEU,WEU,WEU,WEU,C-WEU-DEU-DEA13
C-WEU-DEU,WEU,WEU,WEU,C-WEU-DEU-DEA14
C-WEU-DEU,WEU,WEU,WEU,C-WEU-DEU-DEA15
C-WEU-DEU,WEU,WEU,WEU,C-WEU-DEU-DEA16
C-WEU-DEU,WEU,WEU,WEU,C-WEU-DEU-DEA17
C-WEU-DEU,WEU,WEU,WEU,C-WEU-DEU-DEA18
C-WEU-DEU,WEU,WEU,WEU,C-WEU-DEU-DEA19
C-WEU-DEU,WEU,WEU,WEU,C-WEU-DEU-DEA1A
C-WEU-DEU,WEU,WEU,WEU,C-WEU-DEU-DEA1B
C-WEU-DEU,WEU,WEU,WEU,C-WEU-DEU-DEA1C
C-WEU-DEU,WEU,WEU,WEU,C-WEU-DEU-DEA1D
C-WEU-DEU,WEU,WEU,WEU,C-WEU-DEU-DEA1E
C-WEU-DEU,WEU,WEU,WEU,C-WEU-DEU-DEA1F
C-WEU-DEU,WEU,WEU,WEU,C-WEU-DEU-DEA22
C-WEU-DEU,WEU,WEU,WEU,C-WEU-DEU-DEA23
C-WEU-DEU,WEU,WEU,WEU,C-WEU-DEU-DEA24
C-WEU-DEU,WEU,WEU,WEU,C-WEU-DEU-DEA26
C-WEU-DEU,WEU,WEU,WEU,C-WEU-DEU-DEA27
C-WEU-DEU,WEU,WEU,WEU,C-WEU-DEU-DEA28
C-WEU-DEU,WEU,WEU,WEU,C-WEU-DEU-DEA29
C-WEU-DEU,WEU,WEU,WEU,C-WEU-DEU-DEA2A
C-WEU-DEU,WEU,WEU,WEU,C-WEU-DEU-DEA2B
C-WEU-DEU,WEU,WEU,WEU,C-WEU-DEU-DEA2C
C-WEU-DEU,WEU,WEU,WEU,C-WEU-DEU-DEA2D
C-WEU-DEU,WEU,WEU,WEU,C-WEU-DEU-DEA31
C-WEU-DEU,WEU,WEU,WEU,C-WEU-DEU-DEA32
C-WEU-DEU,WEU,WEU,WEU,C-WEU-DEU-DEA33
C-WEU-DEU,WEU,WEU,WEU,C-WEU-DEU-DEA34
C-WEU-DEU,WEU,WEU,WEU,C-WEU-DEU-DEA35
C-WEU-DEU,WEU,WEU,WEU,C-WEU-DEU-DEA36
C-WEU-DEU,WEU,WEU,WEU,C-WEU-DEU-DEA37
C-WEU-DEU,WEU,WEU,WEU,C-WEU-DEU-DEA38
C-WEU-DEU,WEU,WEU,WEU,C-WEU-DEU-DEA41
C-WEU-DEU,WEU,WEU,WEU,C-WEU-DEU-DEA42
C-WEU-DEU,WEU,WEU,WEU,C-WEU-DEU-DEA43
C-WEU-DEU,WEU,WEU,WEU,C-WEU-DEU-DEA44
C-WEU-DEU,WEU,WEU,WEU,C-WEU-DEU-DEA45
C-WEU-DEU,WEU,WEU,WEU,C-WEU-DEU-DEA46
C-WEU-DEU,WEU,WEU,WEU,C-WEU-DEU-DEA47
C-WEU-DEU,WEU,WEU,WEU,C-WEU-DEU-DEA51
C-WEU-DEU,WEU,WEU,WEU,C-WEU-DEU-DEA52
C-WEU-DEU,WEU,WEU,WEU,C-WEU-DEU-DEA53
C-WEU-DEU,WEU,WEU,WEU,C-WEU-DEU-DEA54
C-WEU-DEU,WEU,WEU,WEU,C-WEU-DEU-DEA55
C-WEU-DEU,WEU,WEU,WEU,C-WEU-DEU-DEA56
C-WEU-DEU,WEU,WEU,WEU,C-WEU-DEU-DEA57
C-WEU-DEU,WEU,WEU,WEU,C-WEU-DEU-DEA58
C-WEU-DEU,WEU,WEU,WEU,C-WEU-DEU-DEA59
C-WEU-DEU,WEU,WEU,WEU,C-WEU-DEU-DEA5A
C-WEU-DEU,WEU,WEU,WEU,C-WEU-DEU-DEA5B
C-WEU-DEU,WEU,WEU,WEU,C-WEU-DEU-DEA5C
C-WEU-DEU,WEU,WEU,WEU,C-WEU-DEU-DEB11
C-WEU-DEU,WEU,WEU,WEU,C-WEU-DEU-DEB12
C-WEU-DEU,WEU,WEU,WEU,C-WEU-DEU-DEB13
C-WEU-DEU,WEU,WEU,WEU,C-WEU-DEU-DEB14
C-WEU-DEU,WEU,WEU,WEU,C-WEU-DEU-DEB15
C-WEU-DEU,WEU,WEU,WEU,C-WEU-DEU-DEB17
C-WEU-DEU,WEU,WEU,WEU,C-WEU-DEU-DEB18
C-WEU-DEU,WEU,WEU,WEU,C-WEU-DEU-DEB1A
C-WEU-DEU,WEU,WEU,WEU,C-WEU-DEU-DEB1B
C-WEU-DEU,WEU,WEU,WEU,C-WEU-DEU-DEB1C
C-WEU-DEU,WEU,WEU,WEU,C-WEU-DEU-DEB1D
C-WEU-DEU,WEU,WEU,WEU,C-WEU-DEU-DEB21
C-WEU-DEU,WEU,WEU,WEU,C-WEU-DEU-DEB22
C-WEU-DEU,WEU,WEU,WEU,C-WEU-DEU-DEB23
C-WEU-DEU,WEU,WEU,WEU,C-WEU-DEU-DEB24
C-WEU-DEU,WEU,WEU,WEU,C-WEU-DEU-DEB25
C-WEU-DEU,WEU,WEU,WEU,C-WEU-DEU-DEB31
C-WEU-DEU,WEU,WEU,WEU,C-WEU-DEU-DEB32
C-WEU-DEU,WEU,WEU,WEU,C-WEU-DEU-DEB33
C-WEU-DEU,WEU,WEU,WEU,C-WEU-DEU-DEB34
C-WEU-DEU,WEU,WEU,WEU,C-WEU-DEU-DEB35
C-WEU-DEU,WEU,WEU,WEU,C-WEU-DEU-DEB36
C-WEU-DEU,WEU,WEU,WEU,C-WEU-DEU-DEB37
C-WEU-DEU,WEU,WEU,WEU,C-WEU-DEU-DEB38
C-WEU-DEU,WEU,WEU,WEU,C-WEU-DEU-DEB39
C-WEU-DEU,WEU,WEU,WEU,C-WEU-DEU-DEB3A
C-WEU-DEU,WEU,WEU,WEU,C-WEU-DEU-DEB3B
C-WEU-DEU,WEU,WEU,WEU,C-WEU-DEU-DEB3C
C-WEU-DEU,WEU,WEU,WEU,C-WEU-DEU-DEB3D
C-WEU-DEU,WEU,WEU,WEU,C-WEU-DEU-DEB3E
C-WEU-DEU,WEU,WEU,WEU,C-WEU-DEU-DEB3F
C-WEU-DEU,WEU,WEU,WEU,C-WEU-DEU-DEB3G
C-WEU-DEU,WEU,WEU,WEU,C-WEU-DEU-DEB3H
C-WEU-DEU,WEU,WEU,WEU,C-WEU-DEU-DEB3I
C-WEU-DEU,WEU,WEU,WEU,C-WEU-DEU-DEB3J
C-WEU-DEU,WEU,WEU,WEU,C-WEU-DEU-DEB3K
C-WEU-DEU,WEU,WEU,WEU,C-WEU-DEU-DEC01
C-WEU-DEU,WEU,WEU,WEU,C-WEU-DEU-DEC02
C-WEU-DEU,WEU,WEU,WEU,C-WEU-DEU-DEC03
C-WEU-DEU,WEU,WEU,WEU,C-WEU-DEU-DEC04
C-WEU-DEU,WEU,WEU,WEU,C-WEU-DEU-DEC05
C-WEU-DEU,WEU,WEU,WEU,C-WEU-DEU-DEC06
C-WEU-DEU,WEU,WEU,WEU,C-WEU-DEU-DED21
C-WEU-DEU,WEU,WEU,WEU,C-WEU-DEU-DED2C
C-WEU-DEU,WEU,WEU,WEU,C-WEU-DEU-DED2D
C-WEU-DEU,WEU,WEU,WEU,C-WEU-DEU-DED2E
C-WEU-DEU,WEU,WEU,WEU,C-WEU-DEU-DED2F
C-WEU-DEU,WEU,WEU,WEU,C-WEU-DEU-DED41
C-WEU-DEU,WEU,WEU,WEU,C-WEU-DEU-DED42
C-WEU-DEU,WEU,WEU,WEU,C-WEU-DEU-DED43
C-WEU-DEU,WEU,WEU,WEU,C-WEU-DEU-DED44
C-WEU-DEU,WEU,WEU,WEU,C-WEU-DEU-DED45
C-WEU-DEU,WEU,WEU,WEU,C-WEU-DEU-DED51
C-WEU-DEU,WEU,WEU,WEU,C-WEU-DEU-DED52
C-WEU-DEU,WEU,WEU,WEU,C-WEU-DEU-DED53
C-WEU-DEU,WEU,WEU,WEU,C-WEU-DEU-DEE01
C-WEU-DEU,WEU,WEU,WEU,C-WEU-DEU-DEE02
C-WEU-DEU,WEU,WEU,WEU,C-WEU-DEU-DEE03
C-WEU-DEU,WEU,WEU,WEU,C-WEU-DEU-DEE04
C-WEU-DEU,WEU,WEU,WEU,C-WEU-DEU-DEE05
C-WEU-DEU,WEU,WEU,WEU,C-WEU-DEU-DEE06
C-WEU-DEU,WEU,WEU,WEU,C-WEU-DEU-DEE07
C-WEU-DEU,WEU,WEU,WEU,C-WEU-DEU-DEE08
C-WEU-DEU,WEU,WEU,WEU,C-WEU-DEU-DEE09
C-WEU-DEU,WEU,WEU,WEU,C-WEU-DEU-DEE0A
C-WEU-DEU,WEU,WEU,WEU,C-WEU-DEU-DEE0B
C-WEU-DEU,WEU,WEU,WEU,C-WEU-DEU-DEE0C
C-WEU-DEU,WEU,WEU,WEU,C-WEU-DEU-DEE0D
C-WEU-DEU,WEU,WEU,WEU,C-WEU-DEU-DEE0E
C-WEU-DEU,WEU,WEU,WEU,C-WEU-DEU-DEF01
C-WEU-DEU,WEU,WEU,WEU,C-WEU-DEU-DEF02
C-WEU-DEU,WEU,WEU,WEU,C-WEU-DEU-DEF03
C-WEU-DEU,WEU,WEU,WEU,C-WEU-DEU-DEF04
C-WEU-DEU,WEU,WEU,WEU,C-WEU-DEU-DEF05
C-WEU-DEU,WEU,WEU,WEU,C-WEU-DEU-DEF06
C-WEU-DEU,WEU,WEU,WEU,C-WEU-DEU-DEF07
C-WEU-DEU,WEU,WEU,WEU,C-WEU-DEU-DEF08
C-WEU-DEU,WEU,WEU,WEU,C-WEU-DEU-DEF09
C-WEU-DEU,WEU,WEU,WEU,C-WEU-DEU-DEF0A
C-WEU-DEU,WEU,WEU,WEU,C-WEU-DEU-DEF0B
C-WEU-DEU,WEU,WEU,WEU,C-WEU-DEU-DEF0C
C-WEU-DEU,WEU,WEU,WEU,C-WEU-DEU-DEF0D
C-WEU-DEU,WEU,WEU,WEU,C-WEU-DEU-DEF0E
C-WEU-DEU,WEU,WEU,WEU,C-WEU-DEU-DEF0F
C-WEU-DEU,WEU,WEU,WEU,C-WEU-DEU-DEG01
C-WEU-DEU,WEU,WEU,WEU,C-WEU-DEU-DEG02
C-WEU-DEU,WEU,WEU,WEU,C-WEU-DEU-DEG03
C-WEU-DEU,WEU,WEU,WEU,C-WEU-DEU-DEG05
C-WEU-DEU,WEU,WEU,WEU,C-WEU-DEU-DEG06
C-WEU-DEU,WEU,WEU,WEU,C-WEU-DEU-DEG07
C-WEU-DEU,WEU,WEU,WEU,C-WEU-DEU-DEG09
C-WEU-DEU,WEU,WEU,WEU,C-WEU-DEU-DEG0A
C-WEU-DEU,WEU,WEU,WEU,C-WEU-DEU-DEG0C
C-WEU-DEU,WEU,WEU,WEU,C-WEU-DEU-DEG0D
C-WEU-DEU,WEU,WEU,WEU,C-WEU-DEU-DEG0E
C-WEU-DEU,WEU,WEU,WEU,C-WEU-DEU-DEG0G
C-WEU-DEU,WEU,WEU,WEU,C-WEU-DEU-DEG0J
C-WEU-DEU,WEU,WEU,WEU,C-WEU-DEU-DEG0K
C-WEU-DEU,WEU,WEU,WEU,C-WEU-DEU-DEG0L
C-WEU-DEU,WEU,WEU,WEU,C-WEU-DEU-DEG0M
C-WEU-DEU,WEU,WEU,WEU,C-WEU-DEU-DEG0Q
C-WEU-DEU,WEU,WEU,WEU,C-WEU-DEU-DEG0R
C-WEU-DEU,WEU,WEU,WEU,C-WEU-DEU-DEG0S
C-WEU-DEU,WEU,WEU,WEU,C-WEU-DEU-DEG0T
C-WEU-DEU,WEU,WEU,WEU,C-WEU-DEU-DEG0U
C-WEU-DEU,WEU,WEU,WEU,C-WEU-DEU-DEG0V
C-EEU-EST,EEU,EEU,EEU,C-EEU-EST-EE001
C-EEU-EST,EEU,EEU,EEU,C-EEU-EST-EE004
C-EEU-EST,EEU,EEU,EEU,C-EEU-EST-EE008
C-EEU-EST,EEU,EEU,EEU,C-EEU-EST-EE009
C-EEU-EST,EEU,EEU,EEU,C-EEU-EST-EE00A
C-WEU-IRL,WEU,WEU,WEU,C-WEU-IRL-IE041
C-WEU-IRL,WEU,WEU,WEU,C-WEU-IRL-IE042
C-WEU-IRL,WEU,WEU,WEU,C-WEU-IRL-IE051
C-WEU-IRL,WEU,WEU,WEU,C-WEU-IRL-IE052
C-WEU-IRL,WEU,WEU,WEU,C-WEU-IRL-IE053
C-WEU-IRL,WEU,WEU,WEU,C-WEU-IRL-IE061
C-WEU-IRL,WEU,WEU,WEU,C-WEU-IRL-IE062
C-WEU-IRL,WEU,WEU,WEU,C-WEU-IRL-IE063
C-WEU-GRC,WEU,WEU,WEU,C-WEU-GRC-EL301
C-WEU-GRC,WEU,WEU,WEU,C-WEU-GRC-EL302
C-WEU-GRC,WEU,WEU,WEU,C-WEU-GRC-EL303
C-WEU-GRC,WEU,WEU,WEU,C-WEU-GRC-EL304
C-WEU-GRC,WEU,WEU,WEU,C-WEU-GRC-EL305
C-WEU-GRC,WEU,WEU,WEU,C-WEU-GRC-EL306
C-WEU-GRC,WEU,WEU,WEU,C-WEU-GRC-EL307
C-WEU-GRC,WEU,WEU,WEU,C-WEU-GRC-EL411
C-WEU-GRC,WEU,WEU,WEU,C-WEU-GRC-EL412
C-WEU-GRC,WEU,WEU,WEU,C-WEU-GRC-EL413
C-WEU-GRC,WEU,WEU,WEU,C-WEU-GRC-EL421
C-WEU-GRC,WEU,WEU,WEU,C-WEU-GRC-EL422
C-WEU-GRC,WEU,WEU,WEU,C-WEU-GRC-EL431
C-WEU-GRC,WEU,WEU,WEU,C-WEU-GRC-EL432
C-WEU-GRC,WEU,WEU,WEU,C-WEU-GRC-EL433
C-WEU-GRC,WEU,WEU,WEU,C-WEU-GRC-EL434
C-WEU-GRC,WEU,WEU,WEU,C-WEU-GRC-EL511
C-WEU-GRC,WEU,WEU,WEU,C-WEU-GRC-EL512
C-WEU-GRC,WEU,WEU,WEU,C-WEU-GRC-EL513
C-WEU-GRC,WEU,WEU,WEU,C-WEU-GRC-EL514
C-WEU-GRC,WEU,WEU,WEU,C-WEU-GRC-EL515
C-WEU-GRC,WEU,WEU,WEU,C-WEU-GRC-EL521
C-WEU-GRC,WEU,WEU,WEU,C-WEU-GRC-EL522
C-WEU-GRC,WEU,WEU,WEU,C-WEU-GRC-EL523
C-WEU-GRC,WEU,WEU,WEU,C-WEU-GRC-EL524
C-WEU-GRC,WEU,WEU,WEU,C-WEU-GRC-EL525
C-WEU-GRC,WEU,WEU,WEU,C-WEU-GRC-EL526
C-WEU-GRC,WEU,WEU,WEU,C-WEU-GRC-EL527
C-WEU-GRC,WEU,WEU,WEU,C-WEU-GRC-EL531
C-WEU-GRC,WEU,WEU,WEU,C-WEU-GRC-EL532
C-WEU-GRC,WEU,WEU,WEU,C-WEU-GRC-EL533
C-WEU-GRC,WEU,WEU,WEU,C-WEU-GRC-EL541
C-WEU-GRC,WEU,WEU,WEU,C-WEU-GRC-EL542
C-WEU-GRC,WEU,WEU,WEU,C-WEU-GRC-EL543
C-WEU-GRC,WEU,WEU,WEU,C-WEU-GRC-EL611
C-WEU-GRC,WEU,WEU,WEU,C-WEU-GRC-EL612
C-WEU-GRC,WEU,WEU,WEU,C-WEU-GRC-EL613
C-WEU-GRC,WEU,WEU,WEU,C-WEU-GRC-EL621
C-WEU-GRC,WEU,WEU,WEU,C-WEU-GRC-EL622
C-WEU-GRC,WEU,WEU,WEU,C-WEU-GRC-EL623
C-WEU-GRC,WEU,WEU,WEU,C-WEU-GRC-EL624
C-WEU-GRC,WEU,WEU,WEU,C-WEU-GRC-EL631
C-WEU-GRC,WEU,WEU,WEU,C-WEU-GRC-EL632
C-WEU-GRC,WEU,WEU,WEU,C-WEU-GRC-EL633
C-WEU-GRC,WEU,WEU,WEU,C-WEU-GRC-EL641
C-WEU-GRC,WEU,WEU,WEU,C-WEU-GRC-EL642
C-WEU-GRC,WEU,WEU,WEU,C-WEU-GRC-EL643
C-WEU-GRC,WEU,WEU,WEU,C-WEU-GRC-EL644
C-WEU-GRC,WEU,WEU,WEU,C-WEU-GRC-EL645
C-WEU-GRC,WEU,WEU,WEU,C-WEU-GRC-EL651
C-WEU-GRC,WEU,WEU,WEU,C-WEU-GRC-EL652
C-WEU-GRC,WEU,WEU,WEU,C-WEU-GRC-EL653
C-WEU-ESP,WEU,WEU,WEU,C-WEU-ESP-ES111
C-WEU-ESP,WEU,WEU,WEU,C-WEU-ESP-ES112
C-WEU-ESP,WEU,WEU,WEU,C-WEU-ESP-ES113
C-WEU-ESP,WEU,WEU,WEU,C-WEU-ESP-ES114
C-WEU-ESP,WEU,WEU,WEU,C-WEU-ESP-ES120
C-WEU-ESP,WEU,WEU,WEU,C-WEU-ESP-ES130
C-WEU-ESP,WEU,WEU,WEU,C-WEU-ESP-ES211
C-WEU-ESP,WEU,WEU,WEU,C-WEU-ESP-ES212
C-WEU-ESP,WEU,WEU,WEU,C-WEU-ESP-ES213
C-WEU-ESP,WEU,WEU,WEU,C-WEU-ESP-ES220
C-WEU-ESP,WEU,WEU,WEU,C-WEU-ESP-ES230
C-WEU-ESP,WEU,WEU,WEU,C-WEU-ESP-ES241
C-WEU-ESP,WEU,WEU,WEU,C-WEU-ESP-ES242
C-WEU-ESP,WEU,WEU,WEU,C-WEU-ESP-ES243
C-WEU-ESP,WEU,WEU,WEU,C-WEU-ESP-ES300
C-WEU-ESP,WEU,WEU,WEU,C-WEU-ESP-ES411
C-WEU-ESP,WEU,WEU,WEU,C-WEU-ESP-ES412
C-WEU-ESP,WEU,WEU,WEU,C-WEU-ESP-ES413
C-WEU-ESP,WEU,WEU,WEU,C-WEU-ESP-ES414
C-WEU-ESP,WEU,WEU,WEU,C-WEU-ESP-ES415
C-WEU-ESP,WEU,WEU,WEU,C-WEU-ESP-ES416
C-WEU-ESP,WEU,WEU,WEU,C-WEU-ESP-ES417
C-WEU-ESP,WEU,WEU,WEU,C-WEU-ESP-ES418
C-WEU-ESP,WEU,WEU,WEU,C-WEU-ESP-ES419
C-WEU-ESP,WEU,WEU,WEU,C-WEU-ESP-ES421
C-WEU-ESP,WEU,WEU,WEU,C-WEU-ESP-ES422
C-WEU-ESP,WEU,WEU,WEU,C-WEU-ESP-ES423
C-WEU-ESP,WEU,WEU,WEU,C-WEU-ESP-ES424
C-WEU-ESP,WEU,WEU,WEU,C-WEU-ESP-ES425
C-WEU-ESP,WEU,WEU,WEU,C-WEU-ESP-ES431
C-WEU-ESP,WEU,WEU,WEU,C-WEU-ESP-ES432
C-WEU-ESP,WEU,WEU,WEU,C-WEU-ESP-ES511
C-WEU-ESP,WEU,WEU,WEU,C-WEU-ESP-ES512
C-WEU-ESP,WEU,WEU,WEU,C-WEU-ESP-ES513
C-WEU-ESP,WEU,WEU,WEU,C-WEU-ESP-ES514
C-WEU-ESP,WEU,WEU,WEU,C-WEU-ESP-ES521
C-WEU-ESP,WEU,WEU,WEU,C-WEU-ESP-ES522
C-WEU-ESP,WEU,WEU,WEU,C-WEU-ESP-ES523
C-WEU-ESP,WEU,WEU,WEU,C-WEU-ESP-ES531
C-WEU-ESP,WEU,WEU,WEU,C-WEU-ESP-ES532
C-WEU-ESP,WEU,WEU,WEU,C-WEU-ESP-ES533
C-WEU-ESP,WEU,WEU,WEU,C-WEU-ESP-ES611
C-WEU-ESP,WEU,WEU,WEU,C-WEU-ESP-ES612
C-WEU-ESP,WEU,WEU,WEU,C-WEU-ESP-ES613
C-WEU-ESP,WEU,WEU,WEU,C-WEU-ESP-ES614
C-WEU-ESP,WEU,WEU,WEU,C-WEU-ESP-ES615
C-WEU-ESP,WEU,WEU,WEU,C-WEU-ESP-ES616
C-WEU-ESP,WEU,WEU,WEU,C-WEU-ESP-ES617
C-WEU-ESP,WEU,WEU,WEU,C-WEU-ESP-ES618
C-WEU-ESP,WEU,WEU,WEU,C-WEU-ESP-ES620
C-WEU-ESP,WEU,WEU,WEU,C-WEU-ESP-ES630
C-WEU-ESP,WEU,WEU,WEU,C-WEU-ESP-ES640
C-WEU-ESP,WEU,WEU,WEU,C-WEU-ESP-ES703
C-WEU-ESP,WEU,WEU,WEU,C-WEU-ESP-ES704
C-WEU-ESP,WEU,WEU,WEU,C-WEU-ESP-ES705
C-WEU-ESP,WEU,WEU,WEU,C-WEU-ESP-ES706
C-WEU-ESP,WEU,WEU,WEU,C-WEU-ESP-ES707
C-WEU-ESP,WEU,WEU,WEU,C-WEU-ESP-ES708
C-WEU-ESP,WEU,WEU,WEU,C-WEU-ESP-ES709
C-WEU-FRA,WEU,WEU,WEU,C-WEU-FRA-FR101
C-WEU-FRA,WEU,WEU,WEU,C-WEU-FRA-FR102
C-WEU-FRA,WEU,WEU,WEU,C-WEU-FRA-FR103
C-WEU-FRA,WEU,WEU,WEU,C-WEU-FRA-FR104
C-WEU-FRA,WEU,WEU,WEU,C-WEU-FRA-FR105
C-WEU-FRA,WEU,WEU,WEU,C-WEU-FRA-FR106
C-WEU-FRA,WEU,WEU,WEU,C-WEU-FRA-FR107
C-WEU-FRA,WEU,WEU,WEU,C-WEU-FRA-FR108
C-WEU-FRA,WEU,WEU,WEU,C-WEU-FRA-FRB01
C-WEU-FRA,WEU,WEU,WEU,C-WEU-FRA-FRB02
C-WEU-FRA,WEU,WEU,WEU,C-WEU-FRA-FRB03
C-WEU-FRA,WEU,WEU,WEU,C-WEU-FRA-FRB04
C-WEU-FRA,WEU,WEU,WEU,C-WEU-FRA-FRB05
C-WEU-FRA,WEU,WEU,WEU,C-WEU-FRA-FRB06
C-WEU-FRA,WEU,WEU,WEU,C-WEU-FRA-FRC11
C-WEU-FRA,WEU,WEU,WEU,C-WEU-FRA-FRC12
C-WEU-FRA,WEU,WEU,WEU,C-WEU-FRA-FRC13
C-WEU-FRA,WEU,WEU,WEU,C-WEU-FRA-FRC14
C-WEU-FRA,WEU,WEU,WEU,C-WEU-FRA-FRC21
C-WEU-FRA,WEU,WEU,WEU,C-WEU-FRA-FRC22
C-WEU-FRA,WEU,WEU,WEU,C-WEU-FRA-FRC23
C-WEU-FRA,WEU,WEU,WEU,C-WEU-FRA-FRC24
C-WEU-FRA,WEU,WEU,WEU,C-WEU-FRA-FRD11
C-WEU-FRA,WEU,WEU,WEU,C-WEU-FRA-FRD12
C-WEU-FRA,WEU,WEU,WEU,C-WEU-FRA-FRD13
C-WEU-FRA,WEU,WEU,WEU,C-WEU-FRA-FRD21
C-WEU-FRA,WEU,WEU,WEU,C-WEU-FRA-FRD22
C-WEU-FRA,WEU,WEU,WEU,C-WEU-FRA-FRE11
C-WEU-FRA,WEU,WEU,WEU,C-WEU-FRA-FRE12
C-WEU-FRA,WEU,WEU,WEU,C-WEU-FRA-FRE21
C-WEU-FRA,WEU,WEU,WEU,C-WEU-FRA-FRE22
C-WEU-FRA,WEU,WEU,WEU,C-WEU-FRA-FRE23
C-WEU-FRA,WEU,WEU,WEU,C-WEU-FRA-FRF11
C-WEU-FRA,WEU,WEU,WEU,C-WEU-FRA-FRF12
C-WEU-FRA,WEU,WEU,WEU,C-WEU-FRA-FRF21
C-WEU-FRA,WEU,WEU,WEU,C-WEU-FRA-FRF22
C-WEU-FRA,WEU,WEU,WEU,C-WEU-FRA-FRF23
C-WEU-FRA,WEU,WEU,WEU,C-WEU-FRA-FRF24
C-WEU-FRA,WEU,WEU,WEU,C-WEU-FRA-FRF31
C-WEU-FRA,WEU,WEU,WEU,C-WEU-FRA-FRF32
C-WEU-FRA,WEU,WEU,WEU,C-WEU-FRA-FRF33
C-WEU-FRA,WEU,WEU,WEU,C-WEU-FRA-FRF34
C-WEU-FRA,WEU,WEU,WEU,C-WEU-FRA-FRG01
C-WEU-FRA,WEU,WEU,WEU,C-WEU-FRA-FRG02
C-WEU-FRA,WEU,WEU,WEU,C-WEU-FRA-FRG03
C-WEU-FRA,WEU,WEU,WEU,C-WEU-FRA-FRG04
C-WEU-FRA,WEU,WEU,WEU,C-WEU-FRA-FRG05
C-WEU-FRA,WEU,WEU,WEU,C-WEU-FRA-FRH01
C-WEU-FRA,WEU,WEU,WEU,C-WEU-FRA-FRH02
C-WEU-FRA,WEU,WEU,WEU,C-WEU-FRA-FRH03
C-WEU-FRA,WEU,WEU,WEU,C-WEU-FRA-FRH04
C-WEU-FRA,WEU,WEU,WEU,C-WEU-FRA-FRI11
C-WEU-FRA,WEU,WEU,WEU,C-WEU-FRA-FRI12
C-WEU-FRA,WEU,WEU,WEU,C-WEU-FRA-FRI13
C-WEU-FRA,WEU,WEU,WEU,C-WEU-FRA-FRI14
C-WEU-FRA,WEU,WEU,WEU,C-WEU-FRA-FRI15
C-WEU-FRA,WEU,WEU,WEU,C-WEU-FRA-FRI21
C-WEU-FRA,WEU,WEU,WEU,C-WEU-FRA-FRI22
C-WEU-FRA,WEU,WEU,WEU,C-WEU-FRA-FRI23
C-WEU-FRA,WEU,WEU,WEU,C-WEU-FRA-FRI31
C-WEU-FRA,WEU,WEU,WEU,C-WEU-FRA-FRI32
C-WEU-FRA,WEU,WEU,WEU,C-WEU-FRA-FRI33
C-WEU-FRA,WEU,WEU,WEU,C-WEU-FRA-FRI34
C-WEU-FRA,WEU,WEU,WEU,C-WEU-FRA-FRJ11
C-WEU-FRA,WEU,WEU,WEU,C-WEU-FRA-FRJ12
C-WEU-FRA,WEU,WEU,WEU,C-WEU-FRA-FRJ13
C-WEU-FRA,WEU,WEU,WEU,C-WEU-FRA-FRJ14
C-WEU-FRA,WEU,WEU,WEU,C-WEU-FRA-FRJ15
C-WEU-FRA,WEU,WEU,WEU,C-WEU-FRA-FRJ21
C-WEU-FRA,WEU,WEU,WEU,C-WEU-FRA-FRJ22
C-WEU-FRA,WEU,WEU,WEU,C-WEU-FRA-FRJ23
C-WEU-FRA,WEU,WEU,WEU,C-WEU-FRA-FRJ24
C-WEU-FRA,WEU,WEU,WEU,C-WEU-FRA-FRJ25
C-WEU-FRA,WEU,WEU,WEU,C-WEU-FRA-FRJ26
C-WEU-FRA,WEU,WEU,WEU,C-WEU-FRA-FRJ27
C-WEU-FRA,WEU,WEU,WEU,C-WEU-FRA-FRJ28
C-WEU-FRA,WEU,WEU,WEU,C-WEU-FRA-FRK11
C-WEU-FRA,WEU,WEU,WEU,C-WEU-FRA-FRK12
C-WEU-FRA,WEU,WEU,WEU,C-WEU-FRA-FRK13
C-WEU-FRA,WEU,WEU,WEU,C-WEU-FRA-FRK14
C-WEU-FRA,WEU,WEU,WEU,C-WEU-FRA-FRK21
C-WEU-FRA,WEU,WEU,WEU,C-WEU-FRA-FRK22
C-WEU-FRA,WEU,WEU,WEU,C-WEU-FRA-FRK23
C-WEU-FRA,WEU,WEU,WEU,C-WEU-FRA-FRK24
C-WEU-FRA,WEU,WEU,WEU,C-WEU-FRA-FRK25
C-WEU-FRA,WEU,WEU,WEU,C-WEU-FRA-FRK26
C-WEU-FRA,WEU,WEU,WEU,C-WEU-FRA-FRK27
C-WEU-FRA,WEU,WEU,WEU,C-WEU-FRA-FRK28
C-WEU-FRA,WEU,WEU,WEU,C-WEU-FRA-FRL01
C-WEU-FRA,WEU,WEU,WEU,C-WEU-FRA-FRL02
C-WEU-FRA,WEU,WEU,WEU,C-WEU-FRA-FRL03
C-WEU-FRA,WEU,WEU,WEU,C-WEU-FRA-FRL04
C-WEU-FRA,WEU,WEU,WEU,C-WEU-FRA-FRL05
C-WEU-FRA,WEU,WEU,WEU,C-WEU-FRA-FRL06
C-WEU-FRA,WEU,WEU,WEU,C-WEU-FRA-FRM01
C-WEU-FRA,WEU,WEU,WEU,C-WEU-FRA-FRM02
C-WEU-FRA,WEU,WEU,WEU,C-WEU-FRA-FRY10
C-WEU-FRA,WEU,WEU,WEU,C-WEU-FRA-FRY20
C-WEU-FRA,WEU,WEU,WEU,C-WEU-FRA-FRY30
C-WEU-FRA,WEU,WEU,WEU,C-WEU-FRA-FRY40
C-WEU-FRA,WEU,WEU,WEU,C-WEU-FRA-FRY50
C-EEU-HRV,EEU,EEU,EEU,C-EEU-HRV-HR021
C-EEU-HRV,EEU,EEU,EEU,C-EEU-HRV-HR022
C-EEU-HRV,EEU,EEU,EEU,C-EEU-HRV-HR023
C-EEU-HRV,EEU,EEU,EEU,C-EEU-HRV-HR024
C-EEU-HRV,EEU,EEU,EEU,C-EEU-HRV-HR025
C-EEU-HRV,EEU,EEU,EEU,C-EEU-HRV-HR026
C-EEU-HRV,EEU,EEU,EEU,C-EEU-HRV-HR027
C-EEU-HRV,EEU,EEU,EEU,C-EEU-HRV-HR028
C-EEU-HRV,EEU,EEU,EEU,C-EEU-HRV-HR031
C-EEU-HRV,EEU,EEU,EEU,C-EEU-HRV-HR032
C-EEU-HRV,EEU,EEU,EEU,C-EEU-HRV-HR033
C-EEU-HRV,EEU,EEU,EEU,C-EEU-HRV-HR034
C-EEU-HRV,EEU,EEU,EEU,C-EEU-HRV-HR035
C-EEU-HRV,EEU,EEU,EEU,C-EEU-HRV-HR036
C-EEU-HRV,EEU,EEU,EEU,C-EEU-HRV-HR037
C-EEU-HRV,EEU,EEU,EEU,C-EEU-HRV-HR050
C-EEU-HRV,EEU,EEU,EEU,C-EEU-HRV-HR061
C-EEU-HRV,EEU,EEU,EEU,C-EEU-HRV-HR062
C-EEU-HRV,EEU,EEU,EEU,C-EEU-HRV-HR063
C-EEU-HRV,EEU,EEU,EEU,C-EEU-HRV-HR064
C-EEU-HRV,EEU,EEU,EEU,C-EEU-HRV-HR065
C-WEU-ITA,WEU,WEU,WEU,C-WEU-ITA-ITC11
C-WEU-ITA,WEU,WEU,WEU,C-WEU-ITA-ITC12
C-WEU-ITA,WEU,WEU,WEU,C-WEU-ITA-ITC13
C-WEU-ITA,WEU,WEU,WEU,C-WEU-ITA-ITC14
C-WEU-ITA,WEU,WEU,WEU,C-WEU-ITA-ITC15
C-WEU-ITA,WEU,WEU,WEU,C-WEU-ITA-ITC16
C-WEU-ITA,WEU,WEU,WEU,C-WEU-ITA-ITC17
C-WEU-ITA,WEU,WEU,WEU,C-WEU-ITA-ITC18
C-WEU-ITA,WEU,WEU,WEU,C-WEU-ITA-ITC20
C-WEU-ITA,WEU,WEU,WEU,C-WEU-ITA-ITC31
C-WEU-ITA,WEU,WEU,WEU,C-WEU-ITA-ITC32
C-WEU-ITA,WEU,WEU,WEU,C-WEU-ITA-ITC33
C-WEU-ITA,WEU,WEU,WEU,C-WEU-ITA-ITC34
C-WEU-ITA,WEU,WEU,WEU,C-WEU-ITA-ITC41
C-WEU-ITA,WEU,WEU,WEU,C-WEU-ITA-ITC42
C-WEU-ITA,WEU,WEU,WEU,C-WEU-ITA-ITC43
C-WEU-ITA,WEU,WEU,WEU,C-WEU-ITA-ITC44
C-WEU-ITA,WEU,WEU,WEU,C-WEU-ITA-ITC46
C-WEU-ITA,WEU,WEU,WEU,C-WEU-ITA-ITC47
C-WEU-ITA,WEU,WEU,WEU,C-WEU-ITA-ITC48
C-WEU-ITA,WEU,WEU,WEU,C-WEU-ITA-ITC49
C-WEU-ITA,WEU,WEU,WEU,C-WEU-ITA-ITC4A
C-WEU-ITA,WEU,WEU,WEU,C-WEU-ITA-ITC4B
C-WEU-ITA,WEU,WEU,WEU,C-WEU-ITA-ITC4C
C-WEU-ITA,WEU,WEU,WEU,C-WEU-ITA-ITC4D
C-WEU-ITA,WEU,WEU,WEU,C-WEU-ITA-ITF11
C-WEU-ITA,WEU,WEU,WEU,C-WEU-ITA-ITF12
C-WEU-ITA,WEU,WEU,WEU,C-WEU-ITA-ITF13
C-WEU-ITA,WEU,WEU,WEU,C-WEU-ITA-ITF14
C-WEU-ITA,WEU,WEU,WEU,C-WEU-ITA-ITF21
C-WEU-ITA,WEU,WEU,WEU,C-WEU-ITA-ITF22
C-WEU-ITA,WEU,WEU,WEU,C-WEU-ITA-ITF31
C-WEU-ITA,WEU,WEU,WEU,C-WEU-ITA-ITF32
C-WEU-ITA,WEU,WEU,WEU,C-WEU-ITA-ITF33
C-WEU-ITA,WEU,WEU,WEU,C-WEU-ITA-ITF34
C-WEU-ITA,WEU,WEU,WEU,C-WEU-ITA-ITF35
C-WEU-ITA,WEU,WEU,WEU,C-WEU-ITA-ITF43
C-WEU-ITA,WEU,WEU,WEU,C-WEU-ITA-ITF44
C-WEU-ITA,WEU,WEU,WEU,C-WEU-ITA-ITF45
C-WEU-ITA,WEU,WEU,WEU,C-WEU-ITA-ITF46
C-WEU-ITA,WEU,WEU,WEU,C-WEU-ITA-ITF47
C-WEU-ITA,WEU,WEU,WEU,C-WEU-ITA-ITF48
C-WEU-ITA,WEU,WEU,WEU,C-WEU-ITA-ITF51
C-WEU-ITA,WEU,WEU,WEU,C-WEU-ITA-ITF52
C-WEU-ITA,WEU,WEU,WEU,C-WEU-ITA-ITF61
C-WEU-ITA,WEU,WEU,WEU,C-WEU-ITA-ITF62
C-WEU-ITA,WEU,WEU,WEU,C-WEU-ITA-ITF63
C-WEU-ITA,WEU,WEU,WEU,C-WEU-ITA-ITF64
C-WEU-ITA,WEU,WEU,WEU,C-WEU-ITA-ITF65
C-WEU-ITA,WEU,WEU,WEU,C-WEU-ITA-ITG11
C-WEU-ITA,WEU,WEU,WEU,C-WEU-ITA-ITG12
C-WEU-ITA,WEU,WEU,WEU,C-WEU-ITA-ITG13
C-WEU-ITA,WEU,WEU,WEU,C-WEU-ITA-ITG14
C-WEU-ITA,WEU,WEU,WEU,C-WEU-ITA-ITG15
C-WEU-ITA,WEU,WEU,WEU,C-WEU-ITA-ITG16
C-WEU-ITA,WEU,WEU,WEU,C-WEU-ITA-ITG17
C-WEU-ITA,WEU,WEU,WEU,C-WEU-ITA-ITG18
C-WEU-ITA,WEU,WEU,WEU,C-WEU-ITA-ITG19
C-WEU-ITA,WEU,WEU,WEU,C-WEU-ITA-ITG2D
C-WEU-ITA,WEU,WEU,WEU,C-WEU-ITA-ITG2E
C-WEU-ITA,WEU,WEU,WEU,C-WEU-ITA-ITG2F
C-WEU-ITA,WEU,WEU,WEU,C-WEU-ITA-ITG2G
C-WEU-ITA,WEU,WEU,WEU,C-WEU-ITA-ITG2H
C-WEU-ITA,WEU,WEU,WEU,C-WEU-ITA-ITH10
C-WEU-ITA,WEU,WEU,WEU,C-WEU-ITA-ITH20
C-WEU-ITA,WEU,WEU,WEU,C-WEU-ITA-ITH31
C-WEU-ITA,WEU,WEU,WEU,C-WEU-ITA-ITH32
C-WEU-ITA,WEU,WEU,WEU,C-WEU-ITA-ITH33
C-WEU-ITA,WEU,WEU,WEU,C-WEU-ITA-ITH34
C-WEU-ITA,WEU,WEU,WEU,C-WEU-ITA-ITH35
C-WEU-ITA,WEU,WEU,WEU,C-WEU-ITA-ITH36
C-WEU-ITA,WEU,WEU,WEU,C-WEU-ITA-ITH37
C-WEU-ITA,WEU,WEU,WEU,C-WEU-ITA-ITH41
C-WEU-ITA,WEU,WEU,WEU,C-WEU-ITA-ITH42
C-WEU-ITA,WEU,WEU,WEU,C-WEU-ITA-ITH43
C-WEU-ITA,WEU,WEU,WEU,C-WEU-ITA-ITH44
C-WEU-ITA,WEU,WEU,WEU,C-WEU-ITA-ITH51
C-WEU-ITA,WEU,WEU,WEU,C-WEU-ITA-ITH52
C-WEU-ITA,WEU,WEU,WEU,C-WEU-ITA-ITH53
C-WEU-ITA,WEU,WEU,WEU,C-WEU-ITA-ITH54
C-WEU-ITA,WEU,WEU,WEU,C-WEU-ITA-ITH55
C-WEU-ITA,WEU,WEU,WEU,C-WEU-ITA-ITH56
C-WEU-ITA,WEU,WEU,WEU,C-WEU-ITA-ITH57
C-WEU-ITA,WEU,WEU,WEU,C-WEU-ITA-ITH58
C-WEU-ITA,WEU,WEU,WEU,C-WEU-ITA-ITH59
C-WEU-ITA,WEU,WEU,WEU,C-WEU-ITA-ITI11
C-WEU-ITA,WEU,WEU,WEU,C-WEU-ITA-ITI12
C-WEU-ITA,WEU,WEU,WEU,C-WEU-ITA-ITI13
C-WEU-ITA,WEU,WEU,WEU,C-WEU-ITA-ITI14
C-WEU-ITA,WEU,WEU,WEU,C-WEU-ITA-ITI15
C-WEU-ITA,WEU,WEU,WEU,C-WEU-ITA-ITI16
C-WEU-ITA,WEU,WEU,WEU,C-WEU-ITA-ITI17
C-WEU-ITA,WEU,WEU,WEU,C-WEU-ITA-ITI18
C-WEU-ITA,WEU,WEU,WEU,C-WEU-ITA-ITI19
C-WEU-ITA,WEU,WEU,WEU,C-WEU-ITA-ITI1A
C-WEU-ITA,WEU,WEU,WEU,C-WEU-ITA-ITI21
C-WEU-ITA,WEU,WEU,WEU,C-WEU-ITA-ITI22
C-WEU-ITA,WEU,WEU,WEU,C-WEU-ITA-ITI31
C-WEU-ITA,WEU,WEU,WEU,C-WEU-ITA-ITI32
C-WEU-ITA,WEU,WEU,WEU,C-WEU-ITA-ITI33
C-WEU-ITA,WEU,WEU,WEU,C-WEU-ITA-ITI34
C-WEU-ITA,WEU,WEU,WEU,C-WEU-ITA-ITI35
C-WEU-ITA,WEU,WEU,WEU,C-WEU-ITA-ITI41
C-WEU-ITA,WEU,WEU,WEU,C-WEU-ITA-ITI42
C-WEU-ITA,WEU,WEU,WEU,C-WEU-ITA-ITI43
C-WEU-ITA,WEU,WEU,WEU,C-WEU-ITA-ITI44
C-WEU-ITA,WEU,WEU,WEU,C-WEU-ITA-ITI45
C-WEU-CYP,WEU,WEU,WEU,C-WEU-CYP-CY000
C-EEU-LVA,EEU,EEU,EEU,C-EEU-LVA-LV005
C-EEU-LVA,EEU,EEU,EEU,C-EEU-LVA-LV009
C-EEU-LVA,EEU,EEU,EEU,C-EEU-LVA-LV00A
C-EEU-LVA,EEU,EEU,EEU,C-EEU-LVA-LV00B
C-EEU-LVA,EEU,EEU,EEU,C-EEU-LVA-LV00C
C-EEU-LTU,EEU,EEU,EEU,C-EEU-LTU-LT011
C-EEU-LTU,EEU,EEU,EEU,C-EEU-LTU-LT021
C-EEU-LTU,EEU,EEU,EEU,C-EEU-LTU-LT022
C-EEU-LTU,EEU,EEU,EEU,C-EEU-LTU-LT023
C-EEU-LTU,EEU,EEU,EEU,C-EEU-LTU-LT024
C-EEU-LTU,EEU,EEU,EEU,C-EEU-LTU-LT025
C-EEU-LTU,EEU,EEU,EEU,C-EEU-LTU-LT026
C-EEU-LTU,EEU,EEU,EEU,C-EEU-LTU-LT027
C-EEU-LTU,EEU,EEU,EEU,C-EEU-LTU-LT028
C-EEU-LTU,EEU,EEU,EEU,C-EEU-LTU-LT029
C-WEU-LUX,WEU,WEU,WEU,C-WEU-LUX-LU000
C-EEU-HUN,EEU,EEU,EEU,C-EEU-HUN-HU110
C-EEU-HUN,EEU,EEU,EEU,C-EEU-HUN-HU120
C-EEU-HUN,EEU,EEU,EEU,C-EEU-HUN-HU211
C-EEU-HUN,EEU,EEU,EEU,C-EEU-HUN-HU212
C-EEU-HUN,EEU,EEU,EEU,C-EEU-HUN-HU213
C-EEU-HUN,EEU,EEU,EEU,C-EEU-HUN-HU221
C-EEU-HUN,EEU,EEU,EEU,C-EEU-HUN-HU222
C-EEU-HUN,EEU,EEU,EEU,C-EEU-HUN-HU223
C-EEU-HUN,EEU,EEU,EEU,C-EEU-HUN-HU231
C-EEU-HUN,EEU,EEU,EEU,C-EEU-HUN-HU232
C-EEU-HUN,EEU,EEU,EEU,C-EEU-HUN-HU233
C-EEU-HUN,EEU,EEU,EEU,C-EEU-HUN-HU311
C-EEU-HUN,EEU,EEU,EEU,C-EEU-HUN-HU312
C-EEU-HUN,EEU,EEU,EEU,C-EEU-HUN-HU313
C-EEU-HUN,EEU,EEU,EEU,C-EEU-HUN-HU321
C-EEU-HUN,EEU,EEU,EEU,C-EEU-HUN-HU322
C-EEU-HUN,EEU,EEU,EEU,C-EEU-HUN-HU323
C-EEU-HUN,EEU,EEU,EEU,C-EEU-HUN-HU331
C-EEU-HUN,EEU,EEU,EEU,C-EEU-HUN-HU332
C-EEU-HUN,EEU,EEU,EEU,C-EEU-HUN-HU333
C-WEU-MLT,WEU,WEU,WEU,C-WEU-MLT-MT001
C-WEU-MLT,WEU,WEU,WEU,C-WEU-MLT-MT002
C-WEU-NLD,WEU,WEU,WEU,C-WEU-NLD-NL112
C-WEU-NLD,WEU,WEU,WEU,C-WEU-NLD-NL114
C-WEU-NLD,WEU,WEU,WEU,C-WEU-NLD-NL115
C-WEU-NLD,WEU,WEU,WEU,C-WEU-NLD-NL126
C-WEU-NLD,WEU,WEU,WEU,C-WEU-NLD-NL127
C-WEU-NLD,WEU,WEU,WEU,C-WEU-NLD-NL128
C-WEU-NLD,WEU,WEU,WEU,C-WEU-NLD-NL131
C-WEU-NLD,WEU,WEU,WEU,C-WEU-NLD-NL132
C-WEU-NLD,WEU,WEU,WEU,C-WEU-NLD-NL133
C-WEU-NLD,WEU,WEU,WEU,C-WEU-NLD-NL211
C-WEU-NLD,WEU,WEU,WEU,C-WEU-NLD-NL212
C-WEU-NLD,WEU,WEU,WEU,C-WEU-NLD-NL213
C-WEU-NLD,WEU,WEU,WEU,C-WEU-NLD-NL221
C-WEU-NLD,WEU,WEU,WEU,C-WEU-NLD-NL224
C-WEU-NLD,WEU,WEU,WEU,C-WEU-NLD-NL225
C-WEU-NLD,WEU,WEU,WEU,C-WEU-NLD-NL226
C-WEU-NLD,WEU,WEU,WEU,C-WEU-NLD-NL230
C-WEU-NLD,WEU,WEU,WEU,C-WEU-NLD-NL321
C-WEU-NLD,WEU,WEU,WEU,C-WEU-NLD-NL323
C-WEU-NLD,WEU,WEU,WEU,C-WEU-NLD-NL325
C-WEU-NLD,WEU,WEU,WEU,C-WEU-NLD-NL327
C-WEU-NLD,WEU,WEU,WEU,C-WEU-NLD-NL328
C-WEU-NLD,WEU,WEU,WEU,C-WEU-NLD-NL32A
C-WEU-NLD,WEU,WEU,WEU,C-WEU-NLD-NL32B
C-WEU-NLD,WEU,WEU,WEU,C-WEU-NLD-NL341
C-WEU-NLD,WEU,WEU,WEU,C-WEU-NLD-NL342
C-WEU-NLD,WEU,WEU,WEU,C-WEU-NLD-NL350
C-WEU-NLD,WEU,WEU,WEU,C-WEU-NLD-NL361
C-WEU-NLD,WEU,WEU,WEU,C-WEU-NLD-NL362
C-WEU-NLD,WEU,WEU,WEU,C-WEU-NLD-NL363
C-WEU-NLD,WEU,WEU,WEU,C-WEU-NLD-NL364
C-WEU-NLD,WEU,WEU,WEU,C-WEU-NLD-NL365
C-WEU-NLD,WEU,WEU,WEU,C-WEU-NLD-NL366
C-WEU-NLD,WEU,WEU,WEU,C-WEU-NLD-NL411
C-WEU-NLD,WEU,WEU,WEU,C-WEU-NLD-NL414
C-WEU-NLD,WEU,WEU,WEU,C-WEU-NLD-NL415
C-WEU-NLD,WEU,WEU,WEU,C-WEU-NLD-NL416
C-WEU-NLD,WEU,WEU,WEU,C-WEU-NLD-NL421
C-WEU-NLD,WEU,WEU,WEU,C-WEU-NLD-NL422
C-WEU-NLD,WEU,WEU,WEU,C-WEU-NLD-NL423
C-WEU-AUT,WEU,WEU,WEU,C-WEU-AUT-AT111
C-WEU-AUT,WEU,WEU,WEU,C-WEU-AUT-AT112
C-WEU-AUT,WEU,WEU,WEU,C-WEU-AUT-AT113
C-WEU-AUT,WEU,WEU,WEU,C-WEU-AUT-AT121
C-WEU-AUT,WEU,WEU,WEU,C-WEU-AUT-AT122
C-WEU-AUT,WEU,WEU,WEU,C-WEU-AUT-AT123
C-WEU-AUT,WEU,WEU,WEU,C-WEU-AUT-AT124
C-WEU-AUT,WEU,WEU,WEU,C-WEU-AUT-AT125
C-WEU-AUT,WEU,WEU,WEU,C-WEU-AUT-AT126
C-WEU-AUT,WEU,WEU,WEU,C-WEU-AUT-AT127
C-WEU-AUT,WEU,WEU,WEU,C-WEU-AUT-AT130
C-WEU-AUT,WEU,WEU,WEU,C-WEU-AUT-AT211
C-WEU-AUT,WEU,WEU,WEU,C-WEU-AUT-AT212
C-WEU-AUT,WEU,WEU,WEU,C-WEU-AUT-AT213
C-WEU-AUT,WEU,WEU,WEU,C-WEU-AUT-AT221
C-WEU-AUT,WEU,WEU,WEU,C-WEU-AUT-AT222
C-WEU-AUT,WEU,WEU,WEU,C-WEU-AUT-AT223
C-WEU-AUT,WEU,WEU,WEU,C-WEU-AUT-AT224
C-WEU-AUT,WEU,WEU,WEU,C-WEU-AUT-AT225
C-WEU-AUT,WEU,WEU,WEU,C-WEU-AUT-AT226
C-WEU-AUT,WEU,WEU,WEU,C-WEU-AUT-AT311
C-WEU-AUT,WEU,WEU,WEU,C-WEU-AUT-AT312
C-WEU-AUT,WEU,WEU,WEU,C-WEU-AUT-AT313
C-WEU-AUT,WEU,WEU,WEU,C-WEU-AUT-AT314
C-WEU-AUT,WEU,WEU,WEU,C-WEU-AUT-AT315
C-WEU-AUT,WEU,WEU,WEU,C-WEU-AUT-AT321
C-WEU-AUT,WEU,WEU,WEU,C-WEU-AUT-AT322
C-WEU-AUT,WEU,WEU,WEU,C-WEU-AUT-AT323
C-WEU-AUT,WEU,WEU,WEU,C-WEU-AUT-AT331
C-WEU-AUT,WEU,WEU,WEU,C-WEU-AUT-AT332
C-WEU-AUT,WEU,WEU,WEU,C-WEU-AUT-AT333
C-WEU-AUT,WEU,WEU,WEU,C-WEU-AUT-AT334
C-WEU-AUT,WEU,WEU,WEU,C-WEU-AUT-AT335
C-WEU-AUT,WEU,WEU,WEU,C-WEU-AUT-AT341
C-WEU-AUT,WEU,WEU,WEU,C-WEU-AUT-AT342
C-EEU-POL,EEU,EEU,EEU,C-EEU-POL-PL213
C-EEU-POL,EEU,EEU,EEU,C-EEU-POL-PL214
C-EEU-POL,EEU,EEU,EEU,C-EEU-POL-PL217
C-EEU-POL,EEU,EEU,EEU,C-EEU-POL-PL218
C-EEU-POL,EEU,EEU,EEU,C-EEU-POL-PL219
C-EEU-POL,EEU,EEU,EEU,C-EEU-POL-PL21A
C-EEU-POL,EEU,EEU,EEU,C-EEU-POL-PL224
C-EEU-POL,EEU,EEU,EEU,C-EEU-POL-PL225
C-EEU-POL,EEU,EEU,EEU,C-EEU-POL-PL227
C-EEU-POL,EEU,EEU,EEU,C-EEU-POL-PL228
C-EEU-POL,EEU,EEU,EEU,C-EEU-POL-PL229
C-EEU-POL,EEU,EEU,EEU,C-EEU-POL-PL22A
C-EEU-POL,EEU,EEU,EEU,C-EEU-POL-PL22B
C-EEU-POL,EEU,EEU,EEU,C-EEU-POL-PL22C
C-EEU-POL,EEU,EEU,EEU,C-EEU-POL-PL411
C-EEU-POL,EEU,EEU,EEU,C-EEU-POL-PL414
C-EEU-POL,EEU,EEU,EEU,C-EEU-POL-PL415
C-EEU-POL,EEU,EEU,EEU,C-EEU-POL-PL416
C-EEU-POL,EEU,EEU,EEU,C-EEU-POL-PL417
C-EEU-POL,EEU,EEU,EEU,C-EEU-POL-PL418
C-EEU-POL,EEU,EEU,EEU,C-EEU-POL-PL424
C-EEU-POL,EEU,EEU,EEU,C-EEU-POL-PL426
C-EEU-POL,EEU,EEU,EEU,C-EEU-POL-PL427
C-EEU-POL,EEU,EEU,EEU,C-EEU-POL-PL428
C-EEU-POL,EEU,EEU,EEU,C-EEU-POL-PL431
C-EEU-POL,EEU,EEU,EEU,C-EEU-POL-PL432
C-EEU-POL,EEU,EEU,EEU,C-EEU-POL-PL514
C-EEU-POL,EEU,EEU,EEU,C-EEU-POL-PL515
C-EEU-POL,EEU,EEU,EEU,C-EEU-POL-PL516
C-EEU-POL,EEU,EEU,EEU,C-EEU-POL-PL517
C-EEU-POL,EEU,EEU,EEU,C-EEU-POL-PL518
C-EEU-POL,EEU,EEU,EEU,C-EEU-POL-PL523
C-EEU-POL,EEU,EEU,EEU,C-EEU-POL-PL524
C-EEU-POL,EEU,EEU,EEU,C-EEU-POL-PL613
C-EEU-POL,EEU,EEU,EEU,C-EEU-POL-PL616
C-EEU-POL,EEU,EEU,EEU,C-EEU-POL-PL617
C-EEU-POL,EEU,EEU,EEU,C-EEU-POL-PL618
C-EEU-POL,EEU,EEU,EEU,C-EEU-POL-PL619
C-EEU-POL,EEU,EEU,EEU,C-EEU-POL-PL621
C-EEU-POL,EEU,EEU,EEU,C-EEU-POL-PL622
C-EEU-POL,EEU,EEU,EEU,C-EEU-POL-PL623
C-EEU-POL,EEU,EEU,EEU,C-EEU-POL-PL633
C-EEU-POL,EEU,EEU,EEU,C-EEU-POL-PL634
C-EEU-POL,EEU,EEU,EEU,C-EEU-POL-PL636
C-EEU-POL,EEU,EEU,EEU,C-EEU-POL-PL637
C-EEU-POL,EEU,EEU,EEU,C-EEU-POL-PL638
C-EEU-POL,EEU,EEU,EEU,C-EEU-POL-PL711
C-EEU-POL,EEU,EEU,EEU,C-EEU-POL-PL712
C-EEU-POL,EEU,EEU,EEU,C-EEU-POL-PL713
C-EEU-POL,EEU,EEU,EEU,C-EEU-POL-PL714
C-EEU-POL,EEU,EEU,EEU,C-EEU-POL-PL715
C-EEU-POL,EEU,EEU,EEU,C-EEU-POL-PL721
C-EEU-POL,EEU,EEU,EEU,C-EEU-POL-PL722
C-EEU-POL,EEU,EEU,EEU,C-EEU-POL-PL811
C-EEU-POL,EEU,EEU,EEU,C-EEU-POL-PL812
C-EEU-POL,EEU,EEU,EEU,C-EEU-POL-PL814
C-EEU-POL,EEU,EEU,EEU,C-EEU-POL-PL815
C-EEU-POL,EEU,EEU,EEU,C-EEU-POL-PL821
C-EEU-POL,EEU,EEU,EEU,C-EEU-POL-PL822
C-EEU-POL,EEU,EEU,EEU,C-EEU-POL-PL823
C-EEU-POL,EEU,EEU,EEU,C-EEU-POL-PL824
C-EEU-POL,EEU,EEU,EEU,C-EEU-POL-PL841
C-EEU-POL,EEU,EEU,EEU,C-EEU-POL-PL842
C-EEU-POL,EEU,EEU,EEU,C-EEU-POL-PL843
C-EEU-POL,EEU,EEU,EEU,C-EEU-POL-PL911
C-EEU-POL,EEU,EEU,EEU,C-EEU-POL-PL912
C-EEU-POL,EEU,EEU,EEU,C-EEU-POL-PL913
C-EEU-POL,EEU,EEU,EEU,C-EEU-POL-PL921
C-EEU-POL,EEU,EEU,EEU,C-EEU-POL-PL922
C-EEU-POL,EEU,EEU,EEU,C-EEU-POL-PL923
C-EEU-POL,EEU,EEU,EEU,C-EEU-POL-PL924
C-EEU-POL,EEU,EEU,EEU,C-EEU-POL-PL925
C-EEU-POL,EEU,EEU,EEU,C-EEU-POL-PL926
C-WEU-PRT,WEU,WEU,WEU,C-WEU-PRT-PT111
C-WEU-PRT,WEU,WEU,WEU,C-WEU-PRT-PT112
C-WEU-PRT,WEU,WEU,WEU,C-WEU-PRT-PT119
C-WEU-PRT,WEU,WEU,WEU,C-WEU-PRT-PT11A
C-WEU-PRT,WEU,WEU,WEU,C-WEU-PRT-PT11B
C-WEU-PRT,WEU,WEU,WEU,C-WEU-PRT-PT11C
C-WEU-PRT,WEU,WEU,WEU,C-WEU-PRT-PT11D
C-WEU-PRT,WEU,WEU,WEU,C-WEU-PRT-PT11E
C-WEU-PRT,WEU,WEU,WEU,C-WEU-PRT-PT150
C-WEU-PRT,WEU,WEU,WEU,C-WEU-PRT-PT191
C-WEU-PRT,WEU,WEU,WEU,C-WEU-PRT-PT192
C-WEU-PRT,WEU,WEU,WEU,C-WEU-PRT-PT193
C-WEU-PRT,WEU,WEU,WEU,C-WEU-PRT-PT194
C-WEU-PRT,WEU,WEU,WEU,C-WEU-PRT-PT195
C-WEU-PRT,WEU,WEU,WEU,C-WEU-PRT-PT196
C-WEU-PRT,WEU,WEU,WEU,C-WEU-PRT-PT1A0
C-WEU-PRT,WEU,WEU,WEU,C-WEU-PRT-PT1B0
C-WEU-PRT,WEU,WEU,WEU,C-WEU-PRT-PT1C1
C-WEU-PRT,WEU,WEU,WEU,C-WEU-PRT-PT1C2
C-WEU-PRT,WEU,WEU,WEU,C-WEU-PRT-PT1C3
C-WEU-PRT,WEU,WEU,WEU,C-WEU-PRT-PT1C4
C-WEU-PRT,WEU,WEU,WEU,C-WEU-PRT-PT1D1
C-WEU-PRT,WEU,WEU,WEU,C-WEU-PRT-PT1D2
C-WEU-PRT,WEU,WEU,WEU,C-WEU-PRT-PT1D3
C-WEU-PRT,WEU,WEU,WEU,C-WEU-PRT-PT200
C-WEU-PRT,WEU,WEU,WEU,C-WEU-PRT-PT300
C-EEU-ROU,EEU,EEU,EEU,C-EEU-ROU-RO111
C-EEU-ROU,EEU,EEU,EEU,C-EEU-ROU-RO112
C-EEU-ROU,EEU,EEU,EEU,C-EEU-ROU-RO113
C-EEU-ROU,EEU,EEU,EEU,C-EEU-ROU-RO114
C-EEU-ROU,EEU,EEU,EEU,C-EEU-ROU-RO115
C-EEU-ROU,EEU,EEU,EEU,C-EEU-ROU-RO116
C-EEU-ROU,EEU,EEU,EEU,C-EEU-ROU-RO121
C-EEU-ROU,EEU,EEU,EEU,C-EEU-ROU-RO122
C-EEU-ROU,EEU,EEU,EEU,C-EEU-ROU-RO123
C-EEU-ROU,EEU,EEU,EEU,C-EEU-ROU-RO124
C-EEU-ROU,EEU,EEU,EEU,C-EEU-ROU-RO125
C-EEU-ROU,EEU,EEU,EEU,C-EEU-ROU-RO126
C-EEU-ROU,EEU,EEU,EEU,C-EEU-ROU-RO211
C-EEU-ROU,EEU,EEU,EEU,C-EEU-ROU-RO212
C-EEU-ROU,EEU,EEU,EEU,C-EEU-ROU-RO213
C-EEU-ROU,EEU,EEU,EEU,C-EEU-ROU-RO214
C-EEU-ROU,EEU,EEU,EEU,C-EEU-ROU-RO215
C-EEU-ROU,EEU,EEU,EEU,C-EEU-ROU-RO216
C-EEU-ROU,EEU,EEU,EEU,C-EEU-ROU-RO221
C-EEU-ROU,EEU,EEU,EEU,C-EEU-ROU-RO222
C-EEU-ROU,EEU,EEU,EEU,C-EEU-ROU-RO223
C-EEU-ROU,EEU,EEU,EEU,C-EEU-ROU-RO224
C-EEU-ROU,EEU,EEU,EEU,C-EEU-ROU-RO225
C-EEU-ROU,EEU,EEU,EEU,C-EEU-ROU-RO226
C-EEU-ROU,EEU,EEU,EEU,C-EEU-ROU-RO311
C-EEU-ROU,EEU,EEU,EEU,C-EEU-ROU-RO312
C-EEU-ROU,EEU,EEU,EEU,C-EEU-ROU-RO313
C-EEU-ROU,EEU,EEU,EEU,C-EEU-ROU-RO314
C-EEU-ROU,EEU,EEU,EEU,C-EEU-ROU-RO315
C-EEU-ROU,EEU,EEU,EEU,C-EEU-ROU-RO316
C-EEU-ROU,EEU,EEU,EEU,C-EEU-ROU-RO317
C-EEU-ROU,EEU,EEU,EEU,C-EEU-ROU-RO321
C-EEU-ROU,EEU,EEU,EEU,C-EEU-ROU-RO322
C-EEU-ROU,EEU,EEU,EEU,C-EEU-ROU-RO411
C-EEU-ROU,EEU,EEU,EEU,C-EEU-ROU-RO412
C-EEU-ROU,EEU,EEU,EEU,C-EEU-ROU-RO413
C-EEU-ROU,EEU,EEU,EEU,C-EEU-ROU-RO414
C-EEU-ROU,EEU,EEU,EEU,C-EEU-ROU-RO415
C-EEU-ROU,EEU,EEU,EEU,C-EEU-ROU-RO421
C-EEU-ROU,EEU,EEU,EEU,C-EEU-ROU-RO422
C-EEU-ROU,EEU,EEU,EEU,C-EEU-ROU-RO423
C-EEU-ROU,EEU,EEU,EEU,C-EEU-ROU-RO424
C-EEU-SVN,EEU,EEU,EEU,C-EEU-SVN-SI031
C-EEU-SVN,EEU,EEU,EEU,C-EEU-SVN-SI032
C-EEU-SVN,EEU,EEU,EEU,C-EEU-SVN-SI033
C-EEU-SVN,EEU,EEU,EEU,C-EEU-SVN-SI034
C-EEU-SVN,EEU,EEU,EEU,C-EEU-SVN-SI035
C-EEU-SVN,EEU,EEU,EEU,C-EEU-SVN-SI036
C-EEU-SVN,EEU,EEU,EEU,C-EEU-SVN-SI037
C-EEU-SVN,EEU,EEU,EEU,C-EEU-SVN-SI038
C-EEU-SVN,EEU,EEU,EEU,C-EEU-SVN-SI041
C-EEU-SVN,EEU,EEU,EEU,C-EEU-SVN-SI042
C-EEU-SVN,EEU,EEU,EEU,C-EEU-SVN-SI043
C-EEU-SVN,EEU,EEU,EEU,C-EEU-SVN-SI044
C-EEU-SVK,EEU,EEU,EEU,C-EEU-SVK-SK010
C-EEU-SVK,EEU,EEU,EEU,C-EEU-SVK-SK021
C-EEU-SVK,EEU,EEU,EEU,C-EEU-SVK-SK022
C-EEU-SVK,EEU,EEU,EEU,C-EEU-SVK-SK023
C-EEU-SVK,EEU,EEU,EEU,C-EEU-SVK-SK031
C-EEU-SVK,EEU,EEU,EEU,C-EEU-SVK-SK032
C-EEU-SVK,EEU,EEU,EEU,C-EEU-SVK-SK041
C-EEU-SVK,EEU,EEU,EEU,C-EEU-SVK-SK042
C-WEU-FIN,WEU,WEU,WEU,C-WEU-FIN-FI196
C-WEU-FIN,WEU,WEU,WEU,C-WEU-FIN-FI198
C-WEU-FIN,WEU,WEU,WEU,C-WEU-FIN-FI199
C-WEU-FIN,WEU,WEU,WEU,C-WEU-FIN-FI19A
C-WEU-FIN,WEU,WEU,WEU,C-WEU-FIN-FI19B
C-WEU-FIN,WEU,WEU,WEU,C-WEU-FIN-FI1B1
C-WEU-FIN,WEU,WEU,WEU,C-WEU-FIN-FI1C1
C-WEU-FIN,WEU,WEU,WEU,C-WEU-FIN-FI1C2
C-WEU-FIN,WEU,WEU,WEU,C-WEU-FIN-FI1C5
C-WEU-FIN,WEU,WEU,WEU,C-WEU-FIN-FI1C6
C-WEU-FIN,WEU,WEU,WEU,C-WEU-FIN-FI1C7
C-WEU-FIN,WEU,WEU,WEU,C-WEU-FIN-FI1D5
C-WEU-FIN,WEU,WEU,WEU,C-WEU-FIN-FI1D7
C-WEU-FIN,WEU,WEU,WEU,C-WEU-FIN-FI1D8
C-WEU-FIN,WEU,WEU,WEU,C-WEU-FIN-FI1D9
C-WEU-FIN,WEU,WEU,WEU,C-WEU-FIN-FI1DA
C-WEU-FIN,WEU,WEU,WEU,C-WEU-FIN-FI1DB
C-WEU-FIN,WEU,WEU,WEU,C-WEU-FIN-FI1DC
C-WEU-FIN,WEU,WEU,WEU,C-WEU-FIN-FI200
C-WEU-SWE,WEU,WEU,WEU,C-WEU-SWE-SE110
C-WEU-SWE,WEU,WEU,WEU,C-WEU-SWE-SE121
C-WEU-SWE,WEU,WEU,WEU,C-WEU-SWE-SE122
C-WEU-SWE,WEU,WEU,WEU,C-WEU-SWE-SE123
C-WEU-SWE,WEU,WEU,WEU,C-WEU-SWE-SE124
C-WEU-SWE,WEU,WEU,WEU,C-WEU-SWE-SE125
C-WEU-SWE,WEU,WEU,WEU,C-WEU-SWE-SE211
C-WEU-SWE,WEU,WEU,WEU,C-WEU-SWE-SE212
C-WEU-SWE,WEU,WEU,WEU,C-WEU-SWE-SE213
C-WEU-SWE,WEU,WEU,WEU,C-WEU-SWE-SE214
C-WEU-SWE,WEU,WEU,WEU,C-WEU-SWE-SE221
C-WEU-SWE,WEU,WEU,WEU,C-WEU-SWE-SE224
C-WEU-SWE,WEU,WEU,WEU,C-WEU-SWE-SE231
C-WEU-SWE,WEU,WEU,WEU,C-WEU-SWE-SE232
C-WEU-SWE,WEU,WEU,WEU,C-WEU-SWE-SE311
C-WEU-SWE,WEU,WEU,WEU,C-WEU-SWE-SE312
C-WEU-SWE,WEU,WEU,WEU,C-WEU-SWE-SE313
C-WEU-SWE,WEU,WEU,WEU,C-WEU-SWE-SE321
C-WEU-SWE,WEU,WEU,WEU,C-WEU-SWE-SE322
C-WEU-SWE,WEU,WEU,WEU,C-WEU-SWE-SE331
C-WEU-SWE,WEU,WEU,WEU,C-WEU-SWE-SE332
