region_gea,mat,tenr,year,urt,value
AFR,perm,own,2015,rur,0.977313749
AFR,perm,own,2015,urb,0.698123569
AFR,perm,own,2015,sub,0.8377186590000001
AFR,perm,own,2020,rur,0.977313749
AFR,perm,own,2020,urb,0.698123569
AFR,perm,own,2020,sub,0.8377186590000001
AFR,perm,own,2025,rur,0.977313749
AFR,perm,own,2025,urb,0.698123569
AFR,perm,own,2025,sub,0.8377186590000001
AFR,perm,own,2030,rur,0.977313749
AFR,perm,own,2030,urb,0.698123569
AFR,perm,own,2030,sub,0.8377186590000001
AFR,perm,own,2035,rur,0.977313749
AFR,perm,own,2035,urb,0.698123569
AFR,perm,own,2035,sub,0.8377186590000001
AFR,perm,own,2040,rur,0.977313749
AFR,perm,own,2040,urb,0.698123569
AFR,perm,own,2040,sub,0.8377186590000001
AFR,perm,own,2045,rur,0.977313749
AFR,perm,own,2045,urb,0.698123569
AFR,perm,own,2045,sub,0.8377186590000001
AFR,perm,own,2050,rur,0.977313749
AFR,perm,own,2050,urb,0.698123569
AFR,perm,own,2050,sub,0.8377186590000001
AFR,perm,own,2055,rur,0.977313749
AFR,perm,own,2055,urb,0.698123569
AFR,perm,own,2055,sub,0.8377186590000001
AFR,perm,own,2060,rur,0.977313749
AFR,perm,own,2060,urb,0.698123569
AFR,perm,own,2060,sub,0.8377186590000001
AFR,perm,own,2065,rur,0.977313749
AFR,perm,own,2065,urb,0.698123569
AFR,perm,own,2065,sub,0.8377186590000001
AFR,perm,own,2070,rur,0.977313749
AFR,perm,own,2070,urb,0.698123569
AFR,perm,own,2070,sub,0.8377186590000001
AFR,perm,own,2075,rur,0.977313749
AFR,perm,own,2075,urb,0.698123569
AFR,perm,own,2075,sub,0.8377186590000001
AFR,perm,own,2080,rur,0.977313749
AFR,perm,own,2080,urb,0.698123569
AFR,perm,own,2080,sub,0.8377186590000001
AFR,perm,own,2085,rur,0.977313749
AFR,perm,own,2085,urb,0.698123569
AFR,perm,own,2085,sub,0.8377186590000001
AFR,perm,own,2090,rur,0.977313749
AFR,perm,own,2090,urb,0.698123569
AFR,perm,own,2090,sub,0.8377186590000001
AFR,perm,own,2095,rur,0.977313749
AFR,perm,own,2095,urb,0.698123569
AFR,perm,own,2095,sub,0.8377186590000001
AFR,perm,own,2100,rur,0.977313749
AFR,perm,own,2100,urb,0.698123569
AFR,perm,own,2100,sub,0.8377186590000001
AFR,perm,rent,2015,rur,0.022686251
AFR,perm,rent,2015,urb,0.301876431
AFR,perm,rent,2015,sub,0.162281341
AFR,perm,rent,2020,rur,0.022686251
AFR,perm,rent,2020,urb,0.301876431
AFR,perm,rent,2020,sub,0.162281341
AFR,perm,rent,2025,rur,0.022686251
AFR,perm,rent,2025,urb,0.301876431
AFR,perm,rent,2025,sub,0.162281341
AFR,perm,rent,2030,rur,0.022686251
AFR,perm,rent,2030,urb,0.301876431
AFR,perm,rent,2030,sub,0.162281341
AFR,perm,rent,2035,rur,0.022686251
AFR,perm,rent,2035,urb,0.301876431
AFR,perm,rent,2035,sub,0.162281341
AFR,perm,rent,2040,rur,0.022686251
AFR,perm,rent,2040,urb,0.301876431
AFR,perm,rent,2040,sub,0.162281341
AFR,perm,rent,2045,rur,0.022686251
AFR,perm,rent,2045,urb,0.301876431
AFR,perm,rent,2045,sub,0.162281341
AFR,perm,rent,2050,rur,0.022686251
AFR,perm,rent,2050,urb,0.301876431
AFR,perm,rent,2050,sub,0.162281341
AFR,perm,rent,2055,rur,0.022686251
AFR,perm,rent,2055,urb,0.301876431
AFR,perm,rent,2055,sub,0.162281341
AFR,perm,rent,2060,rur,0.022686251
AFR,perm,rent,2060,urb,0.301876431
AFR,perm,rent,2060,sub,0.162281341
AFR,perm,rent,2065,rur,0.022686251
AFR,perm,rent,2065,urb,0.301876431
AFR,perm,rent,2065,sub,0.162281341
AFR,perm,rent,2070,rur,0.022686251
AFR,perm,rent,2070,urb,0.301876431
AFR,perm,rent,2070,sub,0.162281341
AFR,perm,rent,2075,rur,0.022686251
AFR,perm,rent,2075,urb,0.301876431
AFR,perm,rent,2075,sub,0.162281341
AFR,perm,rent,2080,rur,0.022686251
AFR,perm,rent,2080,urb,0.301876431
AFR,perm,rent,2080,sub,0.162281341
AFR,perm,rent,2085,rur,0.022686251
AFR,perm,rent,2085,urb,0.301876431
AFR,perm,rent,2085,sub,0.162281341
AFR,perm,rent,2090,rur,0.022686251
AFR,perm,rent,2090,urb,0.301876431
AFR,perm,rent,2090,sub,0.162281341
AFR,perm,rent,2095,rur,0.022686251
AFR,perm,rent,2095,urb,0.301876431
AFR,perm,rent,2095,sub,0.162281341
AFR,perm,rent,2100,rur,0.022686251
AFR,perm,rent,2100,urb,0.301876431
AFR,perm,rent,2100,sub,0.162281341
AFR,sub,own,2015,rur,1.0
AFR,sub,own,2015,urb,1.0
AFR,sub,own,2015,sub,1.0
AFR,sub,own,2020,rur,1.0
AFR,sub,own,2020,urb,1.0
AFR,sub,own,2020,sub,1.0
AFR,sub,own,2025,rur,1.0
AFR,sub,own,2025,urb,1.0
AFR,sub,own,2025,sub,1.0
AFR,sub,own,2030,rur,1.0
AFR,sub,own,2030,urb,1.0
AFR,sub,own,2030,sub,1.0
AFR,sub,own,2035,rur,1.0
AFR,sub,own,2035,urb,1.0
AFR,sub,own,2035,sub,1.0
AFR,sub,own,2040,rur,1.0
AFR,sub,own,2040,urb,1.0
AFR,sub,own,2040,sub,1.0
AFR,sub,own,2045,rur,1.0
AFR,sub,own,2045,urb,1.0
AFR,sub,own,2045,sub,1.0
AFR,sub,own,2050,rur,1.0
AFR,sub,own,2050,urb,1.0
AFR,sub,own,2050,sub,1.0
AFR,sub,own,2055,rur,1.0
AFR,sub,own,2055,urb,1.0
AFR,sub,own,2055,sub,1.0
AFR,sub,own,2060,rur,1.0
AFR,sub,own,2060,urb,1.0
AFR,sub,own,2060,sub,1.0
AFR,sub,own,2065,rur,1.0
AFR,sub,own,2065,urb,1.0
AFR,sub,own,2065,sub,1.0
AFR,sub,own,2070,rur,1.0
AFR,sub,own,2070,urb,1.0
AFR,sub,own,2070,sub,1.0
AFR,sub,own,2075,rur,1.0
AFR,sub,own,2075,urb,1.0
AFR,sub,own,2075,sub,1.0
AFR,sub,own,2080,rur,1.0
AFR,sub,own,2080,urb,1.0
AFR,sub,own,2080,sub,1.0
AFR,sub,own,2085,rur,1.0
AFR,sub,own,2085,urb,1.0
AFR,sub,own,2085,sub,1.0
AFR,sub,own,2090,rur,1.0
AFR,sub,own,2090,urb,1.0
AFR,sub,own,2090,sub,1.0
AFR,sub,own,2095,rur,1.0
AFR,sub,own,2095,urb,1.0
AFR,sub,own,2095,sub,1.0
AFR,sub,own,2100,rur,1.0
AFR,sub,own,2100,urb,1.0
AFR,sub,own,2100,sub,1.0
AFR,sub,rent,2015,rur,0.0
AFR,sub,rent,2015,urb,0.0
AFR,sub,rent,2015,sub,0.0
AFR,sub,rent,2020,rur,0.0
AFR,sub,rent,2020,urb,0.0
AFR,sub,rent,2020,sub,0.0
AFR,sub,rent,2025,rur,0.0
AFR,sub,rent,2025,urb,0.0
AFR,sub,rent,2025,sub,0.0
AFR,sub,rent,2030,rur,0.0
AFR,sub,rent,2030,urb,0.0
AFR,sub,rent,2030,sub,0.0
AFR,sub,rent,2035,rur,0.0
AFR,sub,rent,2035,urb,0.0
AFR,sub,rent,2035,sub,0.0
AFR,sub,rent,2040,rur,0.0
AFR,sub,rent,2040,urb,0.0
AFR,sub,rent,2040,sub,0.0
AFR,sub,rent,2045,rur,0.0
AFR,sub,rent,2045,urb,0.0
AFR,sub,rent,2045,sub,0.0
AFR,sub,rent,2050,rur,0.0
AFR,sub,rent,2050,urb,0.0
AFR,sub,rent,2050,sub,0.0
AFR,sub,rent,2055,rur,0.0
AFR,sub,rent,2055,urb,0.0
AFR,sub,rent,2055,sub,0.0
AFR,sub,rent,2060,rur,0.0
AFR,sub,rent,2060,urb,0.0
AFR,sub,rent,2060,sub,0.0
AFR,sub,rent,2065,rur,0.0
AFR,sub,rent,2065,urb,0.0
AFR,sub,rent,2065,sub,0.0
AFR,sub,rent,2070,rur,0.0
AFR,sub,rent,2070,urb,0.0
AFR,sub,rent,2070,sub,0.0
AFR,sub,rent,2075,rur,0.0
AFR,sub,rent,2075,urb,0.0
AFR,sub,rent,2075,sub,0.0
AFR,sub,rent,2080,rur,0.0
AFR,sub,rent,2080,urb,0.0
AFR,sub,rent,2080,sub,0.0
AFR,sub,rent,2085,rur,0.0
AFR,sub,rent,2085,urb,0.0
AFR,sub,rent,2085,sub,0.0
AFR,sub,rent,2090,rur,0.0
AFR,sub,rent,2090,urb,0.0
AFR,sub,rent,2090,sub,0.0
AFR,sub,rent,2095,rur,0.0
AFR,sub,rent,2095,urb,0.0
AFR,sub,rent,2095,sub,0.0
AFR,sub,rent,2100,rur,0.0
AFR,sub,rent,2100,urb,0.0
AFR,sub,rent,2100,sub,0.0
CPA,perm,own,2015,rur,0.9733315
CPA,perm,own,2015,urb,0.824368212
CPA,perm,own,2015,sub,0.898849856
CPA,perm,own,2020,rur,0.9733315
CPA,perm,own,2020,urb,0.824368212
CPA,perm,own,2020,sub,0.898849856
CPA,perm,own,2025,rur,0.9733315
CPA,perm,own,2025,urb,0.824368212
CPA,perm,own,2025,sub,0.898849856
CPA,perm,own,2030,rur,0.9733315
CPA,perm,own,2030,urb,0.824368212
CPA,perm,own,2030,sub,0.898849856
CPA,perm,own,2035,rur,0.9733315
CPA,perm,own,2035,urb,0.824368212
CPA,perm,own,2035,sub,0.898849856
CPA,perm,own,2040,rur,0.9733315
CPA,perm,own,2040,urb,0.824368212
CPA,perm,own,2040,sub,0.898849856
CPA,perm,own,2045,rur,0.9733315
CPA,perm,own,2045,urb,0.824368212
CPA,perm,own,2045,sub,0.898849856
CPA,perm,own,2050,rur,0.9733315
CPA,perm,own,2050,urb,0.824368212
CPA,perm,own,2050,sub,0.898849856
CPA,perm,own,2055,rur,0.9733315
CPA,perm,own,2055,urb,0.824368212
CPA,perm,own,2055,sub,0.898849856
CPA,perm,own,2060,rur,0.9733315
CPA,perm,own,2060,urb,0.824368212
CPA,perm,own,2060,sub,0.898849856
CPA,perm,own,2065,rur,0.9733315
CPA,perm,own,2065,urb,0.824368212
CPA,perm,own,2065,sub,0.898849856
CPA,perm,own,2070,rur,0.9733315
CPA,perm,own,2070,urb,0.824368212
CPA,perm,own,2070,sub,0.898849856
CPA,perm,own,2075,rur,0.9733315
CPA,perm,own,2075,urb,0.824368212
CPA,perm,own,2075,sub,0.898849856
CPA,perm,own,2080,rur,0.9733315
CPA,perm,own,2080,urb,0.824368212
CPA,perm,own,2080,sub,0.898849856
CPA,perm,own,2085,rur,0.9733315
CPA,perm,own,2085,urb,0.824368212
CPA,perm,own,2085,sub,0.898849856
CPA,perm,own,2090,rur,0.9733315
CPA,perm,own,2090,urb,0.824368212
CPA,perm,own,2090,sub,0.898849856
CPA,perm,own,2095,rur,0.9733315
CPA,perm,own,2095,urb,0.824368212
CPA,perm,own,2095,sub,0.898849856
CPA,perm,own,2100,rur,0.9733315
CPA,perm,own,2100,urb,0.824368212
CPA,perm,own,2100,sub,0.898849856
CPA,perm,rent,2015,rur,0.0266685
CPA,perm,rent,2015,urb,0.175631788
CPA,perm,rent,2015,sub,0.10115014400000001
CPA,perm,rent,2020,rur,0.0266685
CPA,perm,rent,2020,urb,0.175631788
CPA,perm,rent,2020,sub,0.10115014400000001
CPA,perm,rent,2025,rur,0.0266685
CPA,perm,rent,2025,urb,0.175631788
CPA,perm,rent,2025,sub,0.10115014400000001
CPA,perm,rent,2030,rur,0.0266685
CPA,perm,rent,2030,urb,0.175631788
CPA,perm,rent,2030,sub,0.10115014400000001
CPA,perm,rent,2035,rur,0.0266685
CPA,perm,rent,2035,urb,0.175631788
CPA,perm,rent,2035,sub,0.10115014400000001
CPA,perm,rent,2040,rur,0.0266685
CPA,perm,rent,2040,urb,0.175631788
CPA,perm,rent,2040,sub,0.10115014400000001
CPA,perm,rent,2045,rur,0.0266685
CPA,perm,rent,2045,urb,0.175631788
CPA,perm,rent,2045,sub,0.10115014400000001
CPA,perm,rent,2050,rur,0.0266685
CPA,perm,rent,2050,urb,0.175631788
CPA,perm,rent,2050,sub,0.10115014400000001
CPA,perm,rent,2055,rur,0.0266685
CPA,perm,rent,2055,urb,0.175631788
CPA,perm,rent,2055,sub,0.10115014400000001
CPA,perm,rent,2060,rur,0.0266685
CPA,perm,rent,2060,urb,0.175631788
CPA,perm,rent,2060,sub,0.10115014400000001
CPA,perm,rent,2065,rur,0.0266685
CPA,perm,rent,2065,urb,0.175631788
CPA,perm,rent,2065,sub,0.10115014400000001
CPA,perm,rent,2070,rur,0.0266685
CPA,perm,rent,2070,urb,0.175631788
CPA,perm,rent,2070,sub,0.10115014400000001
CPA,perm,rent,2075,rur,0.0266685
CPA,perm,rent,2075,urb,0.175631788
CPA,perm,rent,2075,sub,0.10115014400000001
CPA,perm,rent,2080,rur,0.0266685
CPA,perm,rent,2080,urb,0.175631788
CPA,perm,rent,2080,sub,0.10115014400000001
CPA,perm,rent,2085,rur,0.0266685
CPA,perm,rent,2085,urb,0.175631788
CPA,perm,rent,2085,sub,0.10115014400000001
CPA,perm,rent,2090,rur,0.0266685
CPA,perm,rent,2090,urb,0.175631788
CPA,perm,rent,2090,sub,0.10115014400000001
CPA,perm,rent,2095,rur,0.0266685
CPA,perm,rent,2095,urb,0.175631788
CPA,perm,rent,2095,sub,0.10115014400000001
CPA,perm,rent,2100,rur,0.0266685
CPA,perm,rent,2100,urb,0.175631788
CPA,perm,rent,2100,sub,0.10115014400000001
CPA,sub,own,2015,rur,1.0
CPA,sub,own,2015,urb,1.0
CPA,sub,own,2015,sub,1.0
CPA,sub,own,2020,rur,1.0
CPA,sub,own,2020,urb,1.0
CPA,sub,own,2020,sub,1.0
CPA,sub,own,2025,rur,1.0
CPA,sub,own,2025,urb,1.0
CPA,sub,own,2025,sub,1.0
CPA,sub,own,2030,rur,1.0
CPA,sub,own,2030,urb,1.0
CPA,sub,own,2030,sub,1.0
CPA,sub,own,2035,rur,1.0
CPA,sub,own,2035,urb,1.0
CPA,sub,own,2035,sub,1.0
CPA,sub,own,2040,rur,1.0
CPA,sub,own,2040,urb,1.0
CPA,sub,own,2040,sub,1.0
CPA,sub,own,2045,rur,1.0
CPA,sub,own,2045,urb,1.0
CPA,sub,own,2045,sub,1.0
CPA,sub,own,2050,rur,1.0
CPA,sub,own,2050,urb,1.0
CPA,sub,own,2050,sub,1.0
CPA,sub,own,2055,rur,1.0
CPA,sub,own,2055,urb,1.0
CPA,sub,own,2055,sub,1.0
CPA,sub,own,2060,rur,1.0
CPA,sub,own,2060,urb,1.0
CPA,sub,own,2060,sub,1.0
CPA,sub,own,2065,rur,1.0
CPA,sub,own,2065,urb,1.0
CPA,sub,own,2065,sub,1.0
CPA,sub,own,2070,rur,1.0
CPA,sub,own,2070,urb,1.0
CPA,sub,own,2070,sub,1.0
CPA,sub,own,2075,rur,1.0
CPA,sub,own,2075,urb,1.0
CPA,sub,own,2075,sub,1.0
CPA,sub,own,2080,rur,1.0
CPA,sub,own,2080,urb,1.0
CPA,sub,own,2080,sub,1.0
CPA,sub,own,2085,rur,1.0
CPA,sub,own,2085,urb,1.0
CPA,sub,own,2085,sub,1.0
CPA,sub,own,2090,rur,1.0
CPA,sub,own,2090,urb,1.0
CPA,sub,own,2090,sub,1.0
CPA,sub,own,2095,rur,1.0
CPA,sub,own,2095,urb,1.0
CPA,sub,own,2095,sub,1.0
CPA,sub,own,2100,rur,1.0
CPA,sub,own,2100,urb,1.0
CPA,sub,own,2100,sub,1.0
CPA,sub,rent,2015,rur,0.0
CPA,sub,rent,2015,urb,0.0
CPA,sub,rent,2015,sub,0.0
CPA,sub,rent,2020,rur,0.0
CPA,sub,rent,2020,urb,0.0
CPA,sub,rent,2020,sub,0.0
CPA,sub,rent,2025,rur,0.0
CPA,sub,rent,2025,urb,0.0
CPA,sub,rent,2025,sub,0.0
CPA,sub,rent,2030,rur,0.0
CPA,sub,rent,2030,urb,0.0
CPA,sub,rent,2030,sub,0.0
CPA,sub,rent,2035,rur,0.0
CPA,sub,rent,2035,urb,0.0
CPA,sub,rent,2035,sub,0.0
CPA,sub,rent,2040,rur,0.0
CPA,sub,rent,2040,urb,0.0
CPA,sub,rent,2040,sub,0.0
CPA,sub,rent,2045,rur,0.0
CPA,sub,rent,2045,urb,0.0
CPA,sub,rent,2045,sub,0.0
CPA,sub,rent,2050,rur,0.0
CPA,sub,rent,2050,urb,0.0
CPA,sub,rent,2050,sub,0.0
CPA,sub,rent,2055,rur,0.0
CPA,sub,rent,2055,urb,0.0
CPA,sub,rent,2055,sub,0.0
CPA,sub,rent,2060,rur,0.0
CPA,sub,rent,2060,urb,0.0
CPA,sub,rent,2060,sub,0.0
CPA,sub,rent,2065,rur,0.0
CPA,sub,rent,2065,urb,0.0
CPA,sub,rent,2065,sub,0.0
CPA,sub,rent,2070,rur,0.0
CPA,sub,rent,2070,urb,0.0
CPA,sub,rent,2070,sub,0.0
CPA,sub,rent,2075,rur,0.0
CPA,sub,rent,2075,urb,0.0
CPA,sub,rent,2075,sub,0.0
CPA,sub,rent,2080,rur,0.0
CPA,sub,rent,2080,urb,0.0
CPA,sub,rent,2080,sub,0.0
CPA,sub,rent,2085,rur,0.0
CPA,sub,rent,2085,urb,0.0
CPA,sub,rent,2085,sub,0.0
CPA,sub,rent,2090,rur,0.0
CPA,sub,rent,2090,urb,0.0
CPA,sub,rent,2090,sub,0.0
CPA,sub,rent,2095,rur,0.0
CPA,sub,rent,2095,urb,0.0
CPA,sub,rent,2095,sub,0.0
CPA,sub,rent,2100,rur,0.0
CPA,sub,rent,2100,urb,0.0
CPA,sub,rent,2100,sub,0.0
EEU,perm,own,2015,rur,0.967841861
EEU,perm,own,2015,urb,0.908997638
EEU,perm,own,2015,sub,0.9384197495
EEU,perm,own,2020,rur,0.967841861
EEU,perm,own,2020,urb,0.908997638
EEU,perm,own,2020,sub,0.9384197495
EEU,perm,own,2025,rur,0.967841861
EEU,perm,own,2025,urb,0.908997638
EEU,perm,own,2025,sub,0.9384197495
EEU,perm,own,2030,rur,0.967841861
EEU,perm,own,2030,urb,0.908997638
EEU,perm,own,2030,sub,0.9384197495
EEU,perm,own,2035,rur,0.967841861
EEU,perm,own,2035,urb,0.908997638
EEU,perm,own,2035,sub,0.9384197495
EEU,perm,own,2040,rur,0.967841861
EEU,perm,own,2040,urb,0.908997638
EEU,perm,own,2040,sub,0.9384197495
EEU,perm,own,2045,rur,0.967841861
EEU,perm,own,2045,urb,0.908997638
EEU,perm,own,2045,sub,0.9384197495
EEU,perm,own,2050,rur,0.967841861
EEU,perm,own,2050,urb,0.908997638
EEU,perm,own,2050,sub,0.9384197495
EEU,perm,own,2055,rur,0.967841861
EEU,perm,own,2055,urb,0.908997638
EEU,perm,own,2055,sub,0.9384197495
EEU,perm,own,2060,rur,0.967841861
EEU,perm,own,2060,urb,0.908997638
EEU,perm,own,2060,sub,0.9384197495
EEU,perm,own,2065,rur,0.967841861
EEU,perm,own,2065,urb,0.908997638
EEU,perm,own,2065,sub,0.9384197495
EEU,perm,own,2070,rur,0.967841861
EEU,perm,own,2070,urb,0.908997638
EEU,perm,own,2070,sub,0.9384197495
EEU,perm,own,2075,rur,0.967841861
EEU,perm,own,2075,urb,0.908997638
EEU,perm,own,2075,sub,0.9384197495
EEU,perm,own,2080,rur,0.967841861
EEU,perm,own,2080,urb,0.908997638
EEU,perm,own,2080,sub,0.9384197495
EEU,perm,own,2085,rur,0.967841861
EEU,perm,own,2085,urb,0.908997638
EEU,perm,own,2085,sub,0.9384197495
EEU,perm,own,2090,rur,0.967841861
EEU,perm,own,2090,urb,0.908997638
EEU,perm,own,2090,sub,0.9384197495
EEU,perm,own,2095,rur,0.967841861
EEU,perm,own,2095,urb,0.908997638
EEU,perm,own,2095,sub,0.9384197495
EEU,perm,own,2100,rur,0.967841861
EEU,perm,own,2100,urb,0.908997638
EEU,perm,own,2100,sub,0.9384197495
EEU,perm,rent,2015,rur,0.032158139
EEU,perm,rent,2015,urb,0.091002362
EEU,perm,rent,2015,sub,0.0615802505
EEU,perm,rent,2020,rur,0.032158139
EEU,perm,rent,2020,urb,0.091002362
EEU,perm,rent,2020,sub,0.0615802505
EEU,perm,rent,2025,rur,0.032158139
EEU,perm,rent,2025,urb,0.091002362
EEU,perm,rent,2025,sub,0.0615802505
EEU,perm,rent,2030,rur,0.032158139
EEU,perm,rent,2030,urb,0.091002362
EEU,perm,rent,2030,sub,0.0615802505
EEU,perm,rent,2035,rur,0.032158139
EEU,perm,rent,2035,urb,0.091002362
EEU,perm,rent,2035,sub,0.0615802505
EEU,perm,rent,2040,rur,0.032158139
EEU,perm,rent,2040,urb,0.091002362
EEU,perm,rent,2040,sub,0.0615802505
EEU,perm,rent,2045,rur,0.032158139
EEU,perm,rent,2045,urb,0.091002362
EEU,perm,rent,2045,sub,0.0615802505
EEU,perm,rent,2050,rur,0.032158139
EEU,perm,rent,2050,urb,0.091002362
EEU,perm,rent,2050,sub,0.0615802505
EEU,perm,rent,2055,rur,0.032158139
EEU,perm,rent,2055,urb,0.091002362
EEU,perm,rent,2055,sub,0.0615802505
EEU,perm,rent,2060,rur,0.032158139
EEU,perm,rent,2060,urb,0.091002362
EEU,perm,rent,2060,sub,0.0615802505
EEU,perm,rent,2065,rur,0.032158139
EEU,perm,rent,2065,urb,0.091002362
EEU,perm,rent,2065,sub,0.0615802505
EEU,perm,rent,2070,rur,0.032158139
EEU,perm,rent,2070,urb,0.091002362
EEU,perm,rent,2070,sub,0.0615802505
EEU,perm,rent,2075,rur,0.032158139
EEU,perm,rent,2075,urb,0.091002362
EEU,perm,rent,2075,sub,0.0615802505
EEU,perm,rent,2080,rur,0.032158139
EEU,perm,rent,2080,urb,0.091002362
EEU,perm,rent,2080,sub,0.0615802505
EEU,perm,rent,2085,rur,0.032158139
EEU,perm,rent,2085,urb,0.091002362
EEU,perm,rent,2085,sub,0.0615802505
EEU,perm,rent,2090,rur,0.032158139
EEU,perm,rent,2090,urb,0.091002362
EEU,perm,rent,2090,sub,0.0615802505
EEU,perm,rent,2095,rur,0.032158139
EEU,perm,rent,2095,urb,0.091002362
EEU,perm,rent,2095,sub,0.0615802505
EEU,perm,rent,2100,rur,0.032158139
EEU,perm,rent,2100,urb,0.091002362
EEU,perm,rent,2100,sub,0.0615802505
EEU,sub,own,2015,rur,1.0
EEU,sub,own,2015,urb,1.0
EEU,sub,own,2015,sub,1.0
EEU,sub,own,2020,rur,1.0
EEU,sub,own,2020,urb,1.0
EEU,sub,own,2020,sub,1.0
EEU,sub,own,2025,rur,1.0
EEU,sub,own,2025,urb,1.0
EEU,sub,own,2025,sub,1.0
EEU,sub,own,2030,rur,1.0
EEU,sub,own,2030,urb,1.0
EEU,sub,own,2030,sub,1.0
EEU,sub,own,2035,rur,1.0
EEU,sub,own,2035,urb,1.0
EEU,sub,own,2035,sub,1.0
EEU,sub,own,2040,rur,1.0
EEU,sub,own,2040,urb,1.0
EEU,sub,own,2040,sub,1.0
EEU,sub,own,2045,rur,1.0
EEU,sub,own,2045,urb,1.0
EEU,sub,own,2045,sub,1.0
EEU,sub,own,2050,rur,1.0
EEU,sub,own,2050,urb,1.0
EEU,sub,own,2050,sub,1.0
EEU,sub,own,2055,rur,1.0
EEU,sub,own,2055,urb,1.0
EEU,sub,own,2055,sub,1.0
EEU,sub,own,2060,rur,1.0
EEU,sub,own,2060,urb,1.0
EEU,sub,own,2060,sub,1.0
EEU,sub,own,2065,rur,1.0
EEU,sub,own,2065,urb,1.0
EEU,sub,own,2065,sub,1.0
EEU,sub,own,2070,rur,1.0
EEU,sub,own,2070,urb,1.0
EEU,sub,own,2070,sub,1.0
EEU,sub,own,2075,rur,1.0
EEU,sub,own,2075,urb,1.0
EEU,sub,own,2075,sub,1.0
EEU,sub,own,2080,rur,1.0
EEU,sub,own,2080,urb,1.0
EEU,sub,own,2080,sub,1.0
EEU,sub,own,2085,rur,1.0
EEU,sub,own,2085,urb,1.0
EEU,sub,own,2085,sub,1.0
EEU,sub,own,2090,rur,1.0
EEU,sub,own,2090,urb,1.0
EEU,sub,own,2090,sub,1.0
EEU,sub,own,2095,rur,1.0
EEU,sub,own,2095,urb,1.0
EEU,sub,own,2095,sub,1.0
EEU,sub,own,2100,rur,1.0
EEU,sub,own,2100,urb,1.0
EEU,sub,own,2100,sub,1.0
EEU,sub,rent,2015,rur,0.0
EEU,sub,rent,2015,urb,0.0
EEU,sub,rent,2015,sub,0.0
EEU,sub,rent,2020,rur,0.0
EEU,sub,rent,2020,urb,0.0
EEU,sub,rent,2020,sub,0.0
EEU,sub,rent,2025,rur,0.0
EEU,sub,rent,2025,urb,0.0
EEU,sub,rent,2025,sub,0.0
EEU,sub,rent,2030,rur,0.0
EEU,sub,rent,2030,urb,0.0
EEU,sub,rent,2030,sub,0.0
EEU,sub,rent,2035,rur,0.0
EEU,sub,rent,2035,urb,0.0
EEU,sub,rent,2035,sub,0.0
EEU,sub,rent,2040,rur,0.0
EEU,sub,rent,2040,urb,0.0
EEU,sub,rent,2040,sub,0.0
EEU,sub,rent,2045,rur,0.0
EEU,sub,rent,2045,urb,0.0
EEU,sub,rent,2045,sub,0.0
EEU,sub,rent,2050,rur,0.0
EEU,sub,rent,2050,urb,0.0
EEU,sub,rent,2050,sub,0.0
EEU,sub,rent,2055,rur,0.0
EEU,sub,rent,2055,urb,0.0
EEU,sub,rent,2055,sub,0.0
EEU,sub,rent,2060,rur,0.0
EEU,sub,rent,2060,urb,0.0
EEU,sub,rent,2060,sub,0.0
EEU,sub,rent,2065,rur,0.0
EEU,sub,rent,2065,urb,0.0
EEU,sub,rent,2065,sub,0.0
EEU,sub,rent,2070,rur,0.0
EEU,sub,rent,2070,urb,0.0
EEU,sub,rent,2070,sub,0.0
EEU,sub,rent,2075,rur,0.0
EEU,sub,rent,2075,urb,0.0
EEU,sub,rent,2075,sub,0.0
EEU,sub,rent,2080,rur,0.0
EEU,sub,rent,2080,urb,0.0
EEU,sub,rent,2080,sub,0.0
EEU,sub,rent,2085,rur,0.0
EEU,sub,rent,2085,urb,0.0
EEU,sub,rent,2085,sub,0.0
EEU,sub,rent,2090,rur,0.0
EEU,sub,rent,2090,urb,0.0
EEU,sub,rent,2090,sub,0.0
EEU,sub,rent,2095,rur,0.0
EEU,sub,rent,2095,urb,0.0
EEU,sub,rent,2095,sub,0.0
EEU,sub,rent,2100,rur,0.0
EEU,sub,rent,2100,urb,0.0
EEU,sub,rent,2100,sub,0.0
FSU,perm,own,2015,rur,0.960519798
FSU,perm,own,2015,urb,0.950228008
FSU,perm,own,2015,sub,0.9553739029999999
FSU,perm,own,2020,rur,0.960519798
FSU,perm,own,2020,urb,0.950228008
FSU,perm,own,2020,sub,0.9553739029999999
FSU,perm,own,2025,rur,0.960519798
FSU,perm,own,2025,urb,0.950228008
FSU,perm,own,2025,sub,0.9553739029999999
FSU,perm,own,2030,rur,0.960519798
FSU,perm,own,2030,urb,0.950228008
FSU,perm,own,2030,sub,0.9553739029999999
FSU,perm,own,2035,rur,0.960519798
FSU,perm,own,2035,urb,0.950228008
FSU,perm,own,2035,sub,0.9553739029999999
FSU,perm,own,2040,rur,0.960519798
FSU,perm,own,2040,urb,0.950228008
FSU,perm,own,2040,sub,0.9553739029999999
FSU,perm,own,2045,rur,0.960519798
FSU,perm,own,2045,urb,0.950228008
FSU,perm,own,2045,sub,0.9553739029999999
FSU,perm,own,2050,rur,0.960519798
FSU,perm,own,2050,urb,0.950228008
FSU,perm,own,2050,sub,0.9553739029999999
FSU,perm,own,2055,rur,0.960519798
FSU,perm,own,2055,urb,0.950228008
FSU,perm,own,2055,sub,0.9553739029999999
FSU,perm,own,2060,rur,0.960519798
FSU,perm,own,2060,urb,0.950228008
FSU,perm,own,2060,sub,0.9553739029999999
FSU,perm,own,2065,rur,0.960519798
FSU,perm,own,2065,urb,0.950228008
FSU,perm,own,2065,sub,0.9553739029999999
FSU,perm,own,2070,rur,0.960519798
FSU,perm,own,2070,urb,0.950228008
FSU,perm,own,2070,sub,0.9553739029999999
FSU,perm,own,2075,rur,0.960519798
FSU,perm,own,2075,urb,0.950228008
FSU,perm,own,2075,sub,0.9553739029999999
FSU,perm,own,2080,rur,0.960519798
FSU,perm,own,2080,urb,0.950228008
FSU,perm,own,2080,sub,0.9553739029999999
FSU,perm,own,2085,rur,0.960519798
FSU,perm,own,2085,urb,0.950228008
FSU,perm,own,2085,sub,0.9553739029999999
FSU,perm,own,2090,rur,0.960519798
FSU,perm,own,2090,urb,0.950228008
FSU,perm,own,2090,sub,0.9553739029999999
FSU,perm,own,2095,rur,0.960519798
FSU,perm,own,2095,urb,0.950228008
FSU,perm,own,2095,sub,0.9553739029999999
FSU,perm,own,2100,rur,0.960519798
FSU,perm,own,2100,urb,0.950228008
FSU,perm,own,2100,sub,0.9553739029999999
FSU,perm,rent,2015,rur,0.039480202
FSU,perm,rent,2015,urb,0.049771992
FSU,perm,rent,2015,sub,0.044626097
FSU,perm,rent,2020,rur,0.039480202
FSU,perm,rent,2020,urb,0.049771992
FSU,perm,rent,2020,sub,0.044626097
FSU,perm,rent,2025,rur,0.039480202
FSU,perm,rent,2025,urb,0.049771992
FSU,perm,rent,2025,sub,0.044626097
FSU,perm,rent,2030,rur,0.039480202
FSU,perm,rent,2030,urb,0.049771992
FSU,perm,rent,2030,sub,0.044626097
FSU,perm,rent,2035,rur,0.039480202
FSU,perm,rent,2035,urb,0.049771992
FSU,perm,rent,2035,sub,0.044626097
FSU,perm,rent,2040,rur,0.039480202
FSU,perm,rent,2040,urb,0.049771992
FSU,perm,rent,2040,sub,0.044626097
FSU,perm,rent,2045,rur,0.039480202
FSU,perm,rent,2045,urb,0.049771992
FSU,perm,rent,2045,sub,0.044626097
FSU,perm,rent,2050,rur,0.039480202
FSU,perm,rent,2050,urb,0.049771992
FSU,perm,rent,2050,sub,0.044626097
FSU,perm,rent,2055,rur,0.039480202
FSU,perm,rent,2055,urb,0.049771992
FSU,perm,rent,2055,sub,0.044626097
FSU,perm,rent,2060,rur,0.039480202
FSU,perm,rent,2060,urb,0.049771992
FSU,perm,rent,2060,sub,0.044626097
FSU,perm,rent,2065,rur,0.039480202
FSU,perm,rent,2065,urb,0.049771992
FSU,perm,rent,2065,sub,0.044626097
FSU,perm,rent,2070,rur,0.039480202
FSU,perm,rent,2070,urb,0.049771992
FSU,perm,rent,2070,sub,0.044626097
FSU,perm,rent,2075,rur,0.039480202
FSU,perm,rent,2075,urb,0.049771992
FSU,perm,rent,2075,sub,0.044626097
FSU,perm,rent,2080,rur,0.039480202
FSU,perm,rent,2080,urb,0.049771992
FSU,perm,rent,2080,sub,0.044626097
FSU,perm,rent,2085,rur,0.039480202
FSU,perm,rent,2085,urb,0.049771992
FSU,perm,rent,2085,sub,0.044626097
FSU,perm,rent,2090,rur,0.039480202
FSU,perm,rent,2090,urb,0.049771992
FSU,perm,rent,2090,sub,0.044626097
FSU,perm,rent,2095,rur,0.039480202
FSU,perm,rent,2095,urb,0.049771992
FSU,perm,rent,2095,sub,0.044626097
FSU,perm,rent,2100,rur,0.039480202
FSU,perm,rent,2100,urb,0.049771992
FSU,perm,rent,2100,sub,0.044626097
FSU,sub,own,2015,rur,1.0
FSU,sub,own,2015,urb,1.0
FSU,sub,own,2015,sub,1.0
FSU,sub,own,2020,rur,1.0
FSU,sub,own,2020,urb,1.0
FSU,sub,own,2020,sub,1.0
FSU,sub,own,2025,rur,1.0
FSU,sub,own,2025,urb,1.0
FSU,sub,own,2025,sub,1.0
FSU,sub,own,2030,rur,1.0
FSU,sub,own,2030,urb,1.0
FSU,sub,own,2030,sub,1.0
FSU,sub,own,2035,rur,1.0
FSU,sub,own,2035,urb,1.0
FSU,sub,own,2035,sub,1.0
FSU,sub,own,2040,rur,1.0
FSU,sub,own,2040,urb,1.0
FSU,sub,own,2040,sub,1.0
FSU,sub,own,2045,rur,1.0
FSU,sub,own,2045,urb,1.0
FSU,sub,own,2045,sub,1.0
FSU,sub,own,2050,rur,1.0
FSU,sub,own,2050,urb,1.0
FSU,sub,own,2050,sub,1.0
FSU,sub,own,2055,rur,1.0
FSU,sub,own,2055,urb,1.0
FSU,sub,own,2055,sub,1.0
FSU,sub,own,2060,rur,1.0
FSU,sub,own,2060,urb,1.0
FSU,sub,own,2060,sub,1.0
FSU,sub,own,2065,rur,1.0
FSU,sub,own,2065,urb,1.0
FSU,sub,own,2065,sub,1.0
FSU,sub,own,2070,rur,1.0
FSU,sub,own,2070,urb,1.0
FSU,sub,own,2070,sub,1.0
FSU,sub,own,2075,rur,1.0
FSU,sub,own,2075,urb,1.0
FSU,sub,own,2075,sub,1.0
FSU,sub,own,2080,rur,1.0
FSU,sub,own,2080,urb,1.0
FSU,sub,own,2080,sub,1.0
FSU,sub,own,2085,rur,1.0
FSU,sub,own,2085,urb,1.0
FSU,sub,own,2085,sub,1.0
FSU,sub,own,2090,rur,1.0
FSU,sub,own,2090,urb,1.0
FSU,sub,own,2090,sub,1.0
FSU,sub,own,2095,rur,1.0
FSU,sub,own,2095,urb,1.0
FSU,sub,own,2095,sub,1.0
FSU,sub,own,2100,rur,1.0
FSU,sub,own,2100,urb,1.0
FSU,sub,own,2100,sub,1.0
FSU,sub,rent,2015,rur,0.0
FSU,sub,rent,2015,urb,0.0
FSU,sub,rent,2015,sub,0.0
FSU,sub,rent,2020,rur,0.0
FSU,sub,rent,2020,urb,0.0
FSU,sub,rent,2020,sub,0.0
FSU,sub,rent,2025,rur,0.0
FSU,sub,rent,2025,urb,0.0
FSU,sub,rent,2025,sub,0.0
FSU,sub,rent,2030,rur,0.0
FSU,sub,rent,2030,urb,0.0
FSU,sub,rent,2030,sub,0.0
FSU,sub,rent,2035,rur,0.0
FSU,sub,rent,2035,urb,0.0
FSU,sub,rent,2035,sub,0.0
FSU,sub,rent,2040,rur,0.0
FSU,sub,rent,2040,urb,0.0
FSU,sub,rent,2040,sub,0.0
FSU,sub,rent,2045,rur,0.0
FSU,sub,rent,2045,urb,0.0
FSU,sub,rent,2045,sub,0.0
FSU,sub,rent,2050,rur,0.0
FSU,sub,rent,2050,urb,0.0
FSU,sub,rent,2050,sub,0.0
FSU,sub,rent,2055,rur,0.0
FSU,sub,rent,2055,urb,0.0
FSU,sub,rent,2055,sub,0.0
FSU,sub,rent,2060,rur,0.0
FSU,sub,rent,2060,urb,0.0
FSU,sub,rent,2060,sub,0.0
FSU,sub,rent,2065,rur,0.0
FSU,sub,rent,2065,urb,0.0
FSU,sub,rent,2065,sub,0.0
FSU,sub,rent,2070,rur,0.0
FSU,sub,rent,2070,urb,0.0
FSU,sub,rent,2070,sub,0.0
FSU,sub,rent,2075,rur,0.0
FSU,sub,rent,2075,urb,0.0
FSU,sub,rent,2075,sub,0.0
FSU,sub,rent,2080,rur,0.0
FSU,sub,rent,2080,urb,0.0
FSU,sub,rent,2080,sub,0.0
FSU,sub,rent,2085,rur,0.0
FSU,sub,rent,2085,urb,0.0
FSU,sub,rent,2085,sub,0.0
FSU,sub,rent,2090,rur,0.0
FSU,sub,rent,2090,urb,0.0
FSU,sub,rent,2090,sub,0.0
FSU,sub,rent,2095,rur,0.0
FSU,sub,rent,2095,urb,0.0
FSU,sub,rent,2095,sub,0.0
FSU,sub,rent,2100,rur,0.0
FSU,sub,rent,2100,urb,0.0
FSU,sub,rent,2100,sub,0.0
LAC,perm,own,2015,rur,0.968082488
LAC,perm,own,2015,urb,0.816654786
LAC,perm,own,2015,sub,0.8923686369999999
LAC,perm,own,2020,rur,0.968082488
LAC,perm,own,2020,urb,0.816654786
LAC,perm,own,2020,sub,0.8923686369999999
LAC,perm,own,2025,rur,0.968082488
LAC,perm,own,2025,urb,0.816654786
LAC,perm,own,2025,sub,0.8923686369999999
LAC,perm,own,2030,rur,0.968082488
LAC,perm,own,2030,urb,0.816654786
LAC,perm,own,2030,sub,0.8923686369999999
LAC,perm,own,2035,rur,0.968082488
LAC,perm,own,2035,urb,0.816654786
LAC,perm,own,2035,sub,0.8923686369999999
LAC,perm,own,2040,rur,0.968082488
LAC,perm,own,2040,urb,0.816654786
LAC,perm,own,2040,sub,0.8923686369999999
LAC,perm,own,2045,rur,0.968082488
LAC,perm,own,2045,urb,0.816654786
LAC,perm,own,2045,sub,0.8923686369999999
LAC,perm,own,2050,rur,0.968082488
LAC,perm,own,2050,urb,0.816654786
LAC,perm,own,2050,sub,0.8923686369999999
LAC,perm,own,2055,rur,0.968082488
LAC,perm,own,2055,urb,0.816654786
LAC,perm,own,2055,sub,0.8923686369999999
LAC,perm,own,2060,rur,0.968082488
LAC,perm,own,2060,urb,0.816654786
LAC,perm,own,2060,sub,0.8923686369999999
LAC,perm,own,2065,rur,0.968082488
LAC,perm,own,2065,urb,0.816654786
LAC,perm,own,2065,sub,0.8923686369999999
LAC,perm,own,2070,rur,0.968082488
LAC,perm,own,2070,urb,0.816654786
LAC,perm,own,2070,sub,0.8923686369999999
LAC,perm,own,2075,rur,0.968082488
LAC,perm,own,2075,urb,0.816654786
LAC,perm,own,2075,sub,0.8923686369999999
LAC,perm,own,2080,rur,0.968082488
LAC,perm,own,2080,urb,0.816654786
LAC,perm,own,2080,sub,0.8923686369999999
LAC,perm,own,2085,rur,0.968082488
LAC,perm,own,2085,urb,0.816654786
LAC,perm,own,2085,sub,0.8923686369999999
LAC,perm,own,2090,rur,0.968082488
LAC,perm,own,2090,urb,0.816654786
LAC,perm,own,2090,sub,0.8923686369999999
LAC,perm,own,2095,rur,0.968082488
LAC,perm,own,2095,urb,0.816654786
LAC,perm,own,2095,sub,0.8923686369999999
LAC,perm,own,2100,rur,0.968082488
LAC,perm,own,2100,urb,0.816654786
LAC,perm,own,2100,sub,0.8923686369999999
LAC,perm,rent,2015,rur,0.031917512
LAC,perm,rent,2015,urb,0.183345214
LAC,perm,rent,2015,sub,0.10763136300000001
LAC,perm,rent,2020,rur,0.031917512
LAC,perm,rent,2020,urb,0.183345214
LAC,perm,rent,2020,sub,0.10763136300000001
LAC,perm,rent,2025,rur,0.031917512
LAC,perm,rent,2025,urb,0.183345214
LAC,perm,rent,2025,sub,0.10763136300000001
LAC,perm,rent,2030,rur,0.031917512
LAC,perm,rent,2030,urb,0.183345214
LAC,perm,rent,2030,sub,0.10763136300000001
LAC,perm,rent,2035,rur,0.031917512
LAC,perm,rent,2035,urb,0.183345214
LAC,perm,rent,2035,sub,0.10763136300000001
LAC,perm,rent,2040,rur,0.031917512
LAC,perm,rent,2040,urb,0.183345214
LAC,perm,rent,2040,sub,0.10763136300000001
LAC,perm,rent,2045,rur,0.031917512
LAC,perm,rent,2045,urb,0.183345214
LAC,perm,rent,2045,sub,0.10763136300000001
LAC,perm,rent,2050,rur,0.031917512
LAC,perm,rent,2050,urb,0.183345214
LAC,perm,rent,2050,sub,0.10763136300000001
LAC,perm,rent,2055,rur,0.031917512
LAC,perm,rent,2055,urb,0.183345214
LAC,perm,rent,2055,sub,0.10763136300000001
LAC,perm,rent,2060,rur,0.031917512
LAC,perm,rent,2060,urb,0.183345214
LAC,perm,rent,2060,sub,0.10763136300000001
LAC,perm,rent,2065,rur,0.031917512
LAC,perm,rent,2065,urb,0.183345214
LAC,perm,rent,2065,sub,0.10763136300000001
LAC,perm,rent,2070,rur,0.031917512
LAC,perm,rent,2070,urb,0.183345214
LAC,perm,rent,2070,sub,0.10763136300000001
LAC,perm,rent,2075,rur,0.031917512
LAC,perm,rent,2075,urb,0.183345214
LAC,perm,rent,2075,sub,0.10763136300000001
LAC,perm,rent,2080,rur,0.031917512
LAC,perm,rent,2080,urb,0.183345214
LAC,perm,rent,2080,sub,0.10763136300000001
LAC,perm,rent,2085,rur,0.031917512
LAC,perm,rent,2085,urb,0.183345214
LAC,perm,rent,2085,sub,0.10763136300000001
LAC,perm,rent,2090,rur,0.031917512
LAC,perm,rent,2090,urb,0.183345214
LAC,perm,rent,2090,sub,0.10763136300000001
LAC,perm,rent,2095,rur,0.031917512
LAC,perm,rent,2095,urb,0.183345214
LAC,perm,rent,2095,sub,0.10763136300000001
LAC,perm,rent,2100,rur,0.031917512
LAC,perm,rent,2100,urb,0.183345214
LAC,perm,rent,2100,sub,0.10763136300000001
LAC,sub,own,2015,rur,1.0
LAC,sub,own,2015,urb,1.0
LAC,sub,own,2015,sub,1.0
LAC,sub,own,2020,rur,1.0
LAC,sub,own,2020,urb,1.0
LAC,sub,own,2020,sub,1.0
LAC,sub,own,2025,rur,1.0
LAC,sub,own,2025,urb,1.0
LAC,sub,own,2025,sub,1.0
LAC,sub,own,2030,rur,1.0
LAC,sub,own,2030,urb,1.0
LAC,sub,own,2030,sub,1.0
LAC,sub,own,2035,rur,1.0
LAC,sub,own,2035,urb,1.0
LAC,sub,own,2035,sub,1.0
LAC,sub,own,2040,rur,1.0
LAC,sub,own,2040,urb,1.0
LAC,sub,own,2040,sub,1.0
LAC,sub,own,2045,rur,1.0
LAC,sub,own,2045,urb,1.0
LAC,sub,own,2045,sub,1.0
LAC,sub,own,2050,rur,1.0
LAC,sub,own,2050,urb,1.0
LAC,sub,own,2050,sub,1.0
LAC,sub,own,2055,rur,1.0
LAC,sub,own,2055,urb,1.0
LAC,sub,own,2055,sub,1.0
LAC,sub,own,2060,rur,1.0
LAC,sub,own,2060,urb,1.0
LAC,sub,own,2060,sub,1.0
LAC,sub,own,2065,rur,1.0
LAC,sub,own,2065,urb,1.0
LAC,sub,own,2065,sub,1.0
LAC,sub,own,2070,rur,1.0
LAC,sub,own,2070,urb,1.0
LAC,sub,own,2070,sub,1.0
LAC,sub,own,2075,rur,1.0
LAC,sub,own,2075,urb,1.0
LAC,sub,own,2075,sub,1.0
LAC,sub,own,2080,rur,1.0
LAC,sub,own,2080,urb,1.0
LAC,sub,own,2080,sub,1.0
LAC,sub,own,2085,rur,1.0
LAC,sub,own,2085,urb,1.0
LAC,sub,own,2085,sub,1.0
LAC,sub,own,2090,rur,1.0
LAC,sub,own,2090,urb,1.0
LAC,sub,own,2090,sub,1.0
LAC,sub,own,2095,rur,1.0
LAC,sub,own,2095,urb,1.0
LAC,sub,own,2095,sub,1.0
LAC,sub,own,2100,rur,1.0
LAC,sub,own,2100,urb,1.0
LAC,sub,own,2100,sub,1.0
LAC,sub,rent,2015,rur,0.0
LAC,sub,rent,2015,urb,0.0
LAC,sub,rent,2015,sub,0.0
LAC,sub,rent,2020,rur,0.0
LAC,sub,rent,2020,urb,0.0
LAC,sub,rent,2020,sub,0.0
LAC,sub,rent,2025,rur,0.0
LAC,sub,rent,2025,urb,0.0
LAC,sub,rent,2025,sub,0.0
LAC,sub,rent,2030,rur,0.0
LAC,sub,rent,2030,urb,0.0
LAC,sub,rent,2030,sub,0.0
LAC,sub,rent,2035,rur,0.0
LAC,sub,rent,2035,urb,0.0
LAC,sub,rent,2035,sub,0.0
LAC,sub,rent,2040,rur,0.0
LAC,sub,rent,2040,urb,0.0
LAC,sub,rent,2040,sub,0.0
LAC,sub,rent,2045,rur,0.0
LAC,sub,rent,2045,urb,0.0
LAC,sub,rent,2045,sub,0.0
LAC,sub,rent,2050,rur,0.0
LAC,sub,rent,2050,urb,0.0
LAC,sub,rent,2050,sub,0.0
LAC,sub,rent,2055,rur,0.0
LAC,sub,rent,2055,urb,0.0
LAC,sub,rent,2055,sub,0.0
LAC,sub,rent,2060,rur,0.0
LAC,sub,rent,2060,urb,0.0
LAC,sub,rent,2060,sub,0.0
LAC,sub,rent,2065,rur,0.0
LAC,sub,rent,2065,urb,0.0
LAC,sub,rent,2065,sub,0.0
LAC,sub,rent,2070,rur,0.0
LAC,sub,rent,2070,urb,0.0
LAC,sub,rent,2070,sub,0.0
LAC,sub,rent,2075,rur,0.0
LAC,sub,rent,2075,urb,0.0
LAC,sub,rent,2075,sub,0.0
LAC,sub,rent,2080,rur,0.0
LAC,sub,rent,2080,urb,0.0
LAC,sub,rent,2080,sub,0.0
LAC,sub,rent,2085,rur,0.0
LAC,sub,rent,2085,urb,0.0
LAC,sub,rent,2085,sub,0.0
LAC,sub,rent,2090,rur,0.0
LAC,sub,rent,2090,urb,0.0
LAC,sub,rent,2090,sub,0.0
LAC,sub,rent,2095,rur,0.0
LAC,sub,rent,2095,urb,0.0
LAC,sub,rent,2095,sub,0.0
LAC,sub,rent,2100,rur,0.0
LAC,sub,rent,2100,urb,0.0
LAC,sub,rent,2100,sub,0.0
MEA,perm,own,2015,rur,0.971342842
MEA,perm,own,2015,urb,0.82730578
MEA,perm,own,2015,sub,0.899324311
MEA,perm,own,2020,rur,0.971342842
MEA,perm,own,2020,urb,0.82730578
MEA,perm,own,2020,sub,0.899324311
MEA,perm,own,2025,rur,0.971342842
MEA,perm,own,2025,urb,0.82730578
MEA,perm,own,2025,sub,0.899324311
MEA,perm,own,2030,rur,0.971342842
MEA,perm,own,2030,urb,0.82730578
MEA,perm,own,2030,sub,0.899324311
MEA,perm,own,2035,rur,0.971342842
MEA,perm,own,2035,urb,0.82730578
MEA,perm,own,2035,sub,0.899324311
MEA,perm,own,2040,rur,0.971342842
MEA,perm,own,2040,urb,0.82730578
MEA,perm,own,2040,sub,0.899324311
MEA,perm,own,2045,rur,0.971342842
MEA,perm,own,2045,urb,0.82730578
MEA,perm,own,2045,sub,0.899324311
MEA,perm,own,2050,rur,0.971342842
MEA,perm,own,2050,urb,0.82730578
MEA,perm,own,2050,sub,0.899324311
MEA,perm,own,2055,rur,0.971342842
MEA,perm,own,2055,urb,0.82730578
MEA,perm,own,2055,sub,0.899324311
MEA,perm,own,2060,rur,0.971342842
MEA,perm,own,2060,urb,0.82730578
MEA,perm,own,2060,sub,0.899324311
MEA,perm,own,2065,rur,0.971342842
MEA,perm,own,2065,urb,0.82730578
MEA,perm,own,2065,sub,0.899324311
MEA,perm,own,2070,rur,0.971342842
MEA,perm,own,2070,urb,0.82730578
MEA,perm,own,2070,sub,0.899324311
MEA,perm,own,2075,rur,0.971342842
MEA,perm,own,2075,urb,0.82730578
MEA,perm,own,2075,sub,0.899324311
MEA,perm,own,2080,rur,0.971342842
MEA,perm,own,2080,urb,0.82730578
MEA,perm,own,2080,sub,0.899324311
MEA,perm,own,2085,rur,0.971342842
MEA,perm,own,2085,urb,0.82730578
MEA,perm,own,2085,sub,0.899324311
MEA,perm,own,2090,rur,0.971342842
MEA,perm,own,2090,urb,0.82730578
MEA,perm,own,2090,sub,0.899324311
MEA,perm,own,2095,rur,0.971342842
MEA,perm,own,2095,urb,0.82730578
MEA,perm,own,2095,sub,0.899324311
MEA,perm,own,2100,rur,0.971342842
MEA,perm,own,2100,urb,0.82730578
MEA,perm,own,2100,sub,0.899324311
MEA,perm,rent,2015,rur,0.028657158
MEA,perm,rent,2015,urb,0.17269422
MEA,perm,rent,2015,sub,0.100675689
MEA,perm,rent,2020,rur,0.028657158
MEA,perm,rent,2020,urb,0.17269422
MEA,perm,rent,2020,sub,0.100675689
MEA,perm,rent,2025,rur,0.028657158
MEA,perm,rent,2025,urb,0.17269422
MEA,perm,rent,2025,sub,0.100675689
MEA,perm,rent,2030,rur,0.028657158
MEA,perm,rent,2030,urb,0.17269422
MEA,perm,rent,2030,sub,0.100675689
MEA,perm,rent,2035,rur,0.028657158
MEA,perm,rent,2035,urb,0.17269422
MEA,perm,rent,2035,sub,0.100675689
MEA,perm,rent,2040,rur,0.028657158
MEA,perm,rent,2040,urb,0.17269422
MEA,perm,rent,2040,sub,0.100675689
MEA,perm,rent,2045,rur,0.028657158
MEA,perm,rent,2045,urb,0.17269422
MEA,perm,rent,2045,sub,0.100675689
MEA,perm,rent,2050,rur,0.028657158
MEA,perm,rent,2050,urb,0.17269422
MEA,perm,rent,2050,sub,0.100675689
MEA,perm,rent,2055,rur,0.028657158
MEA,perm,rent,2055,urb,0.17269422
MEA,perm,rent,2055,sub,0.100675689
MEA,perm,rent,2060,rur,0.028657158
MEA,perm,rent,2060,urb,0.17269422
MEA,perm,rent,2060,sub,0.100675689
MEA,perm,rent,2065,rur,0.028657158
MEA,perm,rent,2065,urb,0.17269422
MEA,perm,rent,2065,sub,0.100675689
MEA,perm,rent,2070,rur,0.028657158
MEA,perm,rent,2070,urb,0.17269422
MEA,perm,rent,2070,sub,0.100675689
MEA,perm,rent,2075,rur,0.028657158
MEA,perm,rent,2075,urb,0.17269422
MEA,perm,rent,2075,sub,0.100675689
MEA,perm,rent,2080,rur,0.028657158
MEA,perm,rent,2080,urb,0.17269422
MEA,perm,rent,2080,sub,0.100675689
MEA,perm,rent,2085,rur,0.028657158
MEA,perm,rent,2085,urb,0.17269422
MEA,perm,rent,2085,sub,0.100675689
MEA,perm,rent,2090,rur,0.028657158
MEA,perm,rent,2090,urb,0.17269422
MEA,perm,rent,2090,sub,0.100675689
MEA,perm,rent,2095,rur,0.028657158
MEA,perm,rent,2095,urb,0.17269422
MEA,perm,rent,2095,sub,0.100675689
MEA,perm,rent,2100,rur,0.028657158
MEA,perm,rent,2100,urb,0.17269422
MEA,perm,rent,2100,sub,0.100675689
MEA,sub,own,2015,rur,1.0
MEA,sub,own,2015,urb,1.0
MEA,sub,own,2015,sub,1.0
MEA,sub,own,2020,rur,1.0
MEA,sub,own,2020,urb,1.0
MEA,sub,own,2020,sub,1.0
MEA,sub,own,2025,rur,1.0
MEA,sub,own,2025,urb,1.0
MEA,sub,own,2025,sub,1.0
MEA,sub,own,2030,rur,1.0
MEA,sub,own,2030,urb,1.0
MEA,sub,own,2030,sub,1.0
MEA,sub,own,2035,rur,1.0
MEA,sub,own,2035,urb,1.0
MEA,sub,own,2035,sub,1.0
MEA,sub,own,2040,rur,1.0
MEA,sub,own,2040,urb,1.0
MEA,sub,own,2040,sub,1.0
MEA,sub,own,2045,rur,1.0
MEA,sub,own,2045,urb,1.0
MEA,sub,own,2045,sub,1.0
MEA,sub,own,2050,rur,1.0
MEA,sub,own,2050,urb,1.0
MEA,sub,own,2050,sub,1.0
MEA,sub,own,2055,rur,1.0
MEA,sub,own,2055,urb,1.0
MEA,sub,own,2055,sub,1.0
MEA,sub,own,2060,rur,1.0
MEA,sub,own,2060,urb,1.0
MEA,sub,own,2060,sub,1.0
MEA,sub,own,2065,rur,1.0
MEA,sub,own,2065,urb,1.0
MEA,sub,own,2065,sub,1.0
MEA,sub,own,2070,rur,1.0
MEA,sub,own,2070,urb,1.0
MEA,sub,own,2070,sub,1.0
MEA,sub,own,2075,rur,1.0
MEA,sub,own,2075,urb,1.0
MEA,sub,own,2075,sub,1.0
MEA,sub,own,2080,rur,1.0
MEA,sub,own,2080,urb,1.0
MEA,sub,own,2080,sub,1.0
MEA,sub,own,2085,rur,1.0
MEA,sub,own,2085,urb,1.0
MEA,sub,own,2085,sub,1.0
MEA,sub,own,2090,rur,1.0
MEA,sub,own,2090,urb,1.0
MEA,sub,own,2090,sub,1.0
MEA,sub,own,2095,rur,1.0
MEA,sub,own,2095,urb,1.0
MEA,sub,own,2095,sub,1.0
MEA,sub,own,2100,rur,1.0
MEA,sub,own,2100,urb,1.0
MEA,sub,own,2100,sub,1.0
MEA,sub,rent,2015,rur,0.0
MEA,sub,rent,2015,urb,0.0
MEA,sub,rent,2015,sub,0.0
MEA,sub,rent,2020,rur,0.0
MEA,sub,rent,2020,urb,0.0
MEA,sub,rent,2020,sub,0.0
MEA,sub,rent,2025,rur,0.0
MEA,sub,rent,2025,urb,0.0
MEA,sub,rent,2025,sub,0.0
MEA,sub,rent,2030,rur,0.0
MEA,sub,rent,2030,urb,0.0
MEA,sub,rent,2030,sub,0.0
MEA,sub,rent,2035,rur,0.0
MEA,sub,rent,2035,urb,0.0
MEA,sub,rent,2035,sub,0.0
MEA,sub,rent,2040,rur,0.0
MEA,sub,rent,2040,urb,0.0
MEA,sub,rent,2040,sub,0.0
MEA,sub,rent,2045,rur,0.0
MEA,sub,rent,2045,urb,0.0
MEA,sub,rent,2045,sub,0.0
MEA,sub,rent,2050,rur,0.0
MEA,sub,rent,2050,urb,0.0
MEA,sub,rent,2050,sub,0.0
MEA,sub,rent,2055,rur,0.0
MEA,sub,rent,2055,urb,0.0
MEA,sub,rent,2055,sub,0.0
MEA,sub,rent,2060,rur,0.0
MEA,sub,rent,2060,urb,0.0
MEA,sub,rent,2060,sub,0.0
MEA,sub,rent,2065,rur,0.0
MEA,sub,rent,2065,urb,0.0
MEA,sub,rent,2065,sub,0.0
MEA,sub,rent,2070,rur,0.0
MEA,sub,rent,2070,urb,0.0
MEA,sub,rent,2070,sub,0.0
MEA,sub,rent,2075,rur,0.0
MEA,sub,rent,2075,urb,0.0
MEA,sub,rent,2075,sub,0.0
MEA,sub,rent,2080,rur,0.0
MEA,sub,rent,2080,urb,0.0
MEA,sub,rent,2080,sub,0.0
MEA,sub,rent,2085,rur,0.0
MEA,sub,rent,2085,urb,0.0
MEA,sub,rent,2085,sub,0.0
MEA,sub,rent,2090,rur,0.0
MEA,sub,rent,2090,urb,0.0
MEA,sub,rent,2090,sub,0.0
MEA,sub,rent,2095,rur,0.0
MEA,sub,rent,2095,urb,0.0
MEA,sub,rent,2095,sub,0.0
MEA,sub,rent,2100,rur,0.0
MEA,sub,rent,2100,urb,0.0
MEA,sub,rent,2100,sub,0.0
NAM,perm,own,2015,rur,0.863649771
NAM,perm,own,2015,urb,0.59300102
NAM,perm,own,2015,sub,0.7283253955
NAM,perm,own,2020,rur,0.863649771
NAM,perm,own,2020,urb,0.59300102
NAM,perm,own,2020,sub,0.7283253955
NAM,perm,own,2025,rur,0.863649771
NAM,perm,own,2025,urb,0.59300102
NAM,perm,own,2025,sub,0.7283253955
NAM,perm,own,2030,rur,0.863649771
NAM,perm,own,2030,urb,0.59300102
NAM,perm,own,2030,sub,0.7283253955
NAM,perm,own,2035,rur,0.863649771
NAM,perm,own,2035,urb,0.59300102
NAM,perm,own,2035,sub,0.7283253955
NAM,perm,own,2040,rur,0.863649771
NAM,perm,own,2040,urb,0.59300102
NAM,perm,own,2040,sub,0.7283253955
NAM,perm,own,2045,rur,0.863649771
NAM,perm,own,2045,urb,0.59300102
NAM,perm,own,2045,sub,0.7283253955
NAM,perm,own,2050,rur,0.863649771
NAM,perm,own,2050,urb,0.59300102
NAM,perm,own,2050,sub,0.7283253955
NAM,perm,own,2055,rur,0.863649771
NAM,perm,own,2055,urb,0.59300102
NAM,perm,own,2055,sub,0.7283253955
NAM,perm,own,2060,rur,0.863649771
NAM,perm,own,2060,urb,0.59300102
NAM,perm,own,2060,sub,0.7283253955
NAM,perm,own,2065,rur,0.863649771
NAM,perm,own,2065,urb,0.59300102
NAM,perm,own,2065,sub,0.7283253955
NAM,perm,own,2070,rur,0.863649771
NAM,perm,own,2070,urb,0.59300102
NAM,perm,own,2070,sub,0.7283253955
NAM,perm,own,2075,rur,0.863649771
NAM,perm,own,2075,urb,0.59300102
NAM,perm,own,2075,sub,0.7283253955
NAM,perm,own,2080,rur,0.863649771
NAM,perm,own,2080,urb,0.59300102
NAM,perm,own,2080,sub,0.7283253955
NAM,perm,own,2085,rur,0.863649771
NAM,perm,own,2085,urb,0.59300102
NAM,perm,own,2085,sub,0.7283253955
NAM,perm,own,2090,rur,0.863649771
NAM,perm,own,2090,urb,0.59300102
NAM,perm,own,2090,sub,0.7283253955
NAM,perm,own,2095,rur,0.863649771
NAM,perm,own,2095,urb,0.59300102
NAM,perm,own,2095,sub,0.7283253955
NAM,perm,own,2100,rur,0.863649771
NAM,perm,own,2100,urb,0.59300102
NAM,perm,own,2100,sub,0.7283253955
NAM,perm,rent,2015,rur,0.136350229
NAM,perm,rent,2015,urb,0.40699898
NAM,perm,rent,2015,sub,0.2716746045
NAM,perm,rent,2020,rur,0.136350229
NAM,perm,rent,2020,urb,0.40699898
NAM,perm,rent,2020,sub,0.2716746045
NAM,perm,rent,2025,rur,0.136350229
NAM,perm,rent,2025,urb,0.40699898
NAM,perm,rent,2025,sub,0.2716746045
NAM,perm,rent,2030,rur,0.136350229
NAM,perm,rent,2030,urb,0.40699898
NAM,perm,rent,2030,sub,0.2716746045
NAM,perm,rent,2035,rur,0.136350229
NAM,perm,rent,2035,urb,0.40699898
NAM,perm,rent,2035,sub,0.2716746045
NAM,perm,rent,2040,rur,0.136350229
NAM,perm,rent,2040,urb,0.40699898
NAM,perm,rent,2040,sub,0.2716746045
NAM,perm,rent,2045,rur,0.136350229
NAM,perm,rent,2045,urb,0.40699898
NAM,perm,rent,2045,sub,0.2716746045
NAM,perm,rent,2050,rur,0.136350229
NAM,perm,rent,2050,urb,0.40699898
NAM,perm,rent,2050,sub,0.2716746045
NAM,perm,rent,2055,rur,0.136350229
NAM,perm,rent,2055,urb,0.40699898
NAM,perm,rent,2055,sub,0.2716746045
NAM,perm,rent,2060,rur,0.136350229
NAM,perm,rent,2060,urb,0.40699898
NAM,perm,rent,2060,sub,0.2716746045
NAM,perm,rent,2065,rur,0.136350229
NAM,perm,rent,2065,urb,0.40699898
NAM,perm,rent,2065,sub,0.2716746045
NAM,perm,rent,2070,rur,0.136350229
NAM,perm,rent,2070,urb,0.40699898
NAM,perm,rent,2070,sub,0.2716746045
NAM,perm,rent,2075,rur,0.136350229
NAM,perm,rent,2075,urb,0.40699898
NAM,perm,rent,2075,sub,0.2716746045
NAM,perm,rent,2080,rur,0.136350229
NAM,perm,rent,2080,urb,0.40699898
NAM,perm,rent,2080,sub,0.2716746045
NAM,perm,rent,2085,rur,0.136350229
NAM,perm,rent,2085,urb,0.40699898
NAM,perm,rent,2085,sub,0.2716746045
NAM,perm,rent,2090,rur,0.136350229
NAM,perm,rent,2090,urb,0.40699898
NAM,perm,rent,2090,sub,0.2716746045
NAM,perm,rent,2095,rur,0.136350229
NAM,perm,rent,2095,urb,0.40699898
NAM,perm,rent,2095,sub,0.2716746045
NAM,perm,rent,2100,rur,0.136350229
NAM,perm,rent,2100,urb,0.40699898
NAM,perm,rent,2100,sub,0.2716746045
NAM,sub,own,2015,rur,1.0
NAM,sub,own,2015,urb,1.0
NAM,sub,own,2015,sub,1.0
NAM,sub,own,2020,rur,1.0
NAM,sub,own,2020,urb,1.0
NAM,sub,own,2020,sub,1.0
NAM,sub,own,2025,rur,1.0
NAM,sub,own,2025,urb,1.0
NAM,sub,own,2025,sub,1.0
NAM,sub,own,2030,rur,1.0
NAM,sub,own,2030,urb,1.0
NAM,sub,own,2030,sub,1.0
NAM,sub,own,2035,rur,1.0
NAM,sub,own,2035,urb,1.0
NAM,sub,own,2035,sub,1.0
NAM,sub,own,2040,rur,1.0
NAM,sub,own,2040,urb,1.0
NAM,sub,own,2040,sub,1.0
NAM,sub,own,2045,rur,1.0
NAM,sub,own,2045,urb,1.0
NAM,sub,own,2045,sub,1.0
NAM,sub,own,2050,rur,1.0
NAM,sub,own,2050,urb,1.0
NAM,sub,own,2050,sub,1.0
NAM,sub,own,2055,rur,1.0
NAM,sub,own,2055,urb,1.0
NAM,sub,own,2055,sub,1.0
NAM,sub,own,2060,rur,1.0
NAM,sub,own,2060,urb,1.0
NAM,sub,own,2060,sub,1.0
NAM,sub,own,2065,rur,1.0
NAM,sub,own,2065,urb,1.0
NAM,sub,own,2065,sub,1.0
NAM,sub,own,2070,rur,1.0
NAM,sub,own,2070,urb,1.0
NAM,sub,own,2070,sub,1.0
NAM,sub,own,2075,rur,1.0
NAM,sub,own,2075,urb,1.0
NAM,sub,own,2075,sub,1.0
NAM,sub,own,2080,rur,1.0
NAM,sub,own,2080,urb,1.0
NAM,sub,own,2080,sub,1.0
NAM,sub,own,2085,rur,1.0
NAM,sub,own,2085,urb,1.0
NAM,sub,own,2085,sub,1.0
NAM,sub,own,2090,rur,1.0
NAM,sub,own,2090,urb,1.0
NAM,sub,own,2090,sub,1.0
NAM,sub,own,2095,rur,1.0
NAM,sub,own,2095,urb,1.0
NAM,sub,own,2095,sub,1.0
NAM,sub,own,2100,rur,1.0
NAM,sub,own,2100,urb,1.0
NAM,sub,own,2100,sub,1.0
NAM,sub,rent,2015,rur,0.0
NAM,sub,rent,2015,urb,0.0
NAM,sub,rent,2015,sub,0.0
NAM,sub,rent,2020,rur,0.0
NAM,sub,rent,2020,urb,0.0
NAM,sub,rent,2020,sub,0.0
NAM,sub,rent,2025,rur,0.0
NAM,sub,rent,2025,urb,0.0
NAM,sub,rent,2025,sub,0.0
NAM,sub,rent,2030,rur,0.0
NAM,sub,rent,2030,urb,0.0
NAM,sub,rent,2030,sub,0.0
NAM,sub,rent,2035,rur,0.0
NAM,sub,rent,2035,urb,0.0
NAM,sub,rent,2035,sub,0.0
NAM,sub,rent,2040,rur,0.0
NAM,sub,rent,2040,urb,0.0
NAM,sub,rent,2040,sub,0.0
NAM,sub,rent,2045,rur,0.0
NAM,sub,rent,2045,urb,0.0
NAM,sub,rent,2045,sub,0.0
NAM,sub,rent,2050,rur,0.0
NAM,sub,rent,2050,urb,0.0
NAM,sub,rent,2050,sub,0.0
NAM,sub,rent,2055,rur,0.0
NAM,sub,rent,2055,urb,0.0
NAM,sub,rent,2055,sub,0.0
NAM,sub,rent,2060,rur,0.0
NAM,sub,rent,2060,urb,0.0
NAM,sub,rent,2060,sub,0.0
NAM,sub,rent,2065,rur,0.0
NAM,sub,rent,2065,urb,0.0
NAM,sub,rent,2065,sub,0.0
NAM,sub,rent,2070,rur,0.0
NAM,sub,rent,2070,urb,0.0
NAM,sub,rent,2070,sub,0.0
NAM,sub,rent,2075,rur,0.0
NAM,sub,rent,2075,urb,0.0
NAM,sub,rent,2075,sub,0.0
NAM,sub,rent,2080,rur,0.0
NAM,sub,rent,2080,urb,0.0
NAM,sub,rent,2080,sub,0.0
NAM,sub,rent,2085,rur,0.0
NAM,sub,rent,2085,urb,0.0
NAM,sub,rent,2085,sub,0.0
NAM,sub,rent,2090,rur,0.0
NAM,sub,rent,2090,urb,0.0
NAM,sub,rent,2090,sub,0.0
NAM,sub,rent,2095,rur,0.0
NAM,sub,rent,2095,urb,0.0
NAM,sub,rent,2095,sub,0.0
NAM,sub,rent,2100,rur,0.0
NAM,sub,rent,2100,urb,0.0
NAM,sub,rent,2100,sub,0.0
PAO,perm,own,2015,rur,0.863649771
PAO,perm,own,2015,urb,0.632425356
PAO,perm,own,2015,sub,0.7480375635000001
PAO,perm,own,2020,rur,0.863649771
PAO,perm,own,2020,urb,0.632425356
PAO,perm,own,2020,sub,0.7480375635000001
PAO,perm,own,2025,rur,0.863649771
PAO,perm,own,2025,urb,0.632425356
PAO,perm,own,2025,sub,0.7480375635000001
PAO,perm,own,2030,rur,0.863649771
PAO,perm,own,2030,urb,0.632425356
PAO,perm,own,2030,sub,0.7480375635000001
PAO,perm,own,2035,rur,0.863649771
PAO,perm,own,2035,urb,0.632425356
PAO,perm,own,2035,sub,0.7480375635000001
PAO,perm,own,2040,rur,0.863649771
PAO,perm,own,2040,urb,0.632425356
PAO,perm,own,2040,sub,0.7480375635000001
PAO,perm,own,2045,rur,0.863649771
PAO,perm,own,2045,urb,0.632425356
PAO,perm,own,2045,sub,0.7480375635000001
PAO,perm,own,2050,rur,0.863649771
PAO,perm,own,2050,urb,0.632425356
PAO,perm,own,2050,sub,0.7480375635000001
PAO,perm,own,2055,rur,0.863649771
PAO,perm,own,2055,urb,0.632425356
PAO,perm,own,2055,sub,0.7480375635000001
PAO,perm,own,2060,rur,0.863649771
PAO,perm,own,2060,urb,0.632425356
PAO,perm,own,2060,sub,0.7480375635000001
PAO,perm,own,2065,rur,0.863649771
PAO,perm,own,2065,urb,0.632425356
PAO,perm,own,2065,sub,0.7480375635000001
PAO,perm,own,2070,rur,0.863649771
PAO,perm,own,2070,urb,0.632425356
PAO,perm,own,2070,sub,0.7480375635000001
PAO,perm,own,2075,rur,0.863649771
PAO,perm,own,2075,urb,0.632425356
PAO,perm,own,2075,sub,0.7480375635000001
PAO,perm,own,2080,rur,0.863649771
PAO,perm,own,2080,urb,0.632425356
PAO,perm,own,2080,sub,0.7480375635000001
PAO,perm,own,2085,rur,0.863649771
PAO,perm,own,2085,urb,0.632425356
PAO,perm,own,2085,sub,0.7480375635000001
PAO,perm,own,2090,rur,0.863649771
PAO,perm,own,2090,urb,0.632425356
PAO,perm,own,2090,sub,0.7480375635000001
PAO,perm,own,2095,rur,0.863649771
PAO,perm,own,2095,urb,0.632425356
PAO,perm,own,2095,sub,0.7480375635000001
PAO,perm,own,2100,rur,0.863649771
PAO,perm,own,2100,urb,0.632425356
PAO,perm,own,2100,sub,0.7480375635000001
PAO,perm,rent,2015,rur,0.136350229
PAO,perm,rent,2015,urb,0.367574644
PAO,perm,rent,2015,sub,0.2519624365
PAO,perm,rent,2020,rur,0.136350229
PAO,perm,rent,2020,urb,0.367574644
PAO,perm,rent,2020,sub,0.2519624365
PAO,perm,rent,2025,rur,0.136350229
PAO,perm,rent,2025,urb,0.367574644
PAO,perm,rent,2025,sub,0.2519624365
PAO,perm,rent,2030,rur,0.136350229
PAO,perm,rent,2030,urb,0.367574644
PAO,perm,rent,2030,sub,0.2519624365
PAO,perm,rent,2035,rur,0.136350229
PAO,perm,rent,2035,urb,0.367574644
PAO,perm,rent,2035,sub,0.2519624365
PAO,perm,rent,2040,rur,0.136350229
PAO,perm,rent,2040,urb,0.367574644
PAO,perm,rent,2040,sub,0.2519624365
PAO,perm,rent,2045,rur,0.136350229
PAO,perm,rent,2045,urb,0.367574644
PAO,perm,rent,2045,sub,0.2519624365
PAO,perm,rent,2050,rur,0.136350229
PAO,perm,rent,2050,urb,0.367574644
PAO,perm,rent,2050,sub,0.2519624365
PAO,perm,rent,2055,rur,0.136350229
PAO,perm,rent,2055,urb,0.367574644
PAO,perm,rent,2055,sub,0.2519624365
PAO,perm,rent,2060,rur,0.136350229
PAO,perm,rent,2060,urb,0.367574644
PAO,perm,rent,2060,sub,0.2519624365
PAO,perm,rent,2065,rur,0.136350229
PAO,perm,rent,2065,urb,0.367574644
PAO,perm,rent,2065,sub,0.2519624365
PAO,perm,rent,2070,rur,0.136350229
PAO,perm,rent,2070,urb,0.367574644
PAO,perm,rent,2070,sub,0.2519624365
PAO,perm,rent,2075,rur,0.136350229
PAO,perm,rent,2075,urb,0.367574644
PAO,perm,rent,2075,sub,0.2519624365
PAO,perm,rent,2080,rur,0.136350229
PAO,perm,rent,2080,urb,0.367574644
PAO,perm,rent,2080,sub,0.2519624365
PAO,perm,rent,2085,rur,0.136350229
PAO,perm,rent,2085,urb,0.367574644
PAO,perm,rent,2085,sub,0.2519624365
PAO,perm,rent,2090,rur,0.136350229
PAO,perm,rent,2090,urb,0.367574644
PAO,perm,rent,2090,sub,0.2519624365
PAO,perm,rent,2095,rur,0.136350229
PAO,perm,rent,2095,urb,0.367574644
PAO,perm,rent,2095,sub,0.2519624365
PAO,perm,rent,2100,rur,0.136350229
PAO,perm,rent,2100,urb,0.367574644
PAO,perm,rent,2100,sub,0.2519624365
PAO,sub,own,2015,rur,1.0
PAO,sub,own,2015,urb,1.0
PAO,sub,own,2015,sub,1.0
PAO,sub,own,2020,rur,1.0
PAO,sub,own,2020,urb,1.0
PAO,sub,own,2020,sub,1.0
PAO,sub,own,2025,rur,1.0
PAO,sub,own,2025,urb,1.0
PAO,sub,own,2025,sub,1.0
PAO,sub,own,2030,rur,1.0
PAO,sub,own,2030,urb,1.0
PAO,sub,own,2030,sub,1.0
PAO,sub,own,2035,rur,1.0
PAO,sub,own,2035,urb,1.0
PAO,sub,own,2035,sub,1.0
PAO,sub,own,2040,rur,1.0
PAO,sub,own,2040,urb,1.0
PAO,sub,own,2040,sub,1.0
PAO,sub,own,2045,rur,1.0
PAO,sub,own,2045,urb,1.0
PAO,sub,own,2045,sub,1.0
PAO,sub,own,2050,rur,1.0
PAO,sub,own,2050,urb,1.0
PAO,sub,own,2050,sub,1.0
PAO,sub,own,2055,rur,1.0
PAO,sub,own,2055,urb,1.0
PAO,sub,own,2055,sub,1.0
PAO,sub,own,2060,rur,1.0
PAO,sub,own,2060,urb,1.0
PAO,sub,own,2060,sub,1.0
PAO,sub,own,2065,rur,1.0
PAO,sub,own,2065,urb,1.0
PAO,sub,own,2065,sub,1.0
PAO,sub,own,2070,rur,1.0
PAO,sub,own,2070,urb,1.0
PAO,sub,own,2070,sub,1.0
PAO,sub,own,2075,rur,1.0
PAO,sub,own,2075,urb,1.0
PAO,sub,own,2075,sub,1.0
PAO,sub,own,2080,rur,1.0
PAO,sub,own,2080,urb,1.0
PAO,sub,own,2080,sub,1.0
PAO,sub,own,2085,rur,1.0
PAO,sub,own,2085,urb,1.0
PAO,sub,own,2085,sub,1.0
PAO,sub,own,2090,rur,1.0
PAO,sub,own,2090,urb,1.0
PAO,sub,own,2090,sub,1.0
PAO,sub,own,2095,rur,1.0
PAO,sub,own,2095,urb,1.0
PAO,sub,own,2095,sub,1.0
PAO,sub,own,2100,rur,1.0
PAO,sub,own,2100,urb,1.0
PAO,sub,own,2100,sub,1.0
PAO,sub,rent,2015,rur,0.0
PAO,sub,rent,2015,urb,0.0
PAO,sub,rent,2015,sub,0.0
PAO,sub,rent,2020,rur,0.0
PAO,sub,rent,2020,urb,0.0
PAO,sub,rent,2020,sub,0.0
PAO,sub,rent,2025,rur,0.0
PAO,sub,rent,2025,urb,0.0
PAO,sub,rent,2025,sub,0.0
PAO,sub,rent,2030,rur,0.0
PAO,sub,rent,2030,urb,0.0
PAO,sub,rent,2030,sub,0.0
PAO,sub,rent,2035,rur,0.0
PAO,sub,rent,2035,urb,0.0
PAO,sub,rent,2035,sub,0.0
PAO,sub,rent,2040,rur,0.0
PAO,sub,rent,2040,urb,0.0
PAO,sub,rent,2040,sub,0.0
PAO,sub,rent,2045,rur,0.0
PAO,sub,rent,2045,urb,0.0
PAO,sub,rent,2045,sub,0.0
PAO,sub,rent,2050,rur,0.0
PAO,sub,rent,2050,urb,0.0
PAO,sub,rent,2050,sub,0.0
PAO,sub,rent,2055,rur,0.0
PAO,sub,rent,2055,urb,0.0
PAO,sub,rent,2055,sub,0.0
PAO,sub,rent,2060,rur,0.0
PAO,sub,rent,2060,urb,0.0
PAO,sub,rent,2060,sub,0.0
PAO,sub,rent,2065,rur,0.0
PAO,sub,rent,2065,urb,0.0
PAO,sub,rent,2065,sub,0.0
PAO,sub,rent,2070,rur,0.0
PAO,sub,rent,2070,urb,0.0
PAO,sub,rent,2070,sub,0.0
PAO,sub,rent,2075,rur,0.0
PAO,sub,rent,2075,urb,0.0
PAO,sub,rent,2075,sub,0.0
PAO,sub,rent,2080,rur,0.0
PAO,sub,rent,2080,urb,0.0
PAO,sub,rent,2080,sub,0.0
PAO,sub,rent,2085,rur,0.0
PAO,sub,rent,2085,urb,0.0
PAO,sub,rent,2085,sub,0.0
PAO,sub,rent,2090,rur,0.0
PAO,sub,rent,2090,urb,0.0
PAO,sub,rent,2090,sub,0.0
PAO,sub,rent,2095,rur,0.0
PAO,sub,rent,2095,urb,0.0
PAO,sub,rent,2095,sub,0.0
PAO,sub,rent,2100,rur,0.0
PAO,sub,rent,2100,urb,0.0
PAO,sub,rent,2100,sub,0.0
PAS,perm,own,2015,rur,0.9733315
PAS,perm,own,2015,urb,0.824368212
PAS,perm,own,2015,sub,0.898849856
PAS,perm,own,2020,rur,0.9733315
PAS,perm,own,2020,urb,0.824368212
PAS,perm,own,2020,sub,0.898849856
PAS,perm,own,2025,rur,0.9733315
PAS,perm,own,2025,urb,0.824368212
PAS,perm,own,2025,sub,0.898849856
PAS,perm,own,2030,rur,0.9733315
PAS,perm,own,2030,urb,0.824368212
PAS,perm,own,2030,sub,0.898849856
PAS,perm,own,2035,rur,0.9733315
PAS,perm,own,2035,urb,0.824368212
PAS,perm,own,2035,sub,0.898849856
PAS,perm,own,2040,rur,0.9733315
PAS,perm,own,2040,urb,0.824368212
PAS,perm,own,2040,sub,0.898849856
PAS,perm,own,2045,rur,0.9733315
PAS,perm,own,2045,urb,0.824368212
PAS,perm,own,2045,sub,0.898849856
PAS,perm,own,2050,rur,0.9733315
PAS,perm,own,2050,urb,0.824368212
PAS,perm,own,2050,sub,0.898849856
PAS,perm,own,2055,rur,0.9733315
PAS,perm,own,2055,urb,0.824368212
PAS,perm,own,2055,sub,0.898849856
PAS,perm,own,2060,rur,0.9733315
PAS,perm,own,2060,urb,0.824368212
PAS,perm,own,2060,sub,0.898849856
PAS,perm,own,2065,rur,0.9733315
PAS,perm,own,2065,urb,0.824368212
PAS,perm,own,2065,sub,0.898849856
PAS,perm,own,2070,rur,0.9733315
PAS,perm,own,2070,urb,0.824368212
PAS,perm,own,2070,sub,0.898849856
PAS,perm,own,2075,rur,0.9733315
PAS,perm,own,2075,urb,0.824368212
PAS,perm,own,2075,sub,0.898849856
PAS,perm,own,2080,rur,0.9733315
PAS,perm,own,2080,urb,0.824368212
PAS,perm,own,2080,sub,0.898849856
PAS,perm,own,2085,rur,0.9733315
PAS,perm,own,2085,urb,0.824368212
PAS,perm,own,2085,sub,0.898849856
PAS,perm,own,2090,rur,0.9733315
PAS,perm,own,2090,urb,0.824368212
PAS,perm,own,2090,sub,0.898849856
PAS,perm,own,2095,rur,0.9733315
PAS,perm,own,2095,urb,0.824368212
PAS,perm,own,2095,sub,0.898849856
PAS,perm,own,2100,rur,0.9733315
PAS,perm,own,2100,urb,0.824368212
PAS,perm,own,2100,sub,0.898849856
PAS,perm,rent,2015,rur,0.0266685
PAS,perm,rent,2015,urb,0.175631788
PAS,perm,rent,2015,sub,0.10115014400000001
PAS,perm,rent,2020,rur,0.0266685
PAS,perm,rent,2020,urb,0.175631788
PAS,perm,rent,2020,sub,0.10115014400000001
PAS,perm,rent,2025,rur,0.0266685
PAS,perm,rent,2025,urb,0.175631788
PAS,perm,rent,2025,sub,0.10115014400000001
PAS,perm,rent,2030,rur,0.0266685
PAS,perm,rent,2030,urb,0.175631788
PAS,perm,rent,2030,sub,0.10115014400000001
PAS,perm,rent,2035,rur,0.0266685
PAS,perm,rent,2035,urb,0.175631788
PAS,perm,rent,2035,sub,0.10115014400000001
PAS,perm,rent,2040,rur,0.0266685
PAS,perm,rent,2040,urb,0.175631788
PAS,perm,rent,2040,sub,0.10115014400000001
PAS,perm,rent,2045,rur,0.0266685
PAS,perm,rent,2045,urb,0.175631788
PAS,perm,rent,2045,sub,0.10115014400000001
PAS,perm,rent,2050,rur,0.0266685
PAS,perm,rent,2050,urb,0.175631788
PAS,perm,rent,2050,sub,0.10115014400000001
PAS,perm,rent,2055,rur,0.0266685
PAS,perm,rent,2055,urb,0.175631788
PAS,perm,rent,2055,sub,0.10115014400000001
PAS,perm,rent,2060,rur,0.0266685
PAS,perm,rent,2060,urb,0.175631788
PAS,perm,rent,2060,sub,0.10115014400000001
PAS,perm,rent,2065,rur,0.0266685
PAS,perm,rent,2065,urb,0.175631788
PAS,perm,rent,2065,sub,0.10115014400000001
PAS,perm,rent,2070,rur,0.0266685
PAS,perm,rent,2070,urb,0.175631788
PAS,perm,rent,2070,sub,0.10115014400000001
PAS,perm,rent,2075,rur,0.0266685
PAS,perm,rent,2075,urb,0.175631788
PAS,perm,rent,2075,sub,0.10115014400000001
PAS,perm,rent,2080,rur,0.0266685
PAS,perm,rent,2080,urb,0.175631788
PAS,perm,rent,2080,sub,0.10115014400000001
PAS,perm,rent,2085,rur,0.0266685
PAS,perm,rent,2085,urb,0.175631788
PAS,perm,rent,2085,sub,0.10115014400000001
PAS,perm,rent,2090,rur,0.0266685
PAS,perm,rent,2090,urb,0.175631788
PAS,perm,rent,2090,sub,0.10115014400000001
PAS,perm,rent,2095,rur,0.0266685
PAS,perm,rent,2095,urb,0.175631788
PAS,perm,rent,2095,sub,0.10115014400000001
PAS,perm,rent,2100,rur,0.0266685
PAS,perm,rent,2100,urb,0.175631788
PAS,perm,rent,2100,sub,0.10115014400000001
PAS,sub,own,2015,rur,1.0
PAS,sub,own,2015,urb,1.0
PAS,sub,own,2015,sub,1.0
PAS,sub,own,2020,rur,1.0
PAS,sub,own,2020,urb,1.0
PAS,sub,own,2020,sub,1.0
PAS,sub,own,2025,rur,1.0
PAS,sub,own,2025,urb,1.0
PAS,sub,own,2025,sub,1.0
PAS,sub,own,2030,rur,1.0
PAS,sub,own,2030,urb,1.0
PAS,sub,own,2030,sub,1.0
PAS,sub,own,2035,rur,1.0
PAS,sub,own,2035,urb,1.0
PAS,sub,own,2035,sub,1.0
PAS,sub,own,2040,rur,1.0
PAS,sub,own,2040,urb,1.0
PAS,sub,own,2040,sub,1.0
PAS,sub,own,2045,rur,1.0
PAS,sub,own,2045,urb,1.0
PAS,sub,own,2045,sub,1.0
PAS,sub,own,2050,rur,1.0
PAS,sub,own,2050,urb,1.0
PAS,sub,own,2050,sub,1.0
PAS,sub,own,2055,rur,1.0
PAS,sub,own,2055,urb,1.0
PAS,sub,own,2055,sub,1.0
PAS,sub,own,2060,rur,1.0
PAS,sub,own,2060,urb,1.0
PAS,sub,own,2060,sub,1.0
PAS,sub,own,2065,rur,1.0
PAS,sub,own,2065,urb,1.0
PAS,sub,own,2065,sub,1.0
PAS,sub,own,2070,rur,1.0
PAS,sub,own,2070,urb,1.0
PAS,sub,own,2070,sub,1.0
PAS,sub,own,2075,rur,1.0
PAS,sub,own,2075,urb,1.0
PAS,sub,own,2075,sub,1.0
PAS,sub,own,2080,rur,1.0
PAS,sub,own,2080,urb,1.0
PAS,sub,own,2080,sub,1.0
PAS,sub,own,2085,rur,1.0
PAS,sub,own,2085,urb,1.0
PAS,sub,own,2085,sub,1.0
PAS,sub,own,2090,rur,1.0
PAS,sub,own,2090,urb,1.0
PAS,sub,own,2090,sub,1.0
PAS,sub,own,2095,rur,1.0
PAS,sub,own,2095,urb,1.0
PAS,sub,own,2095,sub,1.0
PAS,sub,own,2100,rur,1.0
PAS,sub,own,2100,urb,1.0
PAS,sub,own,2100,sub,1.0
PAS,sub,rent,2015,rur,0.0
PAS,sub,rent,2015,urb,0.0
PAS,sub,rent,2015,sub,0.0
PAS,sub,rent,2020,rur,0.0
PAS,sub,rent,2020,urb,0.0
PAS,sub,rent,2020,sub,0.0
PAS,sub,rent,2025,rur,0.0
PAS,sub,rent,2025,urb,0.0
PAS,sub,rent,2025,sub,0.0
PAS,sub,rent,2030,rur,0.0
PAS,sub,rent,2030,urb,0.0
PAS,sub,rent,2030,sub,0.0
PAS,sub,rent,2035,rur,0.0
PAS,sub,rent,2035,urb,0.0
PAS,sub,rent,2035,sub,0.0
PAS,sub,rent,2040,rur,0.0
PAS,sub,rent,2040,urb,0.0
PAS,sub,rent,2040,sub,0.0
PAS,sub,rent,2045,rur,0.0
PAS,sub,rent,2045,urb,0.0
PAS,sub,rent,2045,sub,0.0
PAS,sub,rent,2050,rur,0.0
PAS,sub,rent,2050,urb,0.0
PAS,sub,rent,2050,sub,0.0
PAS,sub,rent,2055,rur,0.0
PAS,sub,rent,2055,urb,0.0
PAS,sub,rent,2055,sub,0.0
PAS,sub,rent,2060,rur,0.0
PAS,sub,rent,2060,urb,0.0
PAS,sub,rent,2060,sub,0.0
PAS,sub,rent,2065,rur,0.0
PAS,sub,rent,2065,urb,0.0
PAS,sub,rent,2065,sub,0.0
PAS,sub,rent,2070,rur,0.0
PAS,sub,rent,2070,urb,0.0
PAS,sub,rent,2070,sub,0.0
PAS,sub,rent,2075,rur,0.0
PAS,sub,rent,2075,urb,0.0
PAS,sub,rent,2075,sub,0.0
PAS,sub,rent,2080,rur,0.0
PAS,sub,rent,2080,urb,0.0
PAS,sub,rent,2080,sub,0.0
PAS,sub,rent,2085,rur,0.0
PAS,sub,rent,2085,urb,0.0
PAS,sub,rent,2085,sub,0.0
PAS,sub,rent,2090,rur,0.0
PAS,sub,rent,2090,urb,0.0
PAS,sub,rent,2090,sub,0.0
PAS,sub,rent,2095,rur,0.0
PAS,sub,rent,2095,urb,0.0
PAS,sub,rent,2095,sub,0.0
PAS,sub,rent,2100,rur,0.0
PAS,sub,rent,2100,urb,0.0
PAS,sub,rent,2100,sub,0.0
SAS,perm,own,2015,rur,0.9733315
SAS,perm,own,2015,urb,0.824368212
SAS,perm,own,2015,sub,0.898849856
SAS,perm,own,2020,rur,0.9733315
SAS,perm,own,2020,urb,0.824368212
SAS,perm,own,2020,sub,0.898849856
SAS,perm,own,2025,rur,0.9733315
SAS,perm,own,2025,urb,0.824368212
SAS,perm,own,2025,sub,0.898849856
SAS,perm,own,2030,rur,0.9733315
SAS,perm,own,2030,urb,0.824368212
SAS,perm,own,2030,sub,0.898849856
SAS,perm,own,2035,rur,0.9733315
SAS,perm,own,2035,urb,0.824368212
SAS,perm,own,2035,sub,0.898849856
SAS,perm,own,2040,rur,0.9733315
SAS,perm,own,2040,urb,0.824368212
SAS,perm,own,2040,sub,0.898849856
SAS,perm,own,2045,rur,0.9733315
SAS,perm,own,2045,urb,0.824368212
SAS,perm,own,2045,sub,0.898849856
SAS,perm,own,2050,rur,0.9733315
SAS,perm,own,2050,urb,0.824368212
SAS,perm,own,2050,sub,0.898849856
SAS,perm,own,2055,rur,0.9733315
SAS,perm,own,2055,urb,0.824368212
SAS,perm,own,2055,sub,0.898849856
SAS,perm,own,2060,rur,0.9733315
SAS,perm,own,2060,urb,0.824368212
SAS,perm,own,2060,sub,0.898849856
SAS,perm,own,2065,rur,0.9733315
SAS,perm,own,2065,urb,0.824368212
SAS,perm,own,2065,sub,0.898849856
SAS,perm,own,2070,rur,0.9733315
SAS,perm,own,2070,urb,0.824368212
SAS,perm,own,2070,sub,0.898849856
SAS,perm,own,2075,rur,0.9733315
SAS,perm,own,2075,urb,0.824368212
SAS,perm,own,2075,sub,0.898849856
SAS,perm,own,2080,rur,0.9733315
SAS,perm,own,2080,urb,0.824368212
SAS,perm,own,2080,sub,0.898849856
SAS,perm,own,2085,rur,0.9733315
SAS,perm,own,2085,urb,0.824368212
SAS,perm,own,2085,sub,0.898849856
SAS,perm,own,2090,rur,0.9733315
SAS,perm,own,2090,urb,0.824368212
SAS,perm,own,2090,sub,0.898849856
SAS,perm,own,2095,rur,0.9733315
SAS,perm,own,2095,urb,0.824368212
SAS,perm,own,2095,sub,0.898849856
SAS,perm,own,2100,rur,0.9733315
SAS,perm,own,2100,urb,0.824368212
SAS,perm,own,2100,sub,0.898849856
SAS,perm,rent,2015,rur,0.0266685
SAS,perm,rent,2015,urb,0.175631788
SAS,perm,rent,2015,sub,0.10115014400000001
SAS,perm,rent,2020,rur,0.0266685
SAS,perm,rent,2020,urb,0.175631788
SAS,perm,rent,2020,sub,0.10115014400000001
SAS,perm,rent,2025,rur,0.0266685
SAS,perm,rent,2025,urb,0.175631788
SAS,perm,rent,2025,sub,0.10115014400000001
SAS,perm,rent,2030,rur,0.0266685
SAS,perm,rent,2030,urb,0.175631788
SAS,perm,rent,2030,sub,0.10115014400000001
SAS,perm,rent,2035,rur,0.0266685
SAS,perm,rent,2035,urb,0.175631788
SAS,perm,rent,2035,sub,0.10115014400000001
SAS,perm,rent,2040,rur,0.0266685
SAS,perm,rent,2040,urb,0.175631788
SAS,perm,rent,2040,sub,0.10115014400000001
SAS,perm,rent,2045,rur,0.0266685
SAS,perm,rent,2045,urb,0.175631788
SAS,perm,rent,2045,sub,0.10115014400000001
SAS,perm,rent,2050,rur,0.0266685
SAS,perm,rent,2050,urb,0.175631788
SAS,perm,rent,2050,sub,0.10115014400000001
SAS,perm,rent,2055,rur,0.0266685
SAS,perm,rent,2055,urb,0.175631788
SAS,perm,rent,2055,sub,0.10115014400000001
SAS,perm,rent,2060,rur,0.0266685
SAS,perm,rent,2060,urb,0.175631788
SAS,perm,rent,2060,sub,0.10115014400000001
SAS,perm,rent,2065,rur,0.0266685
SAS,perm,rent,2065,urb,0.175631788
SAS,perm,rent,2065,sub,0.10115014400000001
SAS,perm,rent,2070,rur,0.0266685
SAS,perm,rent,2070,urb,0.175631788
SAS,perm,rent,2070,sub,0.10115014400000001
SAS,perm,rent,2075,rur,0.0266685
SAS,perm,rent,2075,urb,0.175631788
SAS,perm,rent,2075,sub,0.10115014400000001
SAS,perm,rent,2080,rur,0.0266685
SAS,perm,rent,2080,urb,0.175631788
SAS,perm,rent,2080,sub,0.10115014400000001
SAS,perm,rent,2085,rur,0.0266685
SAS,perm,rent,2085,urb,0.175631788
SAS,perm,rent,2085,sub,0.10115014400000001
SAS,perm,rent,2090,rur,0.0266685
SAS,perm,rent,2090,urb,0.175631788
SAS,perm,rent,2090,sub,0.10115014400000001
SAS,perm,rent,2095,rur,0.0266685
SAS,perm,rent,2095,urb,0.175631788
SAS,perm,rent,2095,sub,0.10115014400000001
SAS,perm,rent,2100,rur,0.0266685
SAS,perm,rent,2100,urb,0.175631788
SAS,perm,rent,2100,sub,0.10115014400000001
SAS,sub,own,2015,rur,1.0
SAS,sub,own,2015,urb,1.0
SAS,sub,own,2015,sub,1.0
SAS,sub,own,2020,rur,1.0
SAS,sub,own,2020,urb,1.0
SAS,sub,own,2020,sub,1.0
SAS,sub,own,2025,rur,1.0
SAS,sub,own,2025,urb,1.0
SAS,sub,own,2025,sub,1.0
SAS,sub,own,2030,rur,1.0
SAS,sub,own,2030,urb,1.0
SAS,sub,own,2030,sub,1.0
SAS,sub,own,2035,rur,1.0
SAS,sub,own,2035,urb,1.0
SAS,sub,own,2035,sub,1.0
SAS,sub,own,2040,rur,1.0
SAS,sub,own,2040,urb,1.0
SAS,sub,own,2040,sub,1.0
SAS,sub,own,2045,rur,1.0
SAS,sub,own,2045,urb,1.0
SAS,sub,own,2045,sub,1.0
SAS,sub,own,2050,rur,1.0
SAS,sub,own,2050,urb,1.0
SAS,sub,own,2050,sub,1.0
SAS,sub,own,2055,rur,1.0
SAS,sub,own,2055,urb,1.0
SAS,sub,own,2055,sub,1.0
SAS,sub,own,2060,rur,1.0
SAS,sub,own,2060,urb,1.0
SAS,sub,own,2060,sub,1.0
SAS,sub,own,2065,rur,1.0
SAS,sub,own,2065,urb,1.0
SAS,sub,own,2065,sub,1.0
SAS,sub,own,2070,rur,1.0
SAS,sub,own,2070,urb,1.0
SAS,sub,own,2070,sub,1.0
SAS,sub,own,2075,rur,1.0
SAS,sub,own,2075,urb,1.0
SAS,sub,own,2075,sub,1.0
SAS,sub,own,2080,rur,1.0
SAS,sub,own,2080,urb,1.0
SAS,sub,own,2080,sub,1.0
SAS,sub,own,2085,rur,1.0
SAS,sub,own,2085,urb,1.0
SAS,sub,own,2085,sub,1.0
SAS,sub,own,2090,rur,1.0
SAS,sub,own,2090,urb,1.0
SAS,sub,own,2090,sub,1.0
SAS,sub,own,2095,rur,1.0
SAS,sub,own,2095,urb,1.0
SAS,sub,own,2095,sub,1.0
SAS,sub,own,2100,rur,1.0
SAS,sub,own,2100,urb,1.0
SAS,sub,own,2100,sub,1.0
SAS,sub,rent,2015,rur,0.0
SAS,sub,rent,2015,urb,0.0
SAS,sub,rent,2015,sub,0.0
SAS,sub,rent,2020,rur,0.0
SAS,sub,rent,2020,urb,0.0
SAS,sub,rent,2020,sub,0.0
SAS,sub,rent,2025,rur,0.0
SAS,sub,rent,2025,urb,0.0
SAS,sub,rent,2025,sub,0.0
SAS,sub,rent,2030,rur,0.0
SAS,sub,rent,2030,urb,0.0
SAS,sub,rent,2030,sub,0.0
SAS,sub,rent,2035,rur,0.0
SAS,sub,rent,2035,urb,0.0
SAS,sub,rent,2035,sub,0.0
SAS,sub,rent,2040,rur,0.0
SAS,sub,rent,2040,urb,0.0
SAS,sub,rent,2040,sub,0.0
SAS,sub,rent,2045,rur,0.0
SAS,sub,rent,2045,urb,0.0
SAS,sub,rent,2045,sub,0.0
SAS,sub,rent,2050,rur,0.0
SAS,sub,rent,2050,urb,0.0
SAS,sub,rent,2050,sub,0.0
SAS,sub,rent,2055,rur,0.0
SAS,sub,rent,2055,urb,0.0
SAS,sub,rent,2055,sub,0.0
SAS,sub,rent,2060,rur,0.0
SAS,sub,rent,2060,urb,0.0
SAS,sub,rent,2060,sub,0.0
SAS,sub,rent,2065,rur,0.0
SAS,sub,rent,2065,urb,0.0
SAS,sub,rent,2065,sub,0.0
SAS,sub,rent,2070,rur,0.0
SAS,sub,rent,2070,urb,0.0
SAS,sub,rent,2070,sub,0.0
SAS,sub,rent,2075,rur,0.0
SAS,sub,rent,2075,urb,0.0
SAS,sub,rent,2075,sub,0.0
SAS,sub,rent,2080,rur,0.0
SAS,sub,rent,2080,urb,0.0
SAS,sub,rent,2080,sub,0.0
SAS,sub,rent,2085,rur,0.0
SAS,sub,rent,2085,urb,0.0
SAS,sub,rent,2085,sub,0.0
SAS,sub,rent,2090,rur,0.0
SAS,sub,rent,2090,urb,0.0
SAS,sub,rent,2090,sub,0.0
SAS,sub,rent,2095,rur,0.0
SAS,sub,rent,2095,urb,0.0
SAS,sub,rent,2095,sub,0.0
SAS,sub,rent,2100,rur,0.0
SAS,sub,rent,2100,urb,0.0
SAS,sub,rent,2100,sub,0.0
WEU,perm,own,2015,rur,0.883761717
WEU,perm,own,2015,urb,0.631295989
WEU,perm,own,2015,sub,0.757528853
WEU,perm,own,2020,rur,0.883761717
WEU,perm,own,2020,urb,0.631295989
WEU,perm,own,2020,sub,0.757528853
WEU,perm,own,2025,rur,0.883761717
WEU,perm,own,2025,urb,0.631295989
WEU,perm,own,2025,sub,0.757528853
WEU,perm,own,2030,rur,0.883761717
WEU,perm,own,2030,urb,0.631295989
WEU,perm,own,2030,sub,0.757528853
WEU,perm,own,2035,rur,0.883761717
WEU,perm,own,2035,urb,0.631295989
WEU,perm,own,2035,sub,0.757528853
WEU,perm,own,2040,rur,0.883761717
WEU,perm,own,2040,urb,0.631295989
WEU,perm,own,2040,sub,0.757528853
WEU,perm,own,2045,rur,0.883761717
WEU,perm,own,2045,urb,0.631295989
WEU,perm,own,2045,sub,0.757528853
WEU,perm,own,2050,rur,0.883761717
WEU,perm,own,2050,urb,0.631295989
WEU,perm,own,2050,sub,0.757528853
WEU,perm,own,2055,rur,0.883761717
WEU,perm,own,2055,urb,0.631295989
WEU,perm,own,2055,sub,0.757528853
WEU,perm,own,2060,rur,0.883761717
WEU,perm,own,2060,urb,0.631295989
WEU,perm,own,2060,sub,0.757528853
WEU,perm,own,2065,rur,0.883761717
WEU,perm,own,2065,urb,0.631295989
WEU,perm,own,2065,sub,0.757528853
WEU,perm,own,2070,rur,0.883761717
WEU,perm,own,2070,urb,0.631295989
WEU,perm,own,2070,sub,0.757528853
WEU,perm,own,2075,rur,0.883761717
WEU,perm,own,2075,urb,0.631295989
WEU,perm,own,2075,sub,0.757528853
WEU,perm,own,2080,rur,0.883761717
WEU,perm,own,2080,urb,0.631295989
WEU,perm,own,2080,sub,0.757528853
WEU,perm,own,2085,rur,0.883761717
WEU,perm,own,2085,urb,0.631295989
WEU,perm,own,2085,sub,0.757528853
WEU,perm,own,2090,rur,0.883761717
WEU,perm,own,2090,urb,0.631295989
WEU,perm,own,2090,sub,0.757528853
WEU,perm,own,2095,rur,0.883761717
WEU,perm,own,2095,urb,0.631295989
WEU,perm,own,2095,sub,0.757528853
WEU,perm,own,2100,rur,0.883761717
WEU,perm,own,2100,urb,0.631295989
WEU,perm,own,2100,sub,0.757528853
WEU,perm,rent,2015,rur,0.116238283
WEU,perm,rent,2015,urb,0.368704011
WEU,perm,rent,2015,sub,0.242471147
WEU,perm,rent,2020,rur,0.116238283
WEU,perm,rent,2020,urb,0.368704011
WEU,perm,rent,2020,sub,0.242471147
WEU,perm,rent,2025,rur,0.116238283
WEU,perm,rent,2025,urb,0.368704011
WEU,perm,rent,2025,sub,0.242471147
WEU,perm,rent,2030,rur,0.116238283
WEU,perm,rent,2030,urb,0.368704011
WEU,perm,rent,2030,sub,0.242471147
WEU,perm,rent,2035,rur,0.116238283
WEU,perm,rent,2035,urb,0.368704011
WEU,perm,rent,2035,sub,0.242471147
WEU,perm,rent,2040,rur,0.116238283
WEU,perm,rent,2040,urb,0.368704011
WEU,perm,rent,2040,sub,0.242471147
WEU,perm,rent,2045,rur,0.116238283
WEU,perm,rent,2045,urb,0.368704011
WEU,perm,rent,2045,sub,0.242471147
WEU,perm,rent,2050,rur,0.116238283
WEU,perm,rent,2050,urb,0.368704011
WEU,perm,rent,2050,sub,0.242471147
WEU,perm,rent,2055,rur,0.116238283
WEU,perm,rent,2055,urb,0.368704011
WEU,perm,rent,2055,sub,0.242471147
WEU,perm,rent,2060,rur,0.116238283
WEU,perm,rent,2060,urb,0.368704011
WEU,perm,rent,2060,sub,0.242471147
WEU,perm,rent,2065,rur,0.116238283
WEU,perm,rent,2065,urb,0.368704011
WEU,perm,rent,2065,sub,0.242471147
WEU,perm,rent,2070,rur,0.116238283
WEU,perm,rent,2070,urb,0.368704011
WEU,perm,rent,2070,sub,0.242471147
WEU,perm,rent,2075,rur,0.116238283
WEU,perm,rent,2075,urb,0.368704011
WEU,perm,rent,2075,sub,0.242471147
WEU,perm,rent,2080,rur,0.116238283
WEU,perm,rent,2080,urb,0.368704011
WEU,perm,rent,2080,sub,0.242471147
WEU,perm,rent,2085,rur,0.116238283
WEU,perm,rent,2085,urb,0.368704011
WEU,perm,rent,2085,sub,0.242471147
WEU,perm,rent,2090,rur,0.116238283
WEU,perm,rent,2090,urb,0.368704011
WEU,perm,rent,2090,sub,0.242471147
WEU,perm,rent,2095,rur,0.116238283
WEU,perm,rent,2095,urb,0.368704011
WEU,perm,rent,2095,sub,0.242471147
WEU,perm,rent,2100,rur,0.116238283
WEU,perm,rent,2100,urb,0.368704011
WEU,perm,rent,2100,sub,0.242471147
WEU,sub,own,2015,rur,1.0
WEU,sub,own,2015,urb,1.0
WEU,sub,own,2015,sub,1.0
WEU,sub,own,2020,rur,1.0
WEU,sub,own,2020,urb,1.0
WEU,sub,own,2020,sub,1.0
WEU,sub,own,2025,rur,1.0
WEU,sub,own,2025,urb,1.0
WEU,sub,own,2025,sub,1.0
WEU,sub,own,2030,rur,1.0
WEU,sub,own,2030,urb,1.0
WEU,sub,own,2030,sub,1.0
WEU,sub,own,2035,rur,1.0
WEU,sub,own,2035,urb,1.0
WEU,sub,own,2035,sub,1.0
WEU,sub,own,2040,rur,1.0
WEU,sub,own,2040,urb,1.0
WEU,sub,own,2040,sub,1.0
WEU,sub,own,2045,rur,1.0
WEU,sub,own,2045,urb,1.0
WEU,sub,own,2045,sub,1.0
WEU,sub,own,2050,rur,1.0
WEU,sub,own,2050,urb,1.0
WEU,sub,own,2050,sub,1.0
WEU,sub,own,2055,rur,1.0
WEU,sub,own,2055,urb,1.0
WEU,sub,own,2055,sub,1.0
WEU,sub,own,2060,rur,1.0
WEU,sub,own,2060,urb,1.0
WEU,sub,own,2060,sub,1.0
WEU,sub,own,2065,rur,1.0
WEU,sub,own,2065,urb,1.0
WEU,sub,own,2065,sub,1.0
WEU,sub,own,2070,rur,1.0
WEU,sub,own,2070,urb,1.0
WEU,sub,own,2070,sub,1.0
WEU,sub,own,2075,rur,1.0
WEU,sub,own,2075,urb,1.0
WEU,sub,own,2075,sub,1.0
WEU,sub,own,2080,rur,1.0
WEU,sub,own,2080,urb,1.0
WEU,sub,own,2080,sub,1.0
WEU,sub,own,2085,rur,1.0
WEU,sub,own,2085,urb,1.0
WEU,sub,own,2085,sub,1.0
WEU,sub,own,2090,rur,1.0
WEU,sub,own,2090,urb,1.0
WEU,sub,own,2090,sub,1.0
WEU,sub,own,2095,rur,1.0
WEU,sub,own,2095,urb,1.0
WEU,sub,own,2095,sub,1.0
WEU,sub,own,2100,rur,1.0
WEU,sub,own,2100,urb,1.0
WEU,sub,own,2100,sub,1.0
WEU,sub,rent,2015,rur,0.0
WEU,sub,rent,2015,urb,0.0
WEU,sub,rent,2015,sub,0.0
WEU,sub,rent,2020,rur,0.0
WEU,sub,rent,2020,urb,0.0
WEU,sub,rent,2020,sub,0.0
WEU,sub,rent,2025,rur,0.0
WEU,sub,rent,2025,urb,0.0
WEU,sub,rent,2025,sub,0.0
WEU,sub,rent,2030,rur,0.0
WEU,sub,rent,2030,urb,0.0
WEU,sub,rent,2030,sub,0.0
WEU,sub,rent,2035,rur,0.0
WEU,sub,rent,2035,urb,0.0
WEU,sub,rent,2035,sub,0.0
WEU,sub,rent,2040,rur,0.0
WEU,sub,rent,2040,urb,0.0
WEU,sub,rent,2040,sub,0.0
WEU,sub,rent,2045,rur,0.0
WEU,sub,rent,2045,urb,0.0
WEU,sub,rent,2045,sub,0.0
WEU,sub,rent,2050,rur,0.0
WEU,sub,rent,2050,urb,0.0
WEU,sub,rent,2050,sub,0.0
WEU,sub,rent,2055,rur,0.0
WEU,sub,rent,2055,urb,0.0
WEU,sub,rent,2055,sub,0.0
WEU,sub,rent,2060,rur,0.0
WEU,sub,rent,2060,urb,0.0
WEU,sub,rent,2060,sub,0.0
WEU,sub,rent,2065,rur,0.0
WEU,sub,rent,2065,urb,0.0
WEU,sub,rent,2065,sub,0.0
WEU,sub,rent,2070,rur,0.0
WEU,sub,rent,2070,urb,0.0
WEU,sub,rent,2070,sub,0.0
WEU,sub,rent,2075,rur,0.0
WEU,sub,rent,2075,urb,0.0
WEU,sub,rent,2075,sub,0.0
WEU,sub,rent,2080,rur,0.0
WEU,sub,rent,2080,urb,0.0
WEU,sub,rent,2080,sub,0.0
WEU,sub,rent,2085,rur,0.0
WEU,sub,rent,2085,urb,0.0
WEU,sub,rent,2085,sub,0.0
WEU,sub,rent,2090,rur,0.0
WEU,sub,rent,2090,urb,0.0
WEU,sub,rent,2090,sub,0.0
WEU,sub,rent,2095,rur,0.0
WEU,sub,rent,2095,urb,0.0
WEU,sub,rent,2095,sub,0.0
WEU,sub,rent,2100,rur,0.0
WEU,sub,rent,2100,urb,0.0
WEU,sub,rent,2100,sub,0.0
