region_gea,mat,tenr,year,value
AFR,perm,own,2015,0.8377186590000001
AFR,perm,own,2020,0.8377186590000001
AFR,perm,own,2025,0.8377186590000001
AFR,perm,own,2030,0.8377186590000001
AFR,perm,own,2035,0.8377186590000001
AFR,perm,own,2040,0.8377186590000001
AFR,perm,own,2045,0.8377186590000001
AFR,perm,own,2050,0.8377186590000001
AFR,perm,own,2055,0.8377186590000001
AFR,perm,own,2060,0.8377186590000001
AFR,perm,own,2065,0.8377186590000001
AFR,perm,own,2070,0.8377186590000001
AFR,perm,own,2075,0.8377186590000001
AFR,perm,own,2080,0.8377186590000001
AFR,perm,own,2085,0.8377186590000001
AFR,perm,own,2090,0.8377186590000001
AFR,perm,own,2095,0.8377186590000001
AFR,perm,own,2100,0.8377186590000001
AFR,perm,rent,2015,0.162281341
AFR,perm,rent,2020,0.162281341
AFR,perm,rent,2025,0.162281341
AFR,perm,rent,2030,0.162281341
AFR,perm,rent,2035,0.162281341
AFR,perm,rent,2040,0.162281341
AFR,perm,rent,2045,0.162281341
AFR,perm,rent,2050,0.162281341
AFR,perm,rent,2055,0.162281341
AFR,perm,rent,2060,0.162281341
AFR,perm,rent,2065,0.162281341
AFR,perm,rent,2070,0.162281341
AFR,perm,rent,2075,0.162281341
AFR,perm,rent,2080,0.162281341
AFR,perm,rent,2085,0.162281341
AFR,perm,rent,2090,0.162281341
AFR,perm,rent,2095,0.162281341
AFR,perm,rent,2100,0.162281341
AFR,sub,own,2015,1.0
AFR,sub,own,2020,1.0
AFR,sub,own,2025,1.0
AFR,sub,own,2030,1.0
AFR,sub,own,2035,1.0
AFR,sub,own,2040,1.0
AFR,sub,own,2045,1.0
AFR,sub,own,2050,1.0
AFR,sub,own,2055,1.0
AFR,sub,own,2060,1.0
AFR,sub,own,2065,1.0
AFR,sub,own,2070,1.0
AFR,sub,own,2075,1.0
AFR,sub,own,2080,1.0
AFR,sub,own,2085,1.0
AFR,sub,own,2090,1.0
AFR,sub,own,2095,1.0
AFR,sub,own,2100,1.0
AFR,sub,rent,2015,0.0
AFR,sub,rent,2020,0.0
AFR,sub,rent,2025,0.0
AFR,sub,rent,2030,0.0
AFR,sub,rent,2035,0.0
AFR,sub,rent,2040,0.0
AFR,sub,rent,2045,0.0
AFR,sub,rent,2050,0.0
AFR,sub,rent,2055,0.0
AFR,sub,rent,2060,0.0
AFR,sub,rent,2065,0.0
AFR,sub,rent,2070,0.0
AFR,sub,rent,2075,0.0
AFR,sub,rent,2080,0.0
AFR,sub,rent,2085,0.0
AFR,sub,rent,2090,0.0
AFR,sub,rent,2095,0.0
AFR,sub,rent,2100,0.0
CPA,perm,own,2015,0.898849856
CPA,perm,own,2020,0.898849856
CPA,perm,own,2025,0.898849856
CPA,perm,own,2030,0.898849856
CPA,perm,own,2035,0.898849856
CPA,perm,own,2040,0.898849856
CPA,perm,own,2045,0.898849856
CPA,perm,own,2050,0.898849856
CPA,perm,own,2055,0.898849856
CPA,perm,own,2060,0.898849856
CPA,perm,own,2065,0.898849856
CPA,perm,own,2070,0.898849856
CPA,perm,own,2075,0.898849856
CPA,perm,own,2080,0.898849856
CPA,perm,own,2085,0.898849856
CPA,perm,own,2090,0.898849856
CPA,perm,own,2095,0.898849856
CPA,perm,own,2100,0.898849856
CPA,perm,rent,2015,0.101150144
CPA,perm,rent,2020,0.101150144
CPA,perm,rent,2025,0.101150144
CPA,perm,rent,2030,0.101150144
CPA,perm,rent,2035,0.101150144
CPA,perm,rent,2040,0.101150144
CPA,perm,rent,2045,0.101150144
CPA,perm,rent,2050,0.101150144
CPA,perm,rent,2055,0.101150144
CPA,perm,rent,2060,0.101150144
CPA,perm,rent,2065,0.101150144
CPA,perm,rent,2070,0.101150144
CPA,perm,rent,2075,0.101150144
CPA,perm,rent,2080,0.101150144
CPA,perm,rent,2085,0.101150144
CPA,perm,rent,2090,0.101150144
CPA,perm,rent,2095,0.101150144
CPA,perm,rent,2100,0.101150144
CPA,sub,own,2015,1.0
CPA,sub,own,2020,1.0
CPA,sub,own,2025,1.0
CPA,sub,own,2030,1.0
CPA,sub,own,2035,1.0
CPA,sub,own,2040,1.0
CPA,sub,own,2045,1.0
CPA,sub,own,2050,1.0
CPA,sub,own,2055,1.0
CPA,sub,own,2060,1.0
CPA,sub,own,2065,1.0
CPA,sub,own,2070,1.0
CPA,sub,own,2075,1.0
CPA,sub,own,2080,1.0
CPA,sub,own,2085,1.0
CPA,sub,own,2090,1.0
CPA,sub,own,2095,1.0
CPA,sub,own,2100,1.0
CPA,sub,rent,2015,0.0
CPA,sub,rent,2020,0.0
CPA,sub,rent,2025,0.0
CPA,sub,rent,2030,0.0
CPA,sub,rent,2035,0.0
CPA,sub,rent,2040,0.0
CPA,sub,rent,2045,0.0
CPA,sub,rent,2050,0.0
CPA,sub,rent,2055,0.0
CPA,sub,rent,2060,0.0
CPA,sub,rent,2065,0.0
CPA,sub,rent,2070,0.0
CPA,sub,rent,2075,0.0
CPA,sub,rent,2080,0.0
CPA,sub,rent,2085,0.0
CPA,sub,rent,2090,0.0
CPA,sub,rent,2095,0.0
CPA,sub,rent,2100,0.0
EEU,perm,own,2015,0.9384197495
EEU,perm,own,2020,0.9384197495
EEU,perm,own,2025,0.9384197495
EEU,perm,own,2030,0.9384197495
EEU,perm,own,2035,0.9384197495
EEU,perm,own,2040,0.9384197495
EEU,perm,own,2045,0.9384197495
EEU,perm,own,2050,0.9384197495
EEU,perm,own,2055,0.9384197495
EEU,perm,own,2060,0.9384197495
EEU,perm,own,2065,0.9384197495
EEU,perm,own,2070,0.9384197495
EEU,perm,own,2075,0.9384197495
EEU,perm,own,2080,0.9384197495
EEU,perm,own,2085,0.9384197495
EEU,perm,own,2090,0.9384197495
EEU,perm,own,2095,0.9384197495
EEU,perm,own,2100,0.9384197495
EEU,perm,rent,2015,0.06158025050000001
EEU,perm,rent,2020,0.06158025050000001
EEU,perm,rent,2025,0.06158025050000001
EEU,perm,rent,2030,0.06158025050000001
EEU,perm,rent,2035,0.06158025050000001
EEU,perm,rent,2040,0.06158025050000001
EEU,perm,rent,2045,0.06158025050000001
EEU,perm,rent,2050,0.06158025050000001
EEU,perm,rent,2055,0.06158025050000001
EEU,perm,rent,2060,0.06158025050000001
EEU,perm,rent,2065,0.06158025050000001
EEU,perm,rent,2070,0.06158025050000001
EEU,perm,rent,2075,0.06158025050000001
EEU,perm,rent,2080,0.06158025050000001
EEU,perm,rent,2085,0.06158025050000001
EEU,perm,rent,2090,0.06158025050000001
EEU,perm,rent,2095,0.06158025050000001
EEU,perm,rent,2100,0.06158025050000001
EEU,sub,own,2015,1.0
EEU,sub,own,2020,1.0
EEU,sub,own,2025,1.0
EEU,sub,own,2030,1.0
EEU,sub,own,2035,1.0
EEU,sub,own,2040,1.0
EEU,sub,own,2045,1.0
EEU,sub,own,2050,1.0
EEU,sub,own,2055,1.0
EEU,sub,own,2060,1.0
EEU,sub,own,2065,1.0
EEU,sub,own,2070,1.0
EEU,sub,own,2075,1.0
EEU,sub,own,2080,1.0
EEU,sub,own,2085,1.0
EEU,sub,own,2090,1.0
EEU,sub,own,2095,1.0
EEU,sub,own,2100,1.0
EEU,sub,rent,2015,0.0
EEU,sub,rent,2020,0.0
EEU,sub,rent,2025,0.0
EEU,sub,rent,2030,0.0
EEU,sub,rent,2035,0.0
EEU,sub,rent,2040,0.0
EEU,sub,rent,2045,0.0
EEU,sub,rent,2050,0.0
EEU,sub,rent,2055,0.0
EEU,sub,rent,2060,0.0
EEU,sub,rent,2065,0.0
EEU,sub,rent,2070,0.0
EEU,sub,rent,2075,0.0
EEU,sub,rent,2080,0.0
EEU,sub,rent,2085,0.0
EEU,sub,rent,2090,0.0
EEU,sub,rent,2095,0.0
EEU,sub,rent,2100,0.0
FSU,perm,own,2015,0.9553739029999999
FSU,perm,own,2020,0.9553739029999999
FSU,perm,own,2025,0.9553739029999999
FSU,perm,own,2030,0.9553739029999999
FSU,perm,own,2035,0.9553739029999999
FSU,perm,own,2040,0.9553739029999999
FSU,perm,own,2045,0.9553739029999999
FSU,perm,own,2050,0.9553739029999999
FSU,perm,own,2055,0.9553739029999999
FSU,perm,own,2060,0.9553739029999999
FSU,perm,own,2065,0.9553739029999999
FSU,perm,own,2070,0.9553739029999999
FSU,perm,own,2075,0.9553739029999999
FSU,perm,own,2080,0.9553739029999999
FSU,perm,own,2085,0.9553739029999999
FSU,perm,own,2090,0.9553739029999999
FSU,perm,own,2095,0.9553739029999999
FSU,perm,own,2100,0.9553739029999999
FSU,perm,rent,2015,0.044626097
FSU,perm,rent,2020,0.044626097
FSU,perm,rent,2025,0.044626097
FSU,perm,rent,2030,0.044626097
FSU,perm,rent,2035,0.044626097
FSU,perm,rent,2040,0.044626097
FSU,perm,rent,2045,0.044626097
FSU,perm,rent,2050,0.044626097
FSU,perm,rent,2055,0.044626097
FSU,perm,rent,2060,0.044626097
FSU,perm,rent,2065,0.044626097
FSU,perm,rent,2070,0.044626097
FSU,perm,rent,2075,0.044626097
FSU,perm,rent,2080,0.044626097
FSU,perm,rent,2085,0.044626097
FSU,perm,rent,2090,0.044626097
FSU,perm,rent,2095,0.044626097
FSU,perm,rent,2100,0.044626097
FSU,sub,own,2015,1.0
FSU,sub,own,2020,1.0
FSU,sub,own,2025,1.0
FSU,sub,own,2030,1.0
FSU,sub,own,2035,1.0
FSU,sub,own,2040,1.0
FSU,sub,own,2045,1.0
FSU,sub,own,2050,1.0
FSU,sub,own,2055,1.0
FSU,sub,own,2060,1.0
FSU,sub,own,2065,1.0
FSU,sub,own,2070,1.0
FSU,sub,own,2075,1.0
FSU,sub,own,2080,1.0
FSU,sub,own,2085,1.0
FSU,sub,own,2090,1.0
FSU,sub,own,2095,1.0
FSU,sub,own,2100,1.0
FSU,sub,rent,2015,0.0
FSU,sub,rent,2020,0.0
FSU,sub,rent,2025,0.0
FSU,sub,rent,2030,0.0
FSU,sub,rent,2035,0.0
FSU,sub,rent,2040,0.0
FSU,sub,rent,2045,0.0
FSU,sub,rent,2050,0.0
FSU,sub,rent,2055,0.0
FSU,sub,rent,2060,0.0
FSU,sub,rent,2065,0.0
FSU,sub,rent,2070,0.0
FSU,sub,rent,2075,0.0
FSU,sub,rent,2080,0.0
FSU,sub,rent,2085,0.0
FSU,sub,rent,2090,0.0
FSU,sub,rent,2095,0.0
FSU,sub,rent,2100,0.0
LAC,perm,own,2015,0.892368637
LAC,perm,own,2020,0.892368637
LAC,perm,own,2025,0.892368637
LAC,perm,own,2030,0.892368637
LAC,perm,own,2035,0.892368637
LAC,perm,own,2040,0.892368637
LAC,perm,own,2045,0.892368637
LAC,perm,own,2050,0.892368637
LAC,perm,own,2055,0.892368637
LAC,perm,own,2060,0.892368637
LAC,perm,own,2065,0.892368637
LAC,perm,own,2070,0.892368637
LAC,perm,own,2075,0.892368637
LAC,perm,own,2080,0.892368637
LAC,perm,own,2085,0.892368637
LAC,perm,own,2090,0.892368637
LAC,perm,own,2095,0.892368637
LAC,perm,own,2100,0.892368637
LAC,perm,rent,2015,0.107631363
LAC,perm,rent,2020,0.107631363
LAC,perm,rent,2025,0.107631363
LAC,perm,rent,2030,0.107631363
LAC,perm,rent,2035,0.107631363
LAC,perm,rent,2040,0.107631363
LAC,perm,rent,2045,0.107631363
LAC,perm,rent,2050,0.107631363
LAC,perm,rent,2055,0.107631363
LAC,perm,rent,2060,0.107631363
LAC,perm,rent,2065,0.107631363
LAC,perm,rent,2070,0.107631363
LAC,perm,rent,2075,0.107631363
LAC,perm,rent,2080,0.107631363
LAC,perm,rent,2085,0.107631363
LAC,perm,rent,2090,0.107631363
LAC,perm,rent,2095,0.107631363
LAC,perm,rent,2100,0.107631363
LAC,sub,own,2015,1.0
LAC,sub,own,2020,1.0
LAC,sub,own,2025,1.0
LAC,sub,own,2030,1.0
LAC,sub,own,2035,1.0
LAC,sub,own,2040,1.0
LAC,sub,own,2045,1.0
LAC,sub,own,2050,1.0
LAC,sub,own,2055,1.0
LAC,sub,own,2060,1.0
LAC,sub,own,2065,1.0
LAC,sub,own,2070,1.0
LAC,sub,own,2075,1.0
LAC,sub,own,2080,1.0
LAC,sub,own,2085,1.0
LAC,sub,own,2090,1.0
LAC,sub,own,2095,1.0
LAC,sub,own,2100,1.0
LAC,sub,rent,2015,0.0
LAC,sub,rent,2020,0.0
LAC,sub,rent,2025,0.0
LAC,sub,rent,2030,0.0
LAC,sub,rent,2035,0.0
LAC,sub,rent,2040,0.0
LAC,sub,rent,2045,0.0
LAC,sub,rent,2050,0.0
LAC,sub,rent,2055,0.0
LAC,sub,rent,2060,0.0
LAC,sub,rent,2065,0.0
LAC,sub,rent,2070,0.0
LAC,sub,rent,2075,0.0
LAC,sub,rent,2080,0.0
LAC,sub,rent,2085,0.0
LAC,sub,rent,2090,0.0
LAC,sub,rent,2095,0.0
LAC,sub,rent,2100,0.0
MEA,perm,own,2015,0.899324311
MEA,perm,own,2020,0.899324311
MEA,perm,own,2025,0.899324311
MEA,perm,own,2030,0.899324311
MEA,perm,own,2035,0.899324311
MEA,perm,own,2040,0.899324311
MEA,perm,own,2045,0.899324311
MEA,perm,own,2050,0.899324311
MEA,perm,own,2055,0.899324311
MEA,perm,own,2060,0.899324311
MEA,perm,own,2065,0.899324311
MEA,perm,own,2070,0.899324311
MEA,perm,own,2075,0.899324311
MEA,perm,own,2080,0.899324311
MEA,perm,own,2085,0.899324311
MEA,perm,own,2090,0.899324311
MEA,perm,own,2095,0.899324311
MEA,perm,own,2100,0.899324311
MEA,perm,rent,2015,0.100675689
MEA,perm,rent,2020,0.100675689
MEA,perm,rent,2025,0.100675689
MEA,perm,rent,2030,0.100675689
MEA,perm,rent,2035,0.100675689
MEA,perm,rent,2040,0.100675689
MEA,perm,rent,2045,0.100675689
MEA,perm,rent,2050,0.100675689
MEA,perm,rent,2055,0.100675689
MEA,perm,rent,2060,0.100675689
MEA,perm,rent,2065,0.100675689
MEA,perm,rent,2070,0.100675689
MEA,perm,rent,2075,0.100675689
MEA,perm,rent,2080,0.100675689
MEA,perm,rent,2085,0.100675689
MEA,perm,rent,2090,0.100675689
MEA,perm,rent,2095,0.100675689
MEA,perm,rent,2100,0.100675689
MEA,sub,own,2015,1.0
MEA,sub,own,2020,1.0
MEA,sub,own,2025,1.0
MEA,sub,own,2030,1.0
MEA,sub,own,2035,1.0
MEA,sub,own,2040,1.0
MEA,sub,own,2045,1.0
MEA,sub,own,2050,1.0
MEA,sub,own,2055,1.0
MEA,sub,own,2060,1.0
MEA,sub,own,2065,1.0
MEA,sub,own,2070,1.0
MEA,sub,own,2075,1.0
MEA,sub,own,2080,1.0
MEA,sub,own,2085,1.0
MEA,sub,own,2090,1.0
MEA,sub,own,2095,1.0
MEA,sub,own,2100,1.0
MEA,sub,rent,2015,0.0
MEA,sub,rent,2020,0.0
MEA,sub,rent,2025,0.0
MEA,sub,rent,2030,0.0
MEA,sub,rent,2035,0.0
MEA,sub,rent,2040,0.0
MEA,sub,rent,2045,0.0
MEA,sub,rent,2050,0.0
MEA,sub,rent,2055,0.0
MEA,sub,rent,2060,0.0
MEA,sub,rent,2065,0.0
MEA,sub,rent,2070,0.0
MEA,sub,rent,2075,0.0
MEA,sub,rent,2080,0.0
MEA,sub,rent,2085,0.0
MEA,sub,rent,2090,0.0
MEA,sub,rent,2095,0.0
MEA,sub,rent,2100,0.0
NAM,perm,own,2015,0.7283253955000001
NAM,perm,own,2020,0.7283253955000001
NAM,perm,own,2025,0.7283253955000001
NAM,perm,own,2030,0.7283253955000001
NAM,perm,own,2035,0.7283253955000001
NAM,perm,own,2040,0.7283253955000001
NAM,perm,own,2045,0.7283253955000001
NAM,perm,own,2050,0.7283253955000001
NAM,perm,own,2055,0.7283253955000001
NAM,perm,own,2060,0.7283253955000001
NAM,perm,own,2065,0.7283253955000001
NAM,perm,own,2070,0.7283253955000001
NAM,perm,own,2075,0.7283253955000001
NAM,perm,own,2080,0.7283253955000001
NAM,perm,own,2085,0.7283253955000001
NAM,perm,own,2090,0.7283253955000001
NAM,perm,own,2095,0.7283253955000001
NAM,perm,own,2100,0.7283253955000001
NAM,perm,rent,2015,0.2716746045
NAM,perm,rent,2020,0.2716746045
NAM,perm,rent,2025,0.2716746045
NAM,perm,rent,2030,0.2716746045
NAM,perm,rent,2035,0.2716746045
NAM,perm,rent,2040,0.2716746045
NAM,perm,rent,2045,0.2716746045
NAM,perm,rent,2050,0.2716746045
NAM,perm,rent,2055,0.2716746045
NAM,perm,rent,2060,0.2716746045
NAM,perm,rent,2065,0.2716746045
NAM,perm,rent,2070,0.2716746045
NAM,perm,rent,2075,0.2716746045
NAM,perm,rent,2080,0.2716746045
NAM,perm,rent,2085,0.2716746045
NAM,perm,rent,2090,0.2716746045
NAM,perm,rent,2095,0.2716746045
NAM,perm,rent,2100,0.2716746045
NAM,sub,own,2015,1.0
NAM,sub,own,2020,1.0
NAM,sub,own,2025,1.0
NAM,sub,own,2030,1.0
NAM,sub,own,2035,1.0
NAM,sub,own,2040,1.0
NAM,sub,own,2045,1.0
NAM,sub,own,2050,1.0
NAM,sub,own,2055,1.0
NAM,sub,own,2060,1.0
NAM,sub,own,2065,1.0
NAM,sub,own,2070,1.0
NAM,sub,own,2075,1.0
NAM,sub,own,2080,1.0
NAM,sub,own,2085,1.0
NAM,sub,own,2090,1.0
NAM,sub,own,2095,1.0
NAM,sub,own,2100,1.0
NAM,sub,rent,2015,0.0
NAM,sub,rent,2020,0.0
NAM,sub,rent,2025,0.0
NAM,sub,rent,2030,0.0
NAM,sub,rent,2035,0.0
NAM,sub,rent,2040,0.0
NAM,sub,rent,2045,0.0
NAM,sub,rent,2050,0.0
NAM,sub,rent,2055,0.0
NAM,sub,rent,2060,0.0
NAM,sub,rent,2065,0.0
NAM,sub,rent,2070,0.0
NAM,sub,rent,2075,0.0
NAM,sub,rent,2080,0.0
NAM,sub,rent,2085,0.0
NAM,sub,rent,2090,0.0
NAM,sub,rent,2095,0.0
NAM,sub,rent,2100,0.0
PAO,perm,own,2015,0.7480375635000001
PAO,perm,own,2020,0.7480375635000001
PAO,perm,own,2025,0.7480375635000001
PAO,perm,own,2030,0.7480375635000001
PAO,perm,own,2035,0.7480375635000001
PAO,perm,own,2040,0.7480375635000001
PAO,perm,own,2045,0.7480375635000001
PAO,perm,own,2050,0.7480375635000001
PAO,perm,own,2055,0.7480375635000001
PAO,perm,own,2060,0.7480375635000001
PAO,perm,own,2065,0.7480375635000001
PAO,perm,own,2070,0.7480375635000001
PAO,perm,own,2075,0.7480375635000001
PAO,perm,own,2080,0.7480375635000001
PAO,perm,own,2085,0.7480375635000001
PAO,perm,own,2090,0.7480375635000001
PAO,perm,own,2095,0.7480375635000001
PAO,perm,own,2100,0.7480375635000001
PAO,perm,rent,2015,0.2519624365
PAO,perm,rent,2020,0.2519624365
PAO,perm,rent,2025,0.2519624365
PAO,perm,rent,2030,0.2519624365
PAO,perm,rent,2035,0.2519624365
PAO,perm,rent,2040,0.2519624365
PAO,perm,rent,2045,0.2519624365
PAO,perm,rent,2050,0.2519624365
PAO,perm,rent,2055,0.2519624365
PAO,perm,rent,2060,0.2519624365
PAO,perm,rent,2065,0.2519624365
PAO,perm,rent,2070,0.2519624365
PAO,perm,rent,2075,0.2519624365
PAO,perm,rent,2080,0.2519624365
PAO,perm,rent,2085,0.2519624365
PAO,perm,rent,2090,0.2519624365
PAO,perm,rent,2095,0.2519624365
PAO,perm,rent,2100,0.2519624365
PAO,sub,own,2015,1.0
PAO,sub,own,2020,1.0
PAO,sub,own,2025,1.0
PAO,sub,own,2030,1.0
PAO,sub,own,2035,1.0
PAO,sub,own,2040,1.0
PAO,sub,own,2045,1.0
PAO,sub,own,2050,1.0
PAO,sub,own,2055,1.0
PAO,sub,own,2060,1.0
PAO,sub,own,2065,1.0
PAO,sub,own,2070,1.0
PAO,sub,own,2075,1.0
PAO,sub,own,2080,1.0
PAO,sub,own,2085,1.0
PAO,sub,own,2090,1.0
PAO,sub,own,2095,1.0
PAO,sub,own,2100,1.0
PAO,sub,rent,2015,0.0
PAO,sub,rent,2020,0.0
PAO,sub,rent,2025,0.0
PAO,sub,rent,2030,0.0
PAO,sub,rent,2035,0.0
PAO,sub,rent,2040,0.0
PAO,sub,rent,2045,0.0
PAO,sub,rent,2050,0.0
PAO,sub,rent,2055,0.0
PAO,sub,rent,2060,0.0
PAO,sub,rent,2065,0.0
PAO,sub,rent,2070,0.0
PAO,sub,rent,2075,0.0
PAO,sub,rent,2080,0.0
PAO,sub,rent,2085,0.0
PAO,sub,rent,2090,0.0
PAO,sub,rent,2095,0.0
PAO,sub,rent,2100,0.0
PAS,perm,own,2015,0.898849856
PAS,perm,own,2020,0.898849856
PAS,perm,own,2025,0.898849856
PAS,perm,own,2030,0.898849856
PAS,perm,own,2035,0.898849856
PAS,perm,own,2040,0.898849856
PAS,perm,own,2045,0.898849856
PAS,perm,own,2050,0.898849856
PAS,perm,own,2055,0.898849856
PAS,perm,own,2060,0.898849856
PAS,perm,own,2065,0.898849856
PAS,perm,own,2070,0.898849856
PAS,perm,own,2075,0.898849856
PAS,perm,own,2080,0.898849856
PAS,perm,own,2085,0.898849856
PAS,perm,own,2090,0.898849856
PAS,perm,own,2095,0.898849856
PAS,perm,own,2100,0.898849856
PAS,perm,rent,2015,0.101150144
PAS,perm,rent,2020,0.101150144
PAS,perm,rent,2025,0.101150144
PAS,perm,rent,2030,0.101150144
PAS,perm,rent,2035,0.101150144
PAS,perm,rent,2040,0.101150144
PAS,perm,rent,2045,0.101150144
PAS,perm,rent,2050,0.101150144
PAS,perm,rent,2055,0.101150144
PAS,perm,rent,2060,0.101150144
PAS,perm,rent,2065,0.101150144
PAS,perm,rent,2070,0.101150144
PAS,perm,rent,2075,0.101150144
PAS,perm,rent,2080,0.101150144
PAS,perm,rent,2085,0.101150144
PAS,perm,rent,2090,0.101150144
PAS,perm,rent,2095,0.101150144
PAS,perm,rent,2100,0.101150144
PAS,sub,own,2015,1.0
PAS,sub,own,2020,1.0
PAS,sub,own,2025,1.0
PAS,sub,own,2030,1.0
PAS,sub,own,2035,1.0
PAS,sub,own,2040,1.0
PAS,sub,own,2045,1.0
PAS,sub,own,2050,1.0
PAS,sub,own,2055,1.0
PAS,sub,own,2060,1.0
PAS,sub,own,2065,1.0
PAS,sub,own,2070,1.0
PAS,sub,own,2075,1.0
PAS,sub,own,2080,1.0
PAS,sub,own,2085,1.0
PAS,sub,own,2090,1.0
PAS,sub,own,2095,1.0
PAS,sub,own,2100,1.0
PAS,sub,rent,2015,0.0
PAS,sub,rent,2020,0.0
PAS,sub,rent,2025,0.0
PAS,sub,rent,2030,0.0
PAS,sub,rent,2035,0.0
PAS,sub,rent,2040,0.0
PAS,sub,rent,2045,0.0
PAS,sub,rent,2050,0.0
PAS,sub,rent,2055,0.0
PAS,sub,rent,2060,0.0
PAS,sub,rent,2065,0.0
PAS,sub,rent,2070,0.0
PAS,sub,rent,2075,0.0
PAS,sub,rent,2080,0.0
PAS,sub,rent,2085,0.0
PAS,sub,rent,2090,0.0
PAS,sub,rent,2095,0.0
PAS,sub,rent,2100,0.0
SAS,perm,own,2015,0.898849856
SAS,perm,own,2020,0.898849856
SAS,perm,own,2025,0.898849856
SAS,perm,own,2030,0.898849856
SAS,perm,own,2035,0.898849856
SAS,perm,own,2040,0.898849856
SAS,perm,own,2045,0.898849856
SAS,perm,own,2050,0.898849856
SAS,perm,own,2055,0.898849856
SAS,perm,own,2060,0.898849856
SAS,perm,own,2065,0.898849856
SAS,perm,own,2070,0.898849856
SAS,perm,own,2075,0.898849856
SAS,perm,own,2080,0.898849856
SAS,perm,own,2085,0.898849856
SAS,perm,own,2090,0.898849856
SAS,perm,own,2095,0.898849856
SAS,perm,own,2100,0.898849856
SAS,perm,rent,2015,0.101150144
SAS,perm,rent,2020,0.101150144
SAS,perm,rent,2025,0.101150144
SAS,perm,rent,2030,0.101150144
SAS,perm,rent,2035,0.101150144
SAS,perm,rent,2040,0.101150144
SAS,perm,rent,2045,0.101150144
SAS,perm,rent,2050,0.101150144
SAS,perm,rent,2055,0.101150144
SAS,perm,rent,2060,0.101150144
SAS,perm,rent,2065,0.101150144
SAS,perm,rent,2070,0.101150144
SAS,perm,rent,2075,0.101150144
SAS,perm,rent,2080,0.101150144
SAS,perm,rent,2085,0.101150144
SAS,perm,rent,2090,0.101150144
SAS,perm,rent,2095,0.101150144
SAS,perm,rent,2100,0.101150144
SAS,sub,own,2015,1.0
SAS,sub,own,2020,1.0
SAS,sub,own,2025,1.0
SAS,sub,own,2030,1.0
SAS,sub,own,2035,1.0
SAS,sub,own,2040,1.0
SAS,sub,own,2045,1.0
SAS,sub,own,2050,1.0
SAS,sub,own,2055,1.0
SAS,sub,own,2060,1.0
SAS,sub,own,2065,1.0
SAS,sub,own,2070,1.0
SAS,sub,own,2075,1.0
SAS,sub,own,2080,1.0
SAS,sub,own,2085,1.0
SAS,sub,own,2090,1.0
SAS,sub,own,2095,1.0
SAS,sub,own,2100,1.0
SAS,sub,rent,2015,0.0
SAS,sub,rent,2020,0.0
SAS,sub,rent,2025,0.0
SAS,sub,rent,2030,0.0
SAS,sub,rent,2035,0.0
SAS,sub,rent,2040,0.0
SAS,sub,rent,2045,0.0
SAS,sub,rent,2050,0.0
SAS,sub,rent,2055,0.0
SAS,sub,rent,2060,0.0
SAS,sub,rent,2065,0.0
SAS,sub,rent,2070,0.0
SAS,sub,rent,2075,0.0
SAS,sub,rent,2080,0.0
SAS,sub,rent,2085,0.0
SAS,sub,rent,2090,0.0
SAS,sub,rent,2095,0.0
SAS,sub,rent,2100,0.0
WEU,perm,own,2015,0.7575288529999998
WEU,perm,own,2020,0.7575288529999998
WEU,perm,own,2025,0.7575288529999998
WEU,perm,own,2030,0.7575288529999998
WEU,perm,own,2035,0.7575288529999998
WEU,perm,own,2040,0.7575288529999998
WEU,perm,own,2045,0.7575288529999998
WEU,perm,own,2050,0.7575288529999998
WEU,perm,own,2055,0.7575288529999998
WEU,perm,own,2060,0.7575288529999998
WEU,perm,own,2065,0.7575288529999998
WEU,perm,own,2070,0.7575288529999998
WEU,perm,own,2075,0.7575288529999998
WEU,perm,own,2080,0.7575288529999998
WEU,perm,own,2085,0.7575288529999998
WEU,perm,own,2090,0.7575288529999998
WEU,perm,own,2095,0.7575288529999998
WEU,perm,own,2100,0.7575288529999998
WEU,perm,rent,2015,0.24247114699999997
WEU,perm,rent,2020,0.24247114699999997
WEU,perm,rent,2025,0.24247114699999997
WEU,perm,rent,2030,0.24247114699999997
WEU,perm,rent,2035,0.24247114699999997
WEU,perm,rent,2040,0.24247114699999997
WEU,perm,rent,2045,0.24247114699999997
WEU,perm,rent,2050,0.24247114699999997
WEU,perm,rent,2055,0.24247114699999997
WEU,perm,rent,2060,0.24247114699999997
WEU,perm,rent,2065,0.24247114699999997
WEU,perm,rent,2070,0.24247114699999997
WEU,perm,rent,2075,0.24247114699999997
WEU,perm,rent,2080,0.24247114699999997
WEU,perm,rent,2085,0.24247114699999997
WEU,perm,rent,2090,0.24247114699999997
WEU,perm,rent,2095,0.24247114699999997
WEU,perm,rent,2100,0.24247114699999997
WEU,sub,own,2015,1.0
WEU,sub,own,2020,1.0
WEU,sub,own,2025,1.0
WEU,sub,own,2030,1.0
WEU,sub,own,2035,1.0
WEU,sub,own,2040,1.0
WEU,sub,own,2045,1.0
WEU,sub,own,2050,1.0
WEU,sub,own,2055,1.0
WEU,sub,own,2060,1.0
WEU,sub,own,2065,1.0
WEU,sub,own,2070,1.0
WEU,sub,own,2075,1.0
WEU,sub,own,2080,1.0
WEU,sub,own,2085,1.0
WEU,sub,own,2090,1.0
WEU,sub,own,2095,1.0
WEU,sub,own,2100,1.0
WEU,sub,rent,2015,0.0
WEU,sub,rent,2020,0.0
WEU,sub,rent,2025,0.0
WEU,sub,rent,2030,0.0
WEU,sub,rent,2035,0.0
WEU,sub,rent,2040,0.0
WEU,sub,rent,2045,0.0
WEU,sub,rent,2050,0.0
WEU,sub,rent,2055,0.0
WEU,sub,rent,2060,0.0
WEU,sub,rent,2065,0.0
WEU,sub,rent,2070,0.0
WEU,sub,rent,2075,0.0
WEU,sub,rent,2080,0.0
WEU,sub,rent,2085,0.0
WEU,sub,rent,2090,0.0
WEU,sub,rent,2095,0.0
WEU,sub,rent,2100,0.0
