region_bld,region_gea,mat,arch,yr_con,bld_age,value
C-EEU-BGR,EEU,perm,mfh,1945,p1,0.060642580488283665
C-EEU-BGR,EEU,perm,mfh,1960,p2,0.1469765977293781
C-EEU-BGR,EEU,perm,mfh,1965,p2,0.14165362320582997
C-EEU-BGR,EEU,perm,mfh,1970,p2,0.09964242008221251
C-EEU-BGR,EEU,perm,mfh,1975,p2,0.0938685593606303
C-EEU-BGR,EEU,perm,mfh,1980,p2,0.08856041292071586
C-EEU-BGR,EEU,perm,mfh,1985,p2,0.13602542852254162
C-EEU-BGR,EEU,perm,mfh,1990,p2,0.0852114018635369
C-EEU-BGR,EEU,perm,mfh,1995,p3,0.016799205904078577
C-EEU-BGR,EEU,perm,mfh,2000,p3,0.032077373565057785
C-EEU-BGR,EEU,perm,mfh,2005,p3,0.028435881830281496
C-EEU-BGR,EEU,perm,mfh,2010,p3,0.03273915883976988
C-EEU-BGR,EEU,perm,mfh,2015,p3,0.01770682519630234
C-EEU-BGR,EEU,perm,mfh,2020,p3,0.019660530491380338
C-EEU-BGR,EEU,perm,sfh,1945,p1,0.06064258048828367
C-EEU-BGR,EEU,perm,sfh,1960,p2,0.1469765977293781
C-EEU-BGR,EEU,perm,sfh,1965,p2,0.1416536234351349
C-EEU-BGR,EEU,perm,sfh,1970,p2,0.09964242000120997
C-EEU-BGR,EEU,perm,sfh,1975,p2,0.09386855928432149
C-EEU-BGR,EEU,perm,sfh,1980,p2,0.08856041284872224
C-EEU-BGR,EEU,perm,sfh,1985,p2,0.13602542890449057
C-EEU-BGR,EEU,perm,sfh,1990,p2,0.08521140210280398
C-EEU-BGR,EEU,perm,sfh,1995,p3,0.01679920519279175
C-EEU-BGR,EEU,perm,sfh,2000,p3,0.03207737365512859
C-EEU-BGR,EEU,perm,sfh,2005,p3,0.02843588130215622
C-EEU-BGR,EEU,perm,sfh,2010,p3,0.032739159367895135
C-EEU-BGR,EEU,perm,sfh,2015,p3,0.01770682519630234
C-EEU-BGR,EEU,perm,sfh,2020,p3,0.019660530491380338
C-EEU-CZE,EEU,perm,mfh,1945,p1,0.20390581867946386
C-EEU-CZE,EEU,perm,mfh,1960,p2,0.08227358368198054
C-EEU-CZE,EEU,perm,mfh,1965,p2,0.04239545657758708
C-EEU-CZE,EEU,perm,mfh,1970,p2,0.057682057106178936
C-EEU-CZE,EEU,perm,mfh,1975,p2,0.10324152639645405
C-EEU-CZE,EEU,perm,mfh,1980,p2,0.11545130062245125
C-EEU-CZE,EEU,perm,mfh,1985,p2,0.05246058978025565
C-EEU-CZE,EEU,perm,mfh,1990,p2,0.05310202162077269
C-EEU-CZE,EEU,perm,mfh,1995,p3,0.05986177429416007
C-EEU-CZE,EEU,perm,mfh,2000,p3,0.053167917252656585
C-EEU-CZE,EEU,perm,mfh,2005,p3,0.039668368694764734
C-EEU-CZE,EEU,perm,mfh,2010,p3,0.0631896959803665
C-EEU-CZE,EEU,perm,mfh,2015,p3,0.0339844582140257
C-EEU-CZE,EEU,perm,mfh,2020,p3,0.03961543109888169
C-EEU-CZE,EEU,perm,sfh,1945,p1,0.20390581867946386
C-EEU-CZE,EEU,perm,sfh,1960,p2,0.08227358368198054
C-EEU-CZE,EEU,perm,sfh,1965,p2,0.04239545657758708
C-EEU-CZE,EEU,perm,sfh,1970,p2,0.057682057106178936
C-EEU-CZE,EEU,perm,sfh,1975,p2,0.10324152639645405
C-EEU-CZE,EEU,perm,sfh,1980,p2,0.11545130062245125
C-EEU-CZE,EEU,perm,sfh,1985,p2,0.05246058978025565
C-EEU-CZE,EEU,perm,sfh,1990,p2,0.05310202162077269
C-EEU-CZE,EEU,perm,sfh,1995,p3,0.05986177429416007
C-EEU-CZE,EEU,perm,sfh,2000,p3,0.053167917252656585
C-EEU-CZE,EEU,perm,sfh,2005,p3,0.039668368694764734
C-EEU-CZE,EEU,perm,sfh,2010,p3,0.0631896959803665
C-EEU-CZE,EEU,perm,sfh,2015,p3,0.0339844582140257
C-EEU-CZE,EEU,perm,sfh,2020,p3,0.03961543109888169
C-EEU-EST,EEU,perm,mfh,1945,p1,0.1308839838067201
C-EEU-EST,EEU,perm,mfh,1960,p2,0.0964592084441808
C-EEU-EST,EEU,perm,mfh,1965,p2,0.038599126326221644
C-EEU-EST,EEU,perm,mfh,1970,p2,0.09462454524069588
C-EEU-EST,EEU,perm,mfh,1975,p2,0.12304519760179836
C-EEU-EST,EEU,perm,mfh,1980,p2,0.10520370673967436
C-EEU-EST,EEU,perm,mfh,1985,p2,0.11560581035236998
C-EEU-EST,EEU,perm,mfh,1990,p2,0.12317888970107128
C-EEU-EST,EEU,perm,mfh,1995,p3,0.016117128233974584
C-EEU-EST,EEU,perm,mfh,2000,p3,0.035282520933648774
C-EEU-EST,EEU,perm,mfh,2005,p3,0.026104645682554144
C-EEU-EST,EEU,perm,mfh,2010,p3,0.036582555017963155
C-EEU-EST,EEU,perm,mfh,2015,p3,0.017821739044736207
C-EEU-EST,EEU,perm,mfh,2020,p3,0.040490942874390104
C-EEU-EST,EEU,perm,sfh,1945,p1,0.1308839838067201
C-EEU-EST,EEU,perm,sfh,1960,p2,0.0964592084441808
C-EEU-EST,EEU,perm,sfh,1965,p2,0.038599126326221644
C-EEU-EST,EEU,perm,sfh,1970,p2,0.09462454385481056
C-EEU-EST,EEU,perm,sfh,1975,p2,0.12304519806341523
C-EEU-EST,EEU,perm,sfh,1980,p2,0.10520370766394281
C-EEU-EST,EEU,perm,sfh,1985,p2,0.11560580857000438
C-EEU-EST,EEU,perm,sfh,1990,p2,0.12317888947981602
C-EEU-EST,EEU,perm,sfh,1995,p3,0.01611712832322343
C-EEU-EST,EEU,perm,sfh,2000,p3,0.03528252284802076
C-EEU-EST,EEU,perm,sfh,2005,p3,0.02610464560418681
C-EEU-EST,EEU,perm,sfh,2010,p3,0.03658255509633049
C-EEU-EST,EEU,perm,sfh,2015,p3,0.017821739044736207
C-EEU-EST,EEU,perm,sfh,2020,p3,0.040490942874390104
C-EEU-HRV,EEU,perm,mfh,1945,p1,0.08174575818097624
C-EEU-HRV,EEU,perm,mfh,1960,p2,0.06996050187201558
C-EEU-HRV,EEU,perm,mfh,1965,p2,0.0611941353418902
C-EEU-HRV,EEU,perm,mfh,1970,p2,0.07395341232433024
C-EEU-HRV,EEU,perm,mfh,1975,p2,0.11068096106028756
C-EEU-HRV,EEU,perm,mfh,1980,p2,0.11842555198543148
C-EEU-HRV,EEU,perm,mfh,1985,p2,0.09155039169740702
C-EEU-HRV,EEU,perm,mfh,1990,p2,0.09893177645226059
C-EEU-HRV,EEU,perm,mfh,1995,p3,0.02961046819772775
C-EEU-HRV,EEU,perm,mfh,2000,p3,0.05920734337745322
C-EEU-HRV,EEU,perm,mfh,2005,p3,0.05835991575965429
C-EEU-HRV,EEU,perm,mfh,2010,p3,0.07490067145443918
C-EEU-HRV,EEU,perm,mfh,2015,p3,0.03592893165158675
C-EEU-HRV,EEU,perm,mfh,2020,p3,0.03555018064453928
C-EEU-HRV,EEU,perm,sfh,1945,p1,0.08174575818097624
C-EEU-HRV,EEU,perm,sfh,1960,p2,0.06996050187201558
C-EEU-HRV,EEU,perm,sfh,1965,p2,0.061194136567345084
C-EEU-HRV,EEU,perm,sfh,1970,p2,0.07395341185228493
C-EEU-HRV,EEU,perm,sfh,1975,p2,0.11068095988858256
C-EEU-HRV,EEU,perm,sfh,1980,p2,0.11842555240372689
C-EEU-HRV,EEU,perm,sfh,1985,p2,0.09155039169740702
C-EEU-HRV,EEU,perm,sfh,1990,p2,0.09893177645226059
C-EEU-HRV,EEU,perm,sfh,1995,p3,0.02961046819772775
C-EEU-HRV,EEU,perm,sfh,2000,p3,0.05920734337745322
C-EEU-HRV,EEU,perm,sfh,2005,p3,0.05835991575965429
C-EEU-HRV,EEU,perm,sfh,2010,p3,0.07490067145443918
C-EEU-HRV,EEU,perm,sfh,2015,p3,0.03592893165158675
C-EEU-HRV,EEU,perm,sfh,2020,p3,0.03555018064453928
C-EEU-HUN,EEU,perm,mfh,1945,p1,0.1620337074613338
C-EEU-HUN,EEU,perm,mfh,1960,p2,0.1159468480658389
C-EEU-HUN,EEU,perm,mfh,1965,p2,0.07470660046106774
C-EEU-HUN,EEU,perm,mfh,1970,p2,0.09225436365455623
C-EEU-HUN,EEU,perm,mfh,1975,p2,0.09789137558488939
C-EEU-HUN,EEU,perm,mfh,1980,p2,0.09694892770195633
C-EEU-HUN,EEU,perm,mfh,1985,p2,0.04804680437526774
C-EEU-HUN,EEU,perm,mfh,1990,p2,0.048718929478507485
C-EEU-HUN,EEU,perm,mfh,1995,p3,0.06875422279010687
C-EEU-HUN,EEU,perm,mfh,2000,p3,0.06009362103053796
C-EEU-HUN,EEU,perm,mfh,2005,p3,0.040886466064435835
C-EEU-HUN,EEU,perm,mfh,2010,p3,0.04604934975184405
C-EEU-HUN,EEU,perm,mfh,2015,p3,0.014334054074306395
C-EEU-HUN,EEU,perm,mfh,2020,p3,0.03333472950535061
C-EEU-HUN,EEU,perm,sfh,1945,p1,0.16203370746133383
C-EEU-HUN,EEU,perm,sfh,1960,p2,0.1159468480658389
C-EEU-HUN,EEU,perm,sfh,1965,p2,0.07470660040654471
C-EEU-HUN,EEU,perm,sfh,1970,p2,0.09225436505300084
C-EEU-HUN,EEU,perm,sfh,1975,p2,0.09789137540177967
C-EEU-HUN,EEU,perm,sfh,1980,p2,0.09694892654114447
C-EEU-HUN,EEU,perm,sfh,1985,p2,0.04804680420311315
C-EEU-HUN,EEU,perm,sfh,1990,p2,0.04871893028249188
C-EEU-HUN,EEU,perm,sfh,1995,p3,0.06875422253567799
C-EEU-HUN,EEU,perm,sfh,2000,p3,0.060093620653137024
C-EEU-HUN,EEU,perm,sfh,2005,p3,0.040886466064435835
C-EEU-HUN,EEU,perm,sfh,2010,p3,0.04604934975184405
C-EEU-HUN,EEU,perm,sfh,2015,p3,0.014334054074306395
C-EEU-HUN,EEU,perm,sfh,2020,p3,0.03333472950535061
C-EEU-LTU,EEU,perm,mfh,1945,p1,0.0859972541916713
C-EEU-LTU,EEU,perm,mfh,1960,p2,0.07400476431580923
C-EEU-LTU,EEU,perm,mfh,1965,p2,0.050418062052310274
C-EEU-LTU,EEU,perm,mfh,1970,p2,0.20425559150610334
C-EEU-LTU,EEU,perm,mfh,1975,p2,0.06815121522775176
C-EEU-LTU,EEU,perm,mfh,1980,p2,0.07062283385436299
C-EEU-LTU,EEU,perm,mfh,1985,p2,0.0719605829032229
C-EEU-LTU,EEU,perm,mfh,1990,p2,0.09627368556065442
C-EEU-LTU,EEU,perm,mfh,1995,p3,0.07376190460424163
C-EEU-LTU,EEU,perm,mfh,2000,p3,0.053814745006323994
C-EEU-LTU,EEU,perm,mfh,2005,p3,0.03431040454828643
C-EEU-LTU,EEU,perm,mfh,2010,p3,0.03632608647169129
C-EEU-LTU,EEU,perm,mfh,2015,p3,0.036022300597757455
C-EEU-LTU,EEU,perm,mfh,2020,p3,0.04408056915981234
C-EEU-LTU,EEU,perm,sfh,1945,p1,0.0859972541916713
C-EEU-LTU,EEU,perm,sfh,1960,p2,0.07400476431580923
C-EEU-LTU,EEU,perm,sfh,1965,p2,0.050418062052310274
C-EEU-LTU,EEU,perm,sfh,1970,p2,0.20425559150610334
C-EEU-LTU,EEU,perm,sfh,1975,p2,0.06815121522775176
C-EEU-LTU,EEU,perm,sfh,1980,p2,0.07062283385436299
C-EEU-LTU,EEU,perm,sfh,1985,p2,0.0719605829032229
C-EEU-LTU,EEU,perm,sfh,1990,p2,0.09627368556065442
C-EEU-LTU,EEU,perm,sfh,1995,p3,0.07376190460424163
C-EEU-LTU,EEU,perm,sfh,2000,p3,0.053814745006323994
C-EEU-LTU,EEU,perm,sfh,2005,p3,0.03431040469781954
C-EEU-LTU,EEU,perm,sfh,2010,p3,0.03632608632215818
C-EEU-LTU,EEU,perm,sfh,2015,p3,0.036022300597757455
C-EEU-LTU,EEU,perm,sfh,2020,p3,0.04408056915981234
C-EEU-LVA,EEU,perm,mfh,1945,p1,0.1891738413722619
C-EEU-LVA,EEU,perm,mfh,1960,p2,0.08766370907759738
C-EEU-LVA,EEU,perm,mfh,1965,p2,0.05295548017612935
C-EEU-LVA,EEU,perm,mfh,1970,p2,0.16221626095269745
C-EEU-LVA,EEU,perm,mfh,1975,p2,0.1284492681777958
C-EEU-LVA,EEU,perm,mfh,1980,p2,0.06643906348767886
C-EEU-LVA,EEU,perm,mfh,1985,p2,0.09426802329722786
C-EEU-LVA,EEU,perm,mfh,1990,p2,0.11319147427768733
C-EEU-LVA,EEU,perm,mfh,1995,p3,0.008404147864120162
C-EEU-LVA,EEU,perm,mfh,2000,p3,0.029804190760366688
C-EEU-LVA,EEU,perm,mfh,2005,p3,0.019403994847614386
C-EEU-LVA,EEU,perm,mfh,2010,p3,0.02802024793607244
C-EEU-LVA,EEU,perm,mfh,2015,p3,0.010674800165406109
C-EEU-LVA,EEU,perm,mfh,2020,p3,0.009335497607343788
C-EEU-LVA,EEU,perm,sfh,1945,p1,0.18917384137226187
C-EEU-LVA,EEU,perm,sfh,1960,p2,0.08766370907759738
C-EEU-LVA,EEU,perm,sfh,1965,p2,0.0529554803459371
C-EEU-LVA,EEU,perm,sfh,1970,p2,0.16221626896908273
C-EEU-LVA,EEU,perm,sfh,1975,p2,0.1284492597785583
C-EEU-LVA,EEU,perm,sfh,1980,p2,0.0664390637007233
C-EEU-LVA,EEU,perm,sfh,1985,p2,0.09426802325582306
C-EEU-LVA,EEU,perm,sfh,1990,p2,0.113191474499939
C-EEU-LVA,EEU,perm,sfh,1995,p3,0.008404147222954055
C-EEU-LVA,EEU,perm,sfh,2000,p3,0.02980419122068588
C-EEU-LVA,EEU,perm,sfh,2005,p3,0.019403994737826714
C-EEU-LVA,EEU,perm,sfh,2010,p3,0.02802024804586012
C-EEU-LVA,EEU,perm,sfh,2015,p3,0.010674800165406109
C-EEU-LVA,EEU,perm,sfh,2020,p3,0.009335497607343788
C-EEU-POL,EEU,perm,mfh,1945,p1,0.15518127431851278
C-EEU-POL,EEU,perm,mfh,1960,p2,0.09950207160961869
C-EEU-POL,EEU,perm,mfh,1965,p2,0.07461149685901533
C-EEU-POL,EEU,perm,mfh,1970,p2,0.08200944329990822
C-EEU-POL,EEU,perm,mfh,1975,p2,0.06178790290952206
C-EEU-POL,EEU,perm,mfh,1980,p2,0.07250864090087163
C-EEU-POL,EEU,perm,mfh,1985,p2,0.08242492893741965
C-EEU-POL,EEU,perm,mfh,1990,p2,0.06177906271454311
C-EEU-POL,EEU,perm,mfh,1995,p3,0.05288942622339936
C-EEU-POL,EEU,perm,mfh,2000,p3,0.039677569278457656
C-EEU-POL,EEU,perm,mfh,2005,p3,0.046399243806263084
C-EEU-POL,EEU,perm,mfh,2010,p3,0.057792635708483996
C-EEU-POL,EEU,perm,mfh,2015,p3,0.04952437222729573
C-EEU-POL,EEU,perm,mfh,2020,p3,0.06391193120668814
C-EEU-POL,EEU,perm,sfh,1945,p1,0.1551812743185128
C-EEU-POL,EEU,perm,sfh,1960,p2,0.09950207160961869
C-EEU-POL,EEU,perm,sfh,1965,p2,0.07461149665222568
C-EEU-POL,EEU,perm,sfh,1970,p2,0.08200944380605547
C-EEU-POL,EEU,perm,sfh,1975,p2,0.06178790276542642
C-EEU-POL,EEU,perm,sfh,1980,p2,0.07250864074560966
C-EEU-POL,EEU,perm,sfh,1985,p2,0.08242492893741965
C-EEU-POL,EEU,perm,sfh,1990,p2,0.06177906271454311
C-EEU-POL,EEU,perm,sfh,1995,p3,0.05288942622339936
C-EEU-POL,EEU,perm,sfh,2000,p3,0.039677569278457656
C-EEU-POL,EEU,perm,sfh,2005,p3,0.046399243806263084
C-EEU-POL,EEU,perm,sfh,2010,p3,0.057792635708483996
C-EEU-POL,EEU,perm,sfh,2015,p3,0.04952437222729573
C-EEU-POL,EEU,perm,sfh,2020,p3,0.06391193120668814
C-EEU-ROU,EEU,perm,mfh,1945,p1,0.07450900330420226
C-EEU-ROU,EEU,perm,mfh,1960,p2,0.14009599313276636
C-EEU-ROU,EEU,perm,mfh,1965,p2,0.11298064684318025
C-EEU-ROU,EEU,perm,mfh,1970,p2,0.12339470448872747
C-EEU-ROU,EEU,perm,mfh,1975,p2,0.10731445440374415
C-EEU-ROU,EEU,perm,mfh,1980,p2,0.09501241327927616
C-EEU-ROU,EEU,perm,mfh,1985,p2,0.045813077162388256
C-EEU-ROU,EEU,perm,mfh,1990,p2,0.04874682350037538
C-EEU-ROU,EEU,perm,mfh,1995,p3,0.014844977562372977
C-EEU-ROU,EEU,perm,mfh,2000,p3,0.07377126554463105
C-EEU-ROU,EEU,perm,mfh,2005,p3,0.027479961754966233
C-EEU-ROU,EEU,perm,mfh,2010,p3,0.04785017870080559
C-EEU-ROU,EEU,perm,mfh,2015,p3,0.032428368723949476
C-EEU-ROU,EEU,perm,mfh,2020,p3,0.05575813159861376
C-EEU-ROU,EEU,perm,sfh,1945,p1,0.07450900330420226
C-EEU-ROU,EEU,perm,sfh,1960,p2,0.14009599313276636
C-EEU-ROU,EEU,perm,sfh,1965,p2,0.11298064680046495
C-EEU-ROU,EEU,perm,sfh,1970,p2,0.12339470434805813
C-EEU-ROU,EEU,perm,sfh,1975,p2,0.10731445478040749
C-EEU-ROU,EEU,perm,sfh,1980,p2,0.09501241308599748
C-EEU-ROU,EEU,perm,sfh,1985,p2,0.045813077162388256
C-EEU-ROU,EEU,perm,sfh,1990,p2,0.04874682350037538
C-EEU-ROU,EEU,perm,sfh,1995,p3,0.014844977373471785
C-EEU-ROU,EEU,perm,sfh,2000,p3,0.07377126573353225
C-EEU-ROU,EEU,perm,sfh,2005,p3,0.0274799618786237
C-EEU-ROU,EEU,perm,sfh,2010,p3,0.047850178577148114
C-EEU-ROU,EEU,perm,sfh,2015,p3,0.032428368723949476
C-EEU-ROU,EEU,perm,sfh,2020,p3,0.05575813159861376
C-EEU-SVK,EEU,perm,mfh,1945,p1,0.08675260623793207
C-EEU-SVK,EEU,perm,mfh,1960,p2,0.14204763818801727
C-EEU-SVK,EEU,perm,mfh,1965,p2,0.21471933885749594
C-EEU-SVK,EEU,perm,mfh,1970,p2,0.06438147088089932
C-EEU-SVK,EEU,perm,mfh,1975,p2,0.058116959536099896
C-EEU-SVK,EEU,perm,mfh,1980,p2,0.0681565639588174
C-EEU-SVK,EEU,perm,mfh,1985,p2,0.06038303458175078
C-EEU-SVK,EEU,perm,mfh,1990,p2,0.049235531964099466
C-EEU-SVK,EEU,perm,mfh,1995,p3,0.07070487941270596
C-EEU-SVK,EEU,perm,mfh,2000,p3,0.060120771827639884
C-EEU-SVK,EEU,perm,mfh,2005,p3,0.026857654896614635
C-EEU-SVK,EEU,perm,mfh,2010,p3,0.036069713718863645
C-EEU-SVK,EEU,perm,mfh,2015,p3,0.03282879095075224
C-EEU-SVK,EEU,perm,mfh,2020,p3,0.02962504498831093
C-EEU-SVK,EEU,perm,sfh,1945,p1,0.08675260623793207
C-EEU-SVK,EEU,perm,sfh,1960,p2,0.14204763818801727
C-EEU-SVK,EEU,perm,sfh,1965,p2,0.21471933783156189
C-EEU-SVK,EEU,perm,sfh,1970,p2,0.06438147190683341
C-EEU-SVK,EEU,perm,sfh,1975,p2,0.058116959536099896
C-EEU-SVK,EEU,perm,sfh,1980,p2,0.0681565639588174
C-EEU-SVK,EEU,perm,sfh,1985,p2,0.060383034364595634
C-EEU-SVK,EEU,perm,sfh,1990,p2,0.04923553215936432
C-EEU-SVK,EEU,perm,sfh,1995,p3,0.07070487940654063
C-EEU-SVK,EEU,perm,sfh,2000,p3,0.06012077185569552
C-EEU-SVK,EEU,perm,sfh,2005,p3,0.026857654932663892
C-EEU-SVK,EEU,perm,sfh,2010,p3,0.03606971368281439
C-EEU-SVK,EEU,perm,sfh,2015,p3,0.03282879095075224
C-EEU-SVK,EEU,perm,sfh,2020,p3,0.02962504498831093
C-EEU-SVN,EEU,perm,mfh,1945,p1,0.17377449549063478
C-EEU-SVN,EEU,perm,mfh,1960,p2,0.09338956967061805
C-EEU-SVN,EEU,perm,mfh,1965,p2,0.02747398024298684
C-EEU-SVN,EEU,perm,mfh,1970,p2,0.10861452587283846
C-EEU-SVN,EEU,perm,mfh,1975,p2,0.12166063039805837
C-EEU-SVN,EEU,perm,mfh,1980,p2,0.10670681864521346
C-EEU-SVN,EEU,perm,mfh,1985,p2,0.05568845548822007
C-EEU-SVN,EEU,perm,mfh,1990,p2,0.059236339661347115
C-EEU-SVN,EEU,perm,mfh,1995,p3,0.0637261872128071
C-EEU-SVN,EEU,perm,mfh,2000,p3,0.06090430529457565
C-EEU-SVN,EEU,perm,mfh,2005,p3,0.04228539939905726
C-EEU-SVN,EEU,perm,mfh,2010,p3,0.049685369032069014
C-EEU-SVN,EEU,perm,mfh,2015,p3,0.02244164495449587
C-EEU-SVN,EEU,perm,mfh,2020,p3,0.014412278637077258
C-EEU-SVN,EEU,perm,sfh,1945,p1,0.1737744954906348
C-EEU-SVN,EEU,perm,sfh,1960,p2,0.09338956967061805
C-EEU-SVN,EEU,perm,sfh,1965,p2,0.02747397971953644
C-EEU-SVN,EEU,perm,sfh,1970,p2,0.1086145260007551
C-EEU-SVN,EEU,perm,sfh,1975,p2,0.1216606305744296
C-EEU-SVN,EEU,perm,sfh,1980,p2,0.10670681886437598
C-EEU-SVN,EEU,perm,sfh,1985,p2,0.05568845515732626
C-EEU-SVN,EEU,perm,sfh,1990,p2,0.05923633937727855
C-EEU-SVN,EEU,perm,sfh,1995,p3,0.06372618751350925
C-EEU-SVN,EEU,perm,sfh,2000,p3,0.060904305608835876
C-EEU-SVN,EEU,perm,sfh,2005,p3,0.04228539939905726
C-EEU-SVN,EEU,perm,sfh,2010,p3,0.049685369032069014
C-EEU-SVN,EEU,perm,sfh,2015,p3,0.02244164495449587
C-EEU-SVN,EEU,perm,sfh,2020,p3,0.014412278637077258
C-WEU-AUT,WEU,perm,mfh,1945,p1,0.20657788341946412
C-WEU-AUT,WEU,perm,mfh,1960,p2,0.09527110170237418
C-WEU-AUT,WEU,perm,mfh,1965,p2,0.05512698018648305
C-WEU-AUT,WEU,perm,mfh,1970,p2,0.08151226879304162
C-WEU-AUT,WEU,perm,mfh,1975,p2,0.07160856658560663
C-WEU-AUT,WEU,perm,mfh,1980,p2,0.05070073436008287
C-WEU-AUT,WEU,perm,mfh,1985,p2,0.039152807644002564
C-WEU-AUT,WEU,perm,mfh,1990,p2,0.0527511277012092
C-WEU-AUT,WEU,perm,mfh,1995,p3,0.07504781633097071
C-WEU-AUT,WEU,perm,mfh,2000,p3,0.05396898869544858
C-WEU-AUT,WEU,perm,mfh,2005,p3,0.05832849822225438
C-WEU-AUT,WEU,perm,mfh,2010,p3,0.04917517492138632
C-WEU-AUT,WEU,perm,mfh,2015,p3,0.04919276029294184
C-WEU-AUT,WEU,perm,mfh,2020,p3,0.06158529114473329
C-WEU-AUT,WEU,perm,sfh,1945,p1,0.20657788341946412
C-WEU-AUT,WEU,perm,sfh,1960,p2,0.09527110170237418
C-WEU-AUT,WEU,perm,sfh,1965,p2,0.05512699168465204
C-WEU-AUT,WEU,perm,sfh,1970,p2,0.08151224494815425
C-WEU-AUT,WEU,perm,sfh,1975,p2,0.07160858533011175
C-WEU-AUT,WEU,perm,sfh,1980,p2,0.05070072796229616
C-WEU-AUT,WEU,perm,sfh,1985,p2,0.039152823010252615
C-WEU-AUT,WEU,perm,sfh,1990,p2,0.052751102718075066
C-WEU-AUT,WEU,perm,sfh,1995,p3,0.07504783275704806
C-WEU-AUT,WEU,perm,sfh,2000,p3,0.05396898188625533
C-WEU-AUT,WEU,perm,sfh,2005,p3,0.058328475604969954
C-WEU-AUT,WEU,perm,sfh,2010,p3,0.04917519753867075
C-WEU-AUT,WEU,perm,sfh,2015,p3,0.04919276029294184
C-WEU-AUT,WEU,perm,sfh,2020,p3,0.06158529114473329
C-WEU-BEL,WEU,perm,mfh,1945,p1,0.3361322078721733
C-WEU-BEL,WEU,perm,mfh,1960,p2,0.1105454512019295
C-WEU-BEL,WEU,perm,mfh,1965,p2,0.047487899092603834
C-WEU-BEL,WEU,perm,mfh,1970,p2,0.06425391959189769
C-WEU-BEL,WEU,perm,mfh,1975,p2,0.06455922257113532
C-WEU-BEL,WEU,perm,mfh,1980,p2,0.0591920255223192
C-WEU-BEL,WEU,perm,mfh,1985,p2,0.028779581636031296
C-WEU-BEL,WEU,perm,mfh,1990,p2,0.03935548788385073
C-WEU-BEL,WEU,perm,mfh,1995,p3,0.04351767406546579
C-WEU-BEL,WEU,perm,mfh,2000,p3,0.04295046691686096
C-WEU-BEL,WEU,perm,mfh,2005,p3,0.03765694936547954
C-WEU-BEL,WEU,perm,mfh,2010,p3,0.04368283280275111
C-WEU-BEL,WEU,perm,mfh,2015,p3,0.042272027798984424
C-WEU-BEL,WEU,perm,mfh,2020,p3,0.039614253678516786
C-WEU-BEL,WEU,perm,sfh,1945,p1,0.3361322078721733
C-WEU-BEL,WEU,perm,sfh,1960,p2,0.1105454512019295
C-WEU-BEL,WEU,perm,sfh,1965,p2,0.047487899092603834
C-WEU-BEL,WEU,perm,sfh,1970,p2,0.06425391959189769
C-WEU-BEL,WEU,perm,sfh,1975,p2,0.06455922257113532
C-WEU-BEL,WEU,perm,sfh,1980,p2,0.0591920255223192
C-WEU-BEL,WEU,perm,sfh,1985,p2,0.028779581636031296
C-WEU-BEL,WEU,perm,sfh,1990,p2,0.03935548788385073
C-WEU-BEL,WEU,perm,sfh,1995,p3,0.04351767406546579
C-WEU-BEL,WEU,perm,sfh,2000,p3,0.04295046691686096
C-WEU-BEL,WEU,perm,sfh,2005,p3,0.037656949766164974
C-WEU-BEL,WEU,perm,sfh,2010,p3,0.04368283240206568
C-WEU-BEL,WEU,perm,sfh,2015,p3,0.042272027798984424
C-WEU-BEL,WEU,perm,sfh,2020,p3,0.039614253678516786
C-WEU-CYP,WEU,perm,mfh,1945,p1,0.014651898915971885
C-WEU-CYP,WEU,perm,mfh,1960,p2,0.0365995875293698
C-WEU-CYP,WEU,perm,mfh,1965,p2,0.008537554653970884
C-WEU-CYP,WEU,perm,mfh,1970,p2,0.09247528044396301
C-WEU-CYP,WEU,perm,mfh,1975,p2,0.04495325528457099
C-WEU-CYP,WEU,perm,mfh,1980,p2,0.05679079896851442
C-WEU-CYP,WEU,perm,mfh,1985,p2,0.03770593696109984
C-WEU-CYP,WEU,perm,mfh,1990,p2,0.07623748784651513
C-WEU-CYP,WEU,perm,mfh,1995,p3,0.10955020527787722
C-WEU-CYP,WEU,perm,mfh,2000,p3,0.12897056597018547
C-WEU-CYP,WEU,perm,mfh,2005,p3,0.1297897628947858
C-WEU-CYP,WEU,perm,mfh,2010,p3,0.1348606998421119
C-WEU-CYP,WEU,perm,mfh,2015,p3,0.06281272799342802
C-WEU-CYP,WEU,perm,mfh,2020,p3,0.06606423741763512
C-WEU-CYP,WEU,perm,sfh,1945,p1,0.014651898915971975
C-WEU-CYP,WEU,perm,sfh,1960,p2,0.0365995875293698
C-WEU-CYP,WEU,perm,sfh,1965,p2,0.008537554592133558
C-WEU-CYP,WEU,perm,sfh,1970,p2,0.0924752797639877
C-WEU-CYP,WEU,perm,sfh,1975,p2,0.0449532564377184
C-WEU-CYP,WEU,perm,sfh,1980,p2,0.05679079855717971
C-WEU-CYP,WEU,perm,sfh,1985,p2,0.03770593772581923
C-WEU-CYP,WEU,perm,sfh,1990,p2,0.07623748220070006
C-WEU-CYP,WEU,perm,sfh,1995,p3,0.10955020988906536
C-WEU-CYP,WEU,perm,sfh,2000,p3,0.128970566240093
C-WEU-CYP,WEU,perm,sfh,2005,p3,0.1297897634115529
C-WEU-CYP,WEU,perm,sfh,2010,p3,0.13486069932534478
C-WEU-CYP,WEU,perm,sfh,2015,p3,0.06281272799342802
C-WEU-CYP,WEU,perm,sfh,2020,p3,0.06606423741763512
C-WEU-DEU,WEU,perm,mfh,1945,p1,0.22227262325331384
C-WEU-DEU,WEU,perm,mfh,1960,p2,0.1492263779645055
C-WEU-DEU,WEU,perm,mfh,1965,p2,0.06702402076679409
C-WEU-DEU,WEU,perm,mfh,1970,p2,0.09324934592501026
C-WEU-DEU,WEU,perm,mfh,1975,p2,0.06977329579304024
C-WEU-DEU,WEU,perm,mfh,1980,p2,0.058301443218838844
C-WEU-DEU,WEU,perm,mfh,1985,p2,0.032099502274833186
C-WEU-DEU,WEU,perm,mfh,1990,p2,0.05530564580207224
C-WEU-DEU,WEU,perm,mfh,1995,p3,0.07550648421719003
C-WEU-DEU,WEU,perm,mfh,2000,p3,0.053598943218203125
C-WEU-DEU,WEU,perm,mfh,2005,p3,0.0295416763049808
C-WEU-DEU,WEU,perm,mfh,2010,p3,0.02780546090969267
C-WEU-DEU,WEU,perm,mfh,2015,p3,0.0282444642016943
C-WEU-DEU,WEU,perm,mfh,2020,p3,0.03805071614983028
C-WEU-DEU,WEU,perm,sfh,1945,p1,0.22227262325331384
C-WEU-DEU,WEU,perm,sfh,1960,p2,0.1492263779645055
C-WEU-DEU,WEU,perm,sfh,1965,p2,0.067024020814369
C-WEU-DEU,WEU,perm,sfh,1970,p2,0.09324934588781705
C-WEU-DEU,WEU,perm,sfh,1975,p2,0.06977329601577466
C-WEU-DEU,WEU,perm,sfh,1980,p2,0.05830144298572272
C-WEU-DEU,WEU,perm,sfh,1985,p2,0.03209950220135464
C-WEU-DEU,WEU,perm,sfh,1990,p2,0.05530564586974041
C-WEU-DEU,WEU,perm,sfh,1995,p3,0.07550648424695346
C-WEU-DEU,WEU,perm,sfh,2000,p3,0.05359894319425008
C-WEU-DEU,WEU,perm,sfh,2005,p3,0.02954167628814468
C-WEU-DEU,WEU,perm,sfh,2010,p3,0.027805460926528792
C-WEU-DEU,WEU,perm,sfh,2015,p3,0.0282444642016943
C-WEU-DEU,WEU,perm,sfh,2020,p3,0.03805071614983028
C-WEU-DNK,WEU,perm,mfh,1945,p1,0.3257619256793308
C-WEU-DNK,WEU,perm,mfh,1960,p2,0.12194055402457785
C-WEU-DNK,WEU,perm,mfh,1965,p2,0.06939178892983325
C-WEU-DNK,WEU,perm,mfh,1970,p2,0.08427744658320636
C-WEU-DNK,WEU,perm,mfh,1975,p2,0.08070711262323638
C-WEU-DNK,WEU,perm,mfh,1980,p2,0.06287887135541276
C-WEU-DNK,WEU,perm,mfh,1985,p2,0.017936919269678275
C-WEU-DNK,WEU,perm,mfh,1990,p2,0.02565143631943305
C-WEU-DNK,WEU,perm,mfh,1995,p3,0.04153533131700651
C-WEU-DNK,WEU,perm,mfh,2000,p3,0.045661461205065035
C-WEU-DNK,WEU,perm,mfh,2005,p3,0.04087821901511611
C-WEU-DNK,WEU,perm,mfh,2010,p3,0.025098319061955646
C-WEU-DNK,WEU,perm,mfh,2015,p3,0.020030319143679455
C-WEU-DNK,WEU,perm,mfh,2020,p3,0.03825029547246785
C-WEU-DNK,WEU,perm,sfh,1945,p1,0.3257619256793308
C-WEU-DNK,WEU,perm,sfh,1960,p2,0.12194055402457785
C-WEU-DNK,WEU,perm,sfh,1965,p2,0.06939178892983325
C-WEU-DNK,WEU,perm,sfh,1970,p2,0.08427744658320636
C-WEU-DNK,WEU,perm,sfh,1975,p2,0.08070711262323638
C-WEU-DNK,WEU,perm,sfh,1980,p2,0.06287887135541276
C-WEU-DNK,WEU,perm,sfh,1985,p2,0.017936917833185337
C-WEU-DNK,WEU,perm,sfh,1990,p2,0.02565143786970952
C-WEU-DNK,WEU,perm,sfh,1995,p3,0.04153533144975526
C-WEU-DNK,WEU,perm,sfh,2000,p3,0.04566146095853275
C-WEU-DNK,WEU,perm,sfh,2005,p3,0.04087821884813584
C-WEU-DNK,WEU,perm,sfh,2010,p3,0.025098319228935927
C-WEU-DNK,WEU,perm,sfh,2015,p3,0.020030319143679455
C-WEU-DNK,WEU,perm,sfh,2020,p3,0.03825029547246785
C-WEU-ESP,WEU,perm,mfh,1945,p1,0.09508032326674723
C-WEU-ESP,WEU,perm,mfh,1960,p2,0.07614795722210181
C-WEU-ESP,WEU,perm,mfh,1965,p2,0.043718923578327254
C-WEU-ESP,WEU,perm,mfh,1970,p2,0.0599551674653063
C-WEU-ESP,WEU,perm,mfh,1975,p2,0.15575494367817014
C-WEU-ESP,WEU,perm,mfh,1980,p2,0.06596250797039124
C-WEU-ESP,WEU,perm,mfh,1985,p2,0.06287465021240982
C-WEU-ESP,WEU,perm,mfh,1990,p2,0.05411101483482866
C-WEU-ESP,WEU,perm,mfh,1995,p3,0.06857320345576988
C-WEU-ESP,WEU,perm,mfh,2000,p3,0.08421331384274452
C-WEU-ESP,WEU,perm,mfh,2005,p3,0.1043699676707513
C-WEU-ESP,WEU,perm,mfh,2010,p3,0.10253697278035465
C-WEU-ESP,WEU,perm,mfh,2015,p3,0.018517394740030665
C-WEU-ESP,WEU,perm,mfh,2020,p3,0.008183659282066035
C-WEU-ESP,WEU,perm,sfh,1945,p1,0.09508032326674722
C-WEU-ESP,WEU,perm,sfh,1960,p2,0.07614795722210181
C-WEU-ESP,WEU,perm,sfh,1965,p2,0.04371892351633108
C-WEU-ESP,WEU,perm,sfh,1970,p2,0.05995516748497145
C-WEU-ESP,WEU,perm,sfh,1975,p2,0.1557549436988656
C-WEU-ESP,WEU,perm,sfh,1980,p2,0.0659625079920268
C-WEU-ESP,WEU,perm,sfh,1985,p2,0.06287465030704012
C-WEU-ESP,WEU,perm,sfh,1990,p2,0.05411101546040607
C-WEU-ESP,WEU,perm,sfh,1995,p3,0.0685732032015077
C-WEU-ESP,WEU,perm,sfh,2000,p3,0.084213313376799
C-WEU-ESP,WEU,perm,sfh,2005,p3,0.10436996785328913
C-WEU-ESP,WEU,perm,sfh,2010,p3,0.10253697259781681
C-WEU-ESP,WEU,perm,sfh,2015,p3,0.018517394740030665
C-WEU-ESP,WEU,perm,sfh,2020,p3,0.008183659282066035
C-WEU-FIN,WEU,perm,mfh,1945,p1,0.07959283185923723
C-WEU-FIN,WEU,perm,mfh,1960,p2,0.11220439104392711
C-WEU-FIN,WEU,perm,mfh,1965,p2,0.0629740624506023
C-WEU-FIN,WEU,perm,mfh,1970,p2,0.07129377502957106
C-WEU-FIN,WEU,perm,mfh,1975,p2,0.0891570669966247
C-WEU-FIN,WEU,perm,mfh,1980,p2,0.08910113099978059
C-WEU-FIN,WEU,perm,mfh,1985,p2,0.04366675856278499
C-WEU-FIN,WEU,perm,mfh,1990,p2,0.042249793310569876
C-WEU-FIN,WEU,perm,mfh,1995,p3,0.08989585698697758
C-WEU-FIN,WEU,perm,mfh,2000,p3,0.10357488301594146
C-WEU-FIN,WEU,perm,mfh,2005,p3,0.028063597962245695
C-WEU-FIN,WEU,perm,mfh,2010,p3,0.07625366984989791
C-WEU-FIN,WEU,perm,mfh,2015,p3,0.052354527806850175
C-WEU-FIN,WEU,perm,mfh,2020,p3,0.05961765412498886
C-WEU-FIN,WEU,perm,sfh,1945,p1,0.07959283185923723
C-WEU-FIN,WEU,perm,sfh,1960,p2,0.11220439104392711
C-WEU-FIN,WEU,perm,sfh,1965,p2,0.0629740624506023
C-WEU-FIN,WEU,perm,sfh,1970,p2,0.07129377502957106
C-WEU-FIN,WEU,perm,sfh,1975,p2,0.0891570669966247
C-WEU-FIN,WEU,perm,sfh,1980,p2,0.08910113099978059
C-WEU-FIN,WEU,perm,sfh,1985,p2,0.04366675856278499
C-WEU-FIN,WEU,perm,sfh,1990,p2,0.042249793310569876
C-WEU-FIN,WEU,perm,sfh,1995,p3,0.08989586919846342
C-WEU-FIN,WEU,perm,sfh,2000,p3,0.10357487080445561
C-WEU-FIN,WEU,perm,sfh,2005,p3,0.028063597962245695
C-WEU-FIN,WEU,perm,sfh,2010,p3,0.07625366984989791
C-WEU-FIN,WEU,perm,sfh,2015,p3,0.052354527806850175
C-WEU-FIN,WEU,perm,sfh,2020,p3,0.05961765412498886
C-WEU-FRA,WEU,perm,mfh,1945,p1,0.20849016777243748
C-WEU-FRA,WEU,perm,mfh,1960,p2,0.12775874331418363
C-WEU-FRA,WEU,perm,mfh,1965,p2,0.04258939845040644
C-WEU-FRA,WEU,perm,mfh,1970,p2,0.04234285720603524
C-WEU-FRA,WEU,perm,mfh,1975,p2,0.06021504440105902
C-WEU-FRA,WEU,perm,mfh,1980,p2,0.08177783911200458
C-WEU-FRA,WEU,perm,mfh,1985,p2,0.06709464887181103
C-WEU-FRA,WEU,perm,mfh,1990,p2,0.06946739558640287
C-WEU-FRA,WEU,perm,mfh,1995,p3,0.05950994368588846
C-WEU-FRA,WEU,perm,mfh,2000,p3,0.04932443897686844
C-WEU-FRA,WEU,perm,mfh,2005,p3,0.05268878305336241
C-WEU-FRA,WEU,perm,mfh,2010,p3,0.051512548616433944
C-WEU-FRA,WEU,perm,mfh,2015,p3,0.05419823950532842
C-WEU-FRA,WEU,perm,mfh,2020,p3,0.03302995144777742
C-WEU-FRA,WEU,perm,sfh,1945,p1,0.20849016777243753
C-WEU-FRA,WEU,perm,sfh,1960,p2,0.12775874331418363
C-WEU-FRA,WEU,perm,sfh,1965,p2,0.04258939825678866
C-WEU-FRA,WEU,perm,sfh,1970,p2,0.042342857013538265
C-WEU-FRA,WEU,perm,sfh,1975,p2,0.0602150440870617
C-WEU-FRA,WEU,perm,sfh,1980,p2,0.08177783981211663
C-WEU-FRA,WEU,perm,sfh,1985,p2,0.06709464937904303
C-WEU-FRA,WEU,perm,sfh,1990,p2,0.06946739550434355
C-WEU-FRA,WEU,perm,sfh,1995,p3,0.059509943260715785
C-WEU-FRA,WEU,perm,sfh,2000,p3,0.04932443897686844
C-WEU-FRA,WEU,perm,sfh,2005,p3,0.052688782897608616
C-WEU-FRA,WEU,perm,sfh,2010,p3,0.05151254877218774
C-WEU-FRA,WEU,perm,sfh,2015,p3,0.05419823950532842
C-WEU-FRA,WEU,perm,sfh,2020,p3,0.03302995144777742
C-WEU-GRC,WEU,perm,mfh,1945,p1,0.035327967197346224
C-WEU-GRC,WEU,perm,mfh,1960,p2,0.07648523806867005
C-WEU-GRC,WEU,perm,mfh,1965,p2,0.0515163327897693
C-WEU-GRC,WEU,perm,mfh,1970,p2,0.07623441679036087
C-WEU-GRC,WEU,perm,mfh,1975,p2,0.09212604678709106
C-WEU-GRC,WEU,perm,mfh,1980,p2,0.16250305616484914
C-WEU-GRC,WEU,perm,mfh,1985,p2,0.06806833572016188
C-WEU-GRC,WEU,perm,mfh,1990,p2,0.06772668408965143
C-WEU-GRC,WEU,perm,mfh,1995,p3,0.10054367072243425
C-WEU-GRC,WEU,perm,mfh,2000,p3,0.09100363855657191
C-WEU-GRC,WEU,perm,mfh,2005,p3,0.07443191478698578
C-WEU-GRC,WEU,perm,mfh,2010,p3,0.08038518871161547
C-WEU-GRC,WEU,perm,mfh,2015,p3,0.01623968948691292
C-WEU-GRC,WEU,perm,mfh,2020,p3,0.007407820127579098
C-WEU-GRC,WEU,perm,sfh,1945,p1,0.035327967197346224
C-WEU-GRC,WEU,perm,sfh,1960,p2,0.07648523806867005
C-WEU-GRC,WEU,perm,sfh,1965,p2,0.0515163327897693
C-WEU-GRC,WEU,perm,sfh,1970,p2,0.07623441679036087
C-WEU-GRC,WEU,perm,sfh,1975,p2,0.09212604668677335
C-WEU-GRC,WEU,perm,sfh,1980,p2,0.16250305626516684
C-WEU-GRC,WEU,perm,sfh,1985,p2,0.06806833509800389
C-WEU-GRC,WEU,perm,sfh,1990,p2,0.06772668440851413
C-WEU-GRC,WEU,perm,sfh,1995,p3,0.10054367016204711
C-WEU-GRC,WEU,perm,sfh,2000,p3,0.0910036394202544
C-WEU-GRC,WEU,perm,sfh,2005,p3,0.07443191479132488
C-WEU-GRC,WEU,perm,sfh,2010,p3,0.08038518870727639
C-WEU-GRC,WEU,perm,sfh,2015,p3,0.01623968948691292
C-WEU-GRC,WEU,perm,sfh,2020,p3,0.007407820127579098
C-WEU-IRL,WEU,perm,mfh,1945,p1,0.14945693252791512
C-WEU-IRL,WEU,perm,mfh,1960,p2,0.07360556637931305
C-WEU-IRL,WEU,perm,mfh,1965,p2,0.0189352360482541
C-WEU-IRL,WEU,perm,mfh,1970,p2,0.03182444395497228
C-WEU-IRL,WEU,perm,mfh,1975,p2,0.06989966975155108
C-WEU-IRL,WEU,perm,mfh,1980,p2,0.0729320604562017
C-WEU-IRL,WEU,perm,mfh,1985,p2,0.07267677699514968
C-WEU-IRL,WEU,perm,mfh,1990,p2,0.029203560174820856
C-WEU-IRL,WEU,perm,mfh,1995,p3,0.055579969127748555
C-WEU-IRL,WEU,perm,mfh,2000,p3,0.0952662359319863
C-WEU-IRL,WEU,perm,mfh,2005,p3,0.13545216867024176
C-WEU-IRL,WEU,perm,mfh,2010,p3,0.11626000111367314
C-WEU-IRL,WEU,perm,mfh,2015,p3,0.027392406114548174
C-WEU-IRL,WEU,perm,mfh,2020,p3,0.05151497275362366
C-WEU-IRL,WEU,perm,sfh,1945,p1,0.14945693252791506
C-WEU-IRL,WEU,perm,sfh,1960,p2,0.07360556637931305
C-WEU-IRL,WEU,perm,sfh,1965,p2,0.0189352360482541
C-WEU-IRL,WEU,perm,sfh,1970,p2,0.031824443796375196
C-WEU-IRL,WEU,perm,sfh,1975,p2,0.06989967017180633
C-WEU-IRL,WEU,perm,sfh,1980,p2,0.07293206019454355
C-WEU-IRL,WEU,perm,sfh,1985,p2,0.07267677843657827
C-WEU-IRL,WEU,perm,sfh,1990,p2,0.0292035596136387
C-WEU-IRL,WEU,perm,sfh,1995,p3,0.05557996812228243
C-WEU-IRL,WEU,perm,sfh,2000,p3,0.095266236057206
C-WEU-IRL,WEU,perm,sfh,2005,p3,0.13545216978226868
C-WEU-IRL,WEU,perm,sfh,2010,p3,0.11626000000164623
C-WEU-IRL,WEU,perm,sfh,2015,p3,0.027392406114548174
C-WEU-IRL,WEU,perm,sfh,2020,p3,0.05151497275362366
C-WEU-ITA,WEU,perm,mfh,1945,p1,0.17059853924035243
C-WEU-ITA,WEU,perm,mfh,1960,p2,0.14349901313655253
C-WEU-ITA,WEU,perm,mfh,1965,p2,0.04980402115174414
C-WEU-ITA,WEU,perm,mfh,1970,p2,0.09845376726123226
C-WEU-ITA,WEU,perm,mfh,1975,p2,0.11146162967208824
C-WEU-ITA,WEU,perm,mfh,1980,p2,0.1058335098951723
C-WEU-ITA,WEU,perm,mfh,1985,p2,0.04963616892817379
C-WEU-ITA,WEU,perm,mfh,1990,p2,0.04673452765183491
C-WEU-ITA,WEU,perm,mfh,1995,p3,0.052559375582987594
C-WEU-ITA,WEU,perm,mfh,2000,p3,0.05591310004193089
C-WEU-ITA,WEU,perm,mfh,2005,p3,0.04093678066545464
C-WEU-ITA,WEU,perm,mfh,2010,p3,0.04668281401862696
C-WEU-ITA,WEU,perm,mfh,2015,p3,0.01906963827677148
C-WEU-ITA,WEU,perm,mfh,2020,p3,0.008817114477077219
C-WEU-ITA,WEU,perm,sfh,1945,p1,0.17059853924035243
C-WEU-ITA,WEU,perm,sfh,1960,p2,0.14349901313655253
C-WEU-ITA,WEU,perm,sfh,1965,p2,0.0498040211501054
C-WEU-ITA,WEU,perm,sfh,1970,p2,0.09845376706728262
C-WEU-ITA,WEU,perm,sfh,1975,p2,0.11146162930197158
C-WEU-ITA,WEU,perm,sfh,1980,p2,0.10583351046087736
C-WEU-ITA,WEU,perm,sfh,1985,p2,0.04963616900518174
C-WEU-ITA,WEU,perm,sfh,1990,p2,0.046734527532671453
C-WEU-ITA,WEU,perm,sfh,1995,p3,0.05255937547991984
C-WEU-ITA,WEU,perm,sfh,2000,p3,0.05591310018715414
C-WEU-ITA,WEU,perm,sfh,2005,p3,0.040936780839132464
C-WEU-ITA,WEU,perm,sfh,2010,p3,0.046682813844949135
C-WEU-ITA,WEU,perm,sfh,2015,p3,0.01906963827677148
C-WEU-ITA,WEU,perm,sfh,2020,p3,0.008817114477077219
C-WEU-LUX,WEU,perm,mfh,1945,p1,0.18856430221157433
C-WEU-LUX,WEU,perm,mfh,1960,p2,0.10255863277035482
C-WEU-LUX,WEU,perm,mfh,1965,p2,0.0428027915021005
C-WEU-LUX,WEU,perm,mfh,1970,p2,0.0392956972260567
C-WEU-LUX,WEU,perm,mfh,1975,p2,0.0640988219627652
C-WEU-LUX,WEU,perm,mfh,1980,p2,0.044615076750978
C-WEU-LUX,WEU,perm,mfh,1985,p2,0.025923684076679835
C-WEU-LUX,WEU,perm,mfh,1990,p2,0.059917440567011385
C-WEU-LUX,WEU,perm,mfh,1995,p3,0.04832391754883514
C-WEU-LUX,WEU,perm,mfh,2000,p3,0.07433255588429402
C-WEU-LUX,WEU,perm,mfh,2005,p3,0.05638358054741341
C-WEU-LUX,WEU,perm,mfh,2010,p3,0.08013836905117204
C-WEU-LUX,WEU,perm,mfh,2015,p3,0.0754749490283595
C-WEU-LUX,WEU,perm,mfh,2020,p3,0.0975701808724047
C-WEU-LUX,WEU,perm,sfh,1945,p1,0.18856430221157433
C-WEU-LUX,WEU,perm,sfh,1960,p2,0.10255863277035482
C-WEU-LUX,WEU,perm,sfh,1965,p2,0.0428027917830279
C-WEU-LUX,WEU,perm,sfh,1970,p2,0.039295697483966
C-WEU-LUX,WEU,perm,sfh,1975,p2,0.0640988223834648
C-WEU-LUX,WEU,perm,sfh,1980,p2,0.0446150757914416
C-WEU-LUX,WEU,perm,sfh,1985,p2,0.02592366653321395
C-WEU-LUX,WEU,perm,sfh,1990,p2,0.05991745934821684
C-WEU-LUX,WEU,perm,sfh,1995,p3,0.04832390815367285
C-WEU-LUX,WEU,perm,sfh,2000,p3,0.07433256404171673
C-WEU-LUX,WEU,perm,sfh,2005,p3,0.05638358087039217
C-WEU-LUX,WEU,perm,sfh,2010,p3,0.08013836872819324
C-WEU-LUX,WEU,perm,sfh,2015,p3,0.0754749490283595
C-WEU-LUX,WEU,perm,sfh,2020,p3,0.0975701808724047
C-WEU-MLT,WEU,perm,mfh,1945,p1,0.08174249055488284
C-WEU-MLT,WEU,perm,mfh,1960,p2,0.05155076045456208
C-WEU-MLT,WEU,perm,mfh,1965,p2,0.0013216019380428833
C-WEU-MLT,WEU,perm,mfh,1970,p2,0.025187627474829756
C-WEU-MLT,WEU,perm,mfh,1975,p2,0.03524702995594933
C-WEU-MLT,WEU,perm,mfh,1980,p2,0.07952490057762471
C-WEU-MLT,WEU,perm,mfh,1985,p2,0.058768325242103174
C-WEU-MLT,WEU,perm,mfh,1990,p2,0.05475871026174137
C-WEU-MLT,WEU,perm,mfh,1995,p3,0.057938129309908194
C-WEU-MLT,WEU,perm,mfh,2000,p3,0.04992100483619597
C-WEU-MLT,WEU,perm,mfh,2005,p3,0.05877066767604894
C-WEU-MLT,WEU,perm,mfh,2010,p3,0.054970255318337075
C-WEU-MLT,WEU,perm,mfh,2015,p3,0.13217039741137374
C-WEU-MLT,WEU,perm,mfh,2020,p3,0.2581280989883995
C-WEU-MLT,WEU,perm,sfh,1945,p1,0.08174249055488282
C-WEU-MLT,WEU,perm,sfh,1960,p2,0.05155076045456208
C-WEU-MLT,WEU,perm,sfh,1965,p2,0.0013216111484826846
C-WEU-MLT,WEU,perm,sfh,1970,p2,0.025187627337299106
C-WEU-MLT,WEU,perm,sfh,1975,p2,0.035247018131484904
C-WEU-MLT,WEU,perm,sfh,1980,p2,0.07952490332917998
C-WEU-MLT,WEU,perm,sfh,1985,p2,0.05876832226042778
C-WEU-MLT,WEU,perm,sfh,1990,p2,0.05475870853542175
C-WEU-MLT,WEU,perm,sfh,1995,p3,0.057938134807456784
C-WEU-MLT,WEU,perm,sfh,2000,p3,0.049921004046642466
C-WEU-MLT,WEU,perm,sfh,2005,p3,0.05877066684823217
C-WEU-MLT,WEU,perm,sfh,2010,p3,0.054970256146153855
C-WEU-MLT,WEU,perm,sfh,2015,p3,0.13217039741137374
C-WEU-MLT,WEU,perm,sfh,2020,p3,0.2581280989883995
C-WEU-NLD,WEU,perm,mfh,1945,p1,0.18244310180077214
C-WEU-NLD,WEU,perm,mfh,1960,p2,0.10374790074656888
C-WEU-NLD,WEU,perm,mfh,1965,p2,0.06015751506795399
C-WEU-NLD,WEU,perm,mfh,1970,p2,0.08069665417751577
C-WEU-NLD,WEU,perm,mfh,1975,p2,0.07819703718466006
C-WEU-NLD,WEU,perm,mfh,1980,p2,0.07203192728296937
C-WEU-NLD,WEU,perm,mfh,1985,p2,0.06261072085559051
C-WEU-NLD,WEU,perm,mfh,1990,p2,0.07427787488537821
C-WEU-NLD,WEU,perm,mfh,1995,p3,0.060387848417134654
C-WEU-NLD,WEU,perm,mfh,2000,p3,0.06236916500129994
C-WEU-NLD,WEU,perm,mfh,2005,p3,0.047586726579989344
C-WEU-NLD,WEU,perm,mfh,2010,p3,0.04365110383990581
C-WEU-NLD,WEU,perm,mfh,2015,p3,0.031351357492217596
C-WEU-NLD,WEU,perm,mfh,2020,p3,0.040491066668043176
C-WEU-NLD,WEU,perm,sfh,1945,p1,0.18244310180077214
C-WEU-NLD,WEU,perm,sfh,1960,p2,0.10374790074656888
C-WEU-NLD,WEU,perm,sfh,1965,p2,0.060157515932439495
C-WEU-NLD,WEU,perm,sfh,1970,p2,0.08069665330411056
C-WEU-NLD,WEU,perm,sfh,1975,p2,0.07819703729175763
C-WEU-NLD,WEU,perm,sfh,1980,p2,0.07203192718479152
C-WEU-NLD,WEU,perm,sfh,1985,p2,0.06261072101334264
C-WEU-NLD,WEU,perm,sfh,1990,p2,0.07427787472762608
C-WEU-NLD,WEU,perm,sfh,1995,p3,0.060387848417134654
C-WEU-NLD,WEU,perm,sfh,2000,p3,0.06236916500129994
C-WEU-NLD,WEU,perm,sfh,2005,p3,0.047586726579989344
C-WEU-NLD,WEU,perm,sfh,2010,p3,0.04365110383990581
C-WEU-NLD,WEU,perm,sfh,2015,p3,0.031351357492217596
C-WEU-NLD,WEU,perm,sfh,2020,p3,0.040491066668043176
C-WEU-PRT,WEU,perm,mfh,1945,p1,0.0720410722170832
C-WEU-PRT,WEU,perm,mfh,1960,p2,0.0753980907743309
C-WEU-PRT,WEU,perm,mfh,1965,p2,0.02083073804299117
C-WEU-PRT,WEU,perm,mfh,1970,p2,0.023848360143199562
C-WEU-PRT,WEU,perm,mfh,1975,p2,0.09708193520702446
C-WEU-PRT,WEU,perm,mfh,1980,p2,0.11130233616514999
C-WEU-PRT,WEU,perm,mfh,1985,p2,0.11833148258047738
C-WEU-PRT,WEU,perm,mfh,1990,p2,0.05164023589834708
C-WEU-PRT,WEU,perm,mfh,1995,p3,0.10503693080905946
C-WEU-PRT,WEU,perm,mfh,2000,p3,0.10540250424268308
C-WEU-PRT,WEU,perm,mfh,2005,p3,0.11804409899330057
C-WEU-PRT,WEU,perm,mfh,2010,p3,0.07104900588813073
C-WEU-PRT,WEU,perm,mfh,2015,p3,0.013462066076423185
C-WEU-PRT,WEU,perm,mfh,2020,p3,0.01653114296179879
C-WEU-PRT,WEU,perm,sfh,1945,p1,0.07204107221708321
C-WEU-PRT,WEU,perm,sfh,1960,p2,0.0753980907743309
C-WEU-PRT,WEU,perm,sfh,1965,p2,0.02083073804299117
C-WEU-PRT,WEU,perm,sfh,1970,p2,0.023848360143199562
C-WEU-PRT,WEU,perm,sfh,1975,p2,0.09708193489007548
C-WEU-PRT,WEU,perm,sfh,1980,p2,0.11130233648209897
C-WEU-PRT,WEU,perm,sfh,1985,p2,0.11833148833062251
C-WEU-PRT,WEU,perm,sfh,1990,p2,0.051640235647575715
C-WEU-PRT,WEU,perm,sfh,1995,p3,0.10503692780832183
C-WEU-PRT,WEU,perm,sfh,2000,p3,0.10540250174404692
C-WEU-PRT,WEU,perm,sfh,2005,p3,0.11804410461471435
C-WEU-PRT,WEU,perm,sfh,2010,p3,0.07104900026671693
C-WEU-PRT,WEU,perm,sfh,2015,p3,0.013462066076423185
C-WEU-PRT,WEU,perm,sfh,2020,p3,0.01653114296179879
C-WEU-SWE,WEU,perm,mfh,1945,p1,0.22609054680912552
C-WEU-SWE,WEU,perm,mfh,1960,p2,0.16702815113685326
C-WEU-SWE,WEU,perm,mfh,1965,p2,0.05603905858980106
C-WEU-SWE,WEU,perm,mfh,1970,p2,0.07393369304385428
C-WEU-SWE,WEU,perm,mfh,1975,p2,0.04685400829699129
C-WEU-SWE,WEU,perm,mfh,1980,p2,0.16535366124289563
C-WEU-SWE,WEU,perm,mfh,1985,p2,0.02689341980551292
C-WEU-SWE,WEU,perm,mfh,1990,p2,0.04124903752798708
C-WEU-SWE,WEU,perm,mfh,1995,p3,0.04052335292723523
C-WEU-SWE,WEU,perm,mfh,2000,p3,0.028900913517118022
C-WEU-SWE,WEU,perm,mfh,2005,p3,0.02082650458825693
C-WEU-SWE,WEU,perm,mfh,2010,p3,0.029172218295142136
C-WEU-SWE,WEU,perm,mfh,2015,p3,0.028485510479847157
C-WEU-SWE,WEU,perm,mfh,2020,p3,0.04864992373937886
C-WEU-SWE,WEU,perm,sfh,1945,p1,0.2260905468091255
C-WEU-SWE,WEU,perm,sfh,1960,p2,0.16702815113685326
C-WEU-SWE,WEU,perm,sfh,1965,p2,0.05603905858980106
C-WEU-SWE,WEU,perm,sfh,1970,p2,0.07393369304385428
C-WEU-SWE,WEU,perm,sfh,1975,p2,0.04685400829699129
C-WEU-SWE,WEU,perm,sfh,1980,p2,0.16535366124289563
C-WEU-SWE,WEU,perm,sfh,1985,p2,0.026893419752833547
C-WEU-SWE,WEU,perm,sfh,1990,p2,0.0412490373646005
C-WEU-SWE,WEU,perm,sfh,1995,p3,0.040523352949161595
C-WEU-SWE,WEU,perm,sfh,2000,p3,0.02890091371125761
C-WEU-SWE,WEU,perm,sfh,2005,p3,0.020826504832420392
C-WEU-SWE,WEU,perm,sfh,2010,p3,0.029172218050978662
C-WEU-SWE,WEU,perm,sfh,2015,p3,0.028485510479847157
C-WEU-SWE,WEU,perm,sfh,2020,p3,0.04864992373937886
